# partition_probe.py 40 against the OLD app/pg_store.py (origin/main: no keepalives, no tcp_user_timeout)
# date: 2026-10-08T00:17:32Z   branch commit: c0a5481   app/pg_store.py sha256: 0de52aa70faffcf7 (_link_kwargs mentions: 0); in the running app container: 0
# 3 reader threads + 1 /ready thread, warmed pool, client timeout 90 s; the database is cut off at t=~2 s and reconnected at t=~42 s. Rows: (kind, start s, end s, HTTP status), only requests that overlap the partition or did not return 200
cut at 2.0 healed at 42.4
('ready', 2.0, 54.6, 503)
('read', 2.1, 54.6, 503)
('read', 2.1, 54.6, 503)
('read', 2.1, 54.6, 503)
('read', 54.6, 54.6, 200)
('read', 54.6, 54.6, 200)
('read', 54.6, 54.6, 200)
('read', 54.6, 54.6, 200)
('read', 54.6, 54.6, 200)
('read', 54.6, 54.6, 200)
('read', 54.6, 54.6, 200)
('read', 54.6, 54.6, 200)
('read', 54.6, 54.6, 200)
('read', 54.6, 54.6, 200)
('read', 54.6, 54.6, 200)
('read', 54.6, 54.6, 200)
('read', 54.6, 54.6, 200)
('read', 54.6, 54.6, 200)
('read', 54.6, 54.6, 200)
('read', 54.6, 54.6, 200)
('read', 54.6, 54.6, 200)
('read', 54.6, 54.6, 200)
('read', 54.6, 54.7, 200)
('read', 54.6, 54.7, 200)
('read', 54.6, 54.7, 200)
('ready', 54.6, 54.7, 200)
('read', 54.7, 54.7, 200)
('read', 54.7, 54.7, 200)
('read', 54.7, 54.7, 200)
('read', 54.7, 54.7, 200)
('read', 54.7, 54.7, 200)
('read', 54.7, 54.7, 200)
('read', 54.7, 54.7, 200)
('read', 54.7, 54.7, 200)
('read', 54.7, 54.7, 200)
('read', 54.7, 54.7, 200)
('read', 54.7, 54.7, 200)
('read', 54.7, 54.7, 200)
('read', 54.7, 54.7, 200)
('read', 54.7, 54.7, 200)
('read', 54.7, 54.7, 200)
('read', 54.7, 54.7, 200)
('read', 54.7, 54.7, 200)
('read', 54.7, 54.7, 200)
('read', 54.7, 54.7, 200)
('read', 54.7, 54.7, 200)
('read', 54.7, 54.7, 200)
('read', 54.7, 54.7, 200)
('read', 54.7, 54.7, 200)
('read', 54.7, 54.7, 200)
('read', 54.7, 54.7, 200)
('read', 54.7, 54.7, 200)
('read', 54.7, 54.7, 200)
('read', 54.7, 54.7, 200)
('read', 54.7, 54.7, 200)
('ready', 54.7, 54.7, 200)
('read', 54.7, 54.7, 200)
('read', 54.7, 54.8, 200)
('read', 54.7, 54.8, 200)
('read', 54.7, 54.8, 200)
('ready', 54.7, 54.8, 200)
('read', 54.8, 54.8, 200)
('read', 54.8, 54.8, 200)
('read', 54.8, 54.8, 200)
('read', 54.8, 54.8, 200)
('read', 54.8, 54.8, 200)
('read', 54.8, 54.8, 200)
('read', 54.8, 54.8, 200)
('read', 54.8, 54.8, 200)
('read', 54.8, 54.8, 200)
('read', 54.8, 54.8, 200)
('read', 54.8, 54.8, 200)
('read', 54.8, 54.8, 200)
('read', 54.8, 54.8, 200)
('read', 54.8, 54.8, 200)
('read', 54.8, 54.8, 200)
('read', 54.8, 54.8, 200)
('read', 54.8, 54.8, 200)
('read', 54.8, 54.8, 200)
('read', 54.8, 54.8, 200)
('read', 54.8, 54.8, 200)
('read', 54.8, 54.8, 200)
('read', 54.8, 54.8, 200)
('read', 54.8, 54.8, 200)
('read', 54.8, 54.8, 200)
('read', 54.8, 54.8, 200)
('read', 54.8, 54.8, 200)
('read', 54.8, 54.8, 200)
('read', 54.8, 54.8, 200)
('read', 54.8, 54.8, 200)
('read', 54.8, 54.8, 200)
('read', 54.8, 54.8, 200)
('read', 54.8, 54.9, 200)
('read', 54.8, 54.9, 200)
('read', 54.8, 54.9, 200)
('ready', 54.8, 54.9, 200)
('read', 54.9, 54.9, 200)
('read', 54.9, 54.9, 200)
('read', 54.9, 54.9, 200)
('read', 54.9, 54.9, 200)
('read', 54.9, 54.9, 200)
('read', 54.9, 54.9, 200)
('read', 54.9, 54.9, 200)
('read', 54.9, 54.9, 200)
('read', 54.9, 54.9, 200)
('read', 54.9, 54.9, 200)
('read', 54.9, 54.9, 200)
('read', 54.9, 54.9, 200)
('read', 54.9, 54.9, 200)
('read', 54.9, 54.9, 200)
('read', 54.9, 54.9, 200)
('read', 54.9, 54.9, 200)
('read', 54.9, 54.9, 200)
('read', 54.9, 54.9, 200)
('read', 54.9, 54.9, 200)
('read', 54.9, 54.9, 200)
('read', 54.9, 54.9, 200)
('read', 54.9, 54.9, 200)
('read', 54.9, 54.9, 200)
('read', 54.9, 54.9, 200)
('read', 54.9, 54.9, 200)
('read', 54.9, 54.9, 200)
('read', 54.9, 54.9, 200)
('read', 54.9, 54.9, 200)
('read', 54.9, 54.9, 200)
('read', 54.9, 54.9, 200)
('read', 54.9, 54.9, 200)
('read', 54.9, 55.0, 200)
('read', 54.9, 55.0, 200)
('ready', 54.9, 55.0, 200)
('read', 54.9, 55.0, 200)
('read', 55.0, 55.0, 200)
('read', 55.0, 55.0, 200)
('read', 55.0, 55.0, 200)
('read', 55.0, 55.0, 200)
('read', 55.0, 55.0, 200)
('read', 55.0, 55.0, 200)
('read', 55.0, 55.0, 200)
('read', 55.0, 55.0, 200)
('read', 55.0, 55.0, 200)
('read', 55.0, 55.0, 200)
('read', 55.0, 55.0, 200)
('read', 55.0, 55.0, 200)
('read', 55.0, 55.0, 200)
('read', 55.0, 55.0, 200)
('read', 55.0, 55.0, 200)
('read', 55.0, 55.0, 200)
('read', 55.0, 55.0, 200)
('read', 55.0, 55.0, 200)
('read', 55.0, 55.0, 200)
('read', 55.0, 55.0, 200)
('read', 55.0, 55.0, 200)
('read', 55.0, 55.0, 200)
('read', 55.0, 55.0, 200)
('read', 55.0, 55.0, 200)
('read', 55.0, 55.0, 200)
('ready', 55.0, 55.0, 200)
('read', 55.0, 55.0, 200)
('read', 55.0, 55.0, 200)
('read', 55.0, 55.0, 200)
('read', 55.0, 55.0, 200)
('read', 55.0, 55.0, 200)
('read', 55.0, 55.0, 200)
('read', 55.0, 55.0, 200)
('read', 55.0, 55.1, 200)
('read', 55.0, 55.1, 200)
('read', 55.0, 55.1, 200)
('ready', 55.0, 55.1, 200)
('read', 55.1, 55.1, 200)
('read', 55.1, 55.1, 200)
('read', 55.1, 55.1, 200)
('read', 55.1, 55.1, 200)
('read', 55.1, 55.1, 200)
('read', 55.1, 55.1, 200)
('read', 55.1, 55.1, 200)
('read', 55.1, 55.1, 200)
('read', 55.1, 55.1, 200)
('read', 55.1, 55.1, 200)
('read', 55.1, 55.1, 200)
('read', 55.1, 55.1, 200)
('read', 55.1, 55.1, 200)
('read', 55.1, 55.1, 200)
('read', 55.1, 55.1, 200)
('read', 55.1, 55.1, 200)
('read', 55.1, 55.1, 200)
('read', 55.1, 55.1, 200)
('read', 55.1, 55.1, 200)
('read', 55.1, 55.1, 200)
('read', 55.1, 55.2, 200)
('read', 55.1, 55.2, 200)
('read', 55.1, 55.2, 200)
('ready', 55.1, 55.2, 200)
('read', 55.2, 55.2, 200)
('read', 55.2, 55.2, 200)
('read', 55.2, 55.2, 200)
('read', 55.2, 55.2, 200)
('read', 55.2, 55.2, 200)
('read', 55.2, 55.2, 200)
('read', 55.2, 55.2, 200)
('read', 55.2, 55.2, 200)
('read', 55.2, 55.2, 200)
('read', 55.2, 55.2, 200)
('read', 55.2, 55.2, 200)
('read', 55.2, 55.2, 200)
('read', 55.2, 55.2, 200)
('read', 55.2, 55.2, 200)
('read', 55.2, 55.2, 200)
('read', 55.2, 55.2, 200)
('read', 55.2, 55.2, 200)
('read', 55.2, 55.2, 200)
('read', 55.2, 55.2, 200)
('read', 55.2, 55.2, 200)
('read', 55.2, 55.2, 200)
('read', 55.2, 55.2, 200)
('read', 55.2, 55.2, 200)
('read', 55.2, 55.2, 200)
('read', 55.2, 55.2, 200)
('read', 55.2, 55.2, 200)
('read', 55.2, 55.2, 200)
('read', 55.2, 55.2, 200)
('read', 55.2, 55.2, 200)
('read', 55.2, 55.3, 200)
('read', 55.2, 55.3, 200)
('read', 55.2, 55.3, 200)
('ready', 55.2, 55.3, 200)
('read', 55.3, 55.3, 200)
('read', 55.3, 55.3, 200)
('read', 55.3, 55.3, 200)
('read', 55.3, 55.3, 200)
('read', 55.3, 55.3, 200)
('read', 55.3, 55.3, 200)
('read', 55.3, 55.3, 200)
('read', 55.3, 55.3, 200)
('read', 55.3, 55.3, 200)
('read', 55.3, 55.3, 200)
('read', 55.3, 55.3, 200)
('read', 55.3, 55.3, 200)
('read', 55.3, 55.3, 200)
('read', 55.3, 55.3, 200)
('read', 55.3, 55.3, 200)
('read', 55.3, 55.3, 200)
('read', 55.3, 55.3, 200)
('read', 55.3, 55.3, 200)
('read', 55.3, 55.3, 200)
('read', 55.3, 55.3, 200)
('read', 55.3, 55.3, 200)
('read', 55.3, 55.3, 200)
('read', 55.3, 55.3, 200)
('read', 55.3, 55.3, 200)
('read', 55.3, 55.3, 200)
('read', 55.3, 55.3, 200)
('read', 55.3, 55.3, 200)
('read', 55.3, 55.3, 200)
('read', 55.3, 55.3, 200)
('read', 55.3, 55.3, 200)
('read', 55.3, 55.4, 200)
('read', 55.3, 55.4, 200)
('read', 55.3, 55.4, 200)
('ready', 55.3, 55.4, 200)
('read', 55.4, 55.4, 200)
('read', 55.4, 55.4, 200)
('read', 55.4, 55.4, 200)
('read', 55.4, 55.4, 200)
('read', 55.4, 55.4, 200)
('read', 55.4, 55.4, 200)
('read', 55.4, 55.4, 200)
('read', 55.4, 55.4, 200)
('read', 55.4, 55.4, 200)
('read', 55.4, 55.4, 200)
('read', 55.4, 55.4, 200)
('read', 55.4, 55.4, 200)
('read', 55.4, 55.4, 200)
('read', 55.4, 55.4, 200)
('read', 55.4, 55.4, 200)
('read', 55.4, 55.4, 200)
('read', 55.4, 55.4, 200)
('read', 55.4, 55.4, 200)
('read', 55.4, 55.4, 200)
('read', 55.4, 55.4, 200)
('read', 55.4, 55.4, 200)
('read', 55.4, 55.4, 200)
('read', 55.4, 55.4, 200)
('read', 55.4, 55.4, 200)
('read', 55.4, 55.4, 200)
('read', 55.4, 55.4, 200)
('read', 55.4, 55.4, 200)
('read', 55.4, 55.4, 200)
('read', 55.4, 55.4, 200)
('read', 55.4, 55.4, 200)
('read', 55.4, 55.4, 200)
('read', 55.4, 55.5, 200)
('ready', 55.4, 55.5, 200)
('read', 55.4, 55.5, 200)
('read', 55.4, 55.5, 200)
('read', 55.5, 55.5, 200)
('read', 55.5, 55.5, 200)
('read', 55.5, 55.5, 200)
('read', 55.5, 55.5, 200)
('read', 55.5, 55.5, 200)
('read', 55.5, 55.5, 200)
('read', 55.5, 55.5, 200)
('read', 55.5, 55.5, 200)
('read', 55.5, 55.5, 200)
('read', 55.5, 55.5, 200)
('read', 55.5, 55.5, 200)
('read', 55.5, 55.5, 200)
('read', 55.5, 55.5, 200)
('read', 55.5, 55.5, 200)
('read', 55.5, 55.5, 200)
('read', 55.5, 55.5, 200)
('read', 55.5, 55.5, 200)
('read', 55.5, 55.5, 200)
('read', 55.5, 55.5, 200)
('read', 55.5, 55.5, 200)
('read', 55.5, 55.5, 200)
('ready', 55.5, 55.5, 200)
('read', 55.5, 55.5, 200)
('read', 55.5, 55.5, 200)
('read', 55.5, 55.5, 200)
('read', 55.5, 55.5, 200)
('read', 55.5, 55.5, 200)
('read', 55.5, 55.5, 200)
('read', 55.5, 55.5, 200)
('read', 55.5, 55.5, 200)
('read', 55.5, 55.5, 200)
('read', 55.5, 55.5, 200)
('read', 55.5, 55.5, 200)
('read', 55.5, 55.6, 200)
('read', 55.5, 55.6, 200)
('read', 55.5, 55.6, 200)
('ready', 55.5, 55.6, 200)
('read', 55.6, 55.6, 200)
('read', 55.6, 55.6, 200)
('read', 55.6, 55.6, 200)
('read', 55.6, 55.6, 200)
('read', 55.6, 55.6, 200)
('read', 55.6, 55.6, 200)
('read', 55.6, 55.6, 200)
('read', 55.6, 55.6, 200)
('read', 55.6, 55.6, 200)
('read', 55.6, 55.6, 200)
('read', 55.6, 55.6, 200)
('read', 55.6, 55.6, 200)
('read', 55.6, 55.6, 200)
('read', 55.6, 55.6, 200)
('read', 55.6, 55.6, 200)
('read', 55.6, 55.6, 200)
('read', 55.6, 55.6, 200)
('read', 55.6, 55.6, 200)
('read', 55.6, 55.6, 200)
('read', 55.6, 55.6, 200)
('read', 55.6, 55.6, 200)
('read', 55.6, 55.6, 200)
('read', 55.6, 55.6, 200)
('read', 55.6, 55.6, 200)
('read', 55.6, 55.6, 200)
('read', 55.6, 55.6, 200)
('read', 55.6, 55.6, 200)
('read', 55.6, 55.6, 200)
('read', 55.6, 55.6, 200)
('read', 55.6, 55.6, 200)
('read', 55.6, 55.6, 200)
('read', 55.6, 55.6, 200)
('read', 55.6, 55.7, 200)
('read', 55.6, 55.7, 200)
('read', 55.6, 55.7, 200)
('ready', 55.6, 55.7, 200)
('read', 55.7, 55.7, 200)
('read', 55.7, 55.7, 200)
('read', 55.7, 55.7, 200)
('read', 55.7, 55.7, 200)
('read', 55.7, 55.7, 200)
('read', 55.7, 55.7, 200)
('read', 55.7, 55.7, 200)
('read', 55.7, 55.7, 200)
('read', 55.7, 55.7, 200)
('read', 55.7, 55.7, 200)
('read', 55.7, 55.7, 200)
('read', 55.7, 55.7, 200)
('read', 55.7, 55.7, 200)
('read', 55.7, 55.7, 200)
('read', 55.7, 55.7, 200)
('read', 55.7, 55.7, 200)
('read', 55.7, 55.7, 200)
('read', 55.7, 55.7, 200)
('read', 55.7, 55.7, 200)
('read', 55.7, 55.7, 200)
('read', 55.7, 55.7, 200)
('read', 55.7, 55.7, 200)
('read', 55.7, 55.7, 200)
('read', 55.7, 55.7, 200)
('read', 55.7, 55.7, 200)
('read', 55.7, 55.7, 200)
('read', 55.7, 55.7, 200)
('read', 55.7, 55.7, 200)
('read', 55.7, 55.7, 200)
('ready', 55.7, 55.7, 200)
('read', 55.7, 55.7, 200)
('read', 55.7, 55.7, 200)
('read', 55.7, 55.8, 200)
('read', 55.7, 55.8, 200)
('read', 55.7, 55.8, 200)
('ready', 55.7, 55.8, 200)
('read', 55.8, 55.8, 200)
('read', 55.8, 55.8, 200)
('read', 55.8, 55.8, 200)
('read', 55.8, 55.8, 200)
('read', 55.8, 55.8, 200)
('read', 55.8, 55.8, 200)
('read', 55.8, 55.8, 200)
('read', 55.8, 55.8, 200)
('read', 55.8, 55.8, 200)
('read', 55.8, 55.8, 200)
('read', 55.8, 55.8, 200)
('read', 55.8, 55.8, 200)
('read', 55.8, 55.8, 200)
('read', 55.8, 55.8, 200)
('read', 55.8, 55.8, 200)
('read', 55.8, 55.8, 200)
('read', 55.8, 55.8, 200)
('read', 55.8, 55.8, 200)
('read', 55.8, 55.8, 200)
('read', 55.8, 55.8, 200)
('read', 55.8, 55.8, 200)
('read', 55.8, 55.8, 200)
('read', 55.8, 55.8, 200)
('read', 55.8, 55.8, 200)
('read', 55.8, 55.8, 200)
('read', 55.8, 55.8, 200)
('read', 55.8, 55.8, 200)
('read', 55.8, 55.8, 200)
('read', 55.8, 55.8, 200)
('read', 55.8, 55.8, 200)
('read', 55.8, 55.8, 200)
('read', 55.8, 55.8, 200)
('read', 55.8, 55.9, 200)
('read', 55.8, 55.9, 200)
('read', 55.8, 55.9, 200)
('ready', 55.8, 55.9, 200)
('read', 55.9, 55.9, 200)
('read', 55.9, 55.9, 200)
('read', 55.9, 55.9, 200)
('read', 55.9, 55.9, 200)
('read', 55.9, 55.9, 200)
('read', 55.9, 55.9, 200)
('read', 55.9, 55.9, 200)
('read', 55.9, 55.9, 200)
('read', 55.9, 55.9, 200)
('read', 55.9, 55.9, 200)
('read', 55.9, 55.9, 200)
('read', 55.9, 55.9, 200)
('read', 55.9, 55.9, 200)
('read', 55.9, 55.9, 200)
('read', 55.9, 55.9, 200)
('read', 55.9, 55.9, 200)
('read', 55.9, 55.9, 200)
('read', 55.9, 55.9, 200)
('read', 55.9, 55.9, 200)
('read', 55.9, 55.9, 200)
('read', 55.9, 55.9, 200)
('read', 55.9, 55.9, 200)
('read', 55.9, 55.9, 200)
('read', 55.9, 55.9, 200)
('read', 55.9, 55.9, 200)
('read', 55.9, 55.9, 200)
('read', 55.9, 55.9, 200)
('ready', 55.9, 55.9, 200)
('read', 55.9, 55.9, 200)
('read', 55.9, 55.9, 200)
('read', 55.9, 55.9, 200)
('read', 55.9, 55.9, 200)
('read', 55.9, 55.9, 200)
('read', 55.9, 56.0, 200)
('read', 55.9, 56.0, 200)
('read', 55.9, 56.0, 200)
('ready', 55.9, 56.0, 200)
('read', 56.0, 56.0, 200)
('read', 56.0, 56.0, 200)
('read', 56.0, 56.0, 200)
('read', 56.0, 56.0, 200)
('read', 56.0, 56.0, 200)
('read', 56.0, 56.0, 200)
('read', 56.0, 56.0, 200)
('read', 56.0, 56.0, 200)
('read', 56.0, 56.0, 200)
('read', 56.0, 56.0, 200)
('read', 56.0, 56.0, 200)
('read', 56.0, 56.0, 200)
('read', 56.0, 56.0, 200)
('read', 56.0, 56.0, 200)
('read', 56.0, 56.0, 200)
('read', 56.0, 56.0, 200)
('read', 56.0, 56.0, 200)
('read', 56.0, 56.0, 200)
('read', 56.0, 56.0, 200)
('read', 56.0, 56.0, 200)
('read', 56.0, 56.0, 200)
('read', 56.0, 56.0, 200)
('read', 56.0, 56.0, 200)
('read', 56.0, 56.0, 200)
('read', 56.0, 56.0, 200)
('read', 56.0, 56.0, 200)
('read', 56.0, 56.0, 200)
('read', 56.0, 56.0, 200)
('read', 56.0, 56.0, 200)
('read', 56.0, 56.0, 200)
('read', 56.0, 56.0, 200)
('read', 56.0, 56.1, 200)
('read', 56.0, 56.1, 200)
('read', 56.0, 56.1, 200)
('ready', 56.0, 56.1, 200)
('read', 56.1, 56.1, 200)
('read', 56.1, 56.1, 200)
('read', 56.1, 56.1, 200)
('read', 56.1, 56.1, 200)
('read', 56.1, 56.1, 200)
('read', 56.1, 56.1, 200)
('read', 56.1, 56.1, 200)
('read', 56.1, 56.1, 200)
('read', 56.1, 56.1, 200)
('read', 56.1, 56.1, 200)
('read', 56.1, 56.1, 200)
('read', 56.1, 56.1, 200)
('read', 56.1, 56.1, 200)
('read', 56.1, 56.1, 200)
('read', 56.1, 56.1, 200)
('read', 56.1, 56.1, 200)
('read', 56.1, 56.1, 200)
('read', 56.1, 56.1, 200)
('read', 56.1, 56.1, 200)
('read', 56.1, 56.1, 200)
('read', 56.1, 56.1, 200)
('read', 56.1, 56.1, 200)
('read', 56.1, 56.1, 200)
('read', 56.1, 56.1, 200)
('read', 56.1, 56.1, 200)
('read', 56.1, 56.1, 200)
('read', 56.1, 56.1, 200)
('read', 56.1, 56.1, 200)
('read', 56.1, 56.1, 200)
('read', 56.1, 56.1, 200)
('read', 56.1, 56.1, 200)
('read', 56.1, 56.1, 200)
('read', 56.1, 56.2, 200)
('read', 56.1, 56.2, 200)
('read', 56.1, 56.2, 200)
('ready', 56.1, 56.2, 200)
('read', 56.2, 56.2, 200)
('read', 56.2, 56.2, 200)
('read', 56.2, 56.2, 200)
('read', 56.2, 56.2, 200)
('read', 56.2, 56.2, 200)
('read', 56.2, 56.2, 200)
('read', 56.2, 56.2, 200)
('read', 56.2, 56.2, 200)
('read', 56.2, 56.2, 200)
('read', 56.2, 56.2, 200)
('read', 56.2, 56.2, 200)
('read', 56.2, 56.2, 200)
('read', 56.2, 56.2, 200)
('read', 56.2, 56.2, 200)
('read', 56.2, 56.2, 200)
('read', 56.2, 56.2, 200)
('read', 56.2, 56.2, 200)
('read', 56.2, 56.2, 200)
('read', 56.2, 56.2, 200)
('read', 56.2, 56.2, 200)
('read', 56.2, 56.2, 200)
('read', 56.2, 56.2, 200)
('read', 56.2, 56.2, 200)
('read', 56.2, 56.2, 200)
('read', 56.2, 56.2, 200)
('ready', 56.2, 56.2, 200)
('read', 56.2, 56.2, 200)
('read', 56.2, 56.2, 200)
('read', 56.2, 56.2, 200)
('read', 56.2, 56.2, 200)
('read', 56.2, 56.2, 200)
('read', 56.2, 56.2, 200)
('read', 56.2, 56.3, 200)
('read', 56.2, 56.3, 200)
('read', 56.2, 56.3, 200)
('ready', 56.2, 56.3, 200)
('read', 56.3, 56.3, 200)
('read', 56.3, 56.3, 200)
('read', 56.3, 56.3, 200)
('read', 56.3, 56.3, 200)
('read', 56.3, 56.3, 200)
('read', 56.3, 56.3, 200)
('read', 56.3, 56.3, 200)
('read', 56.3, 56.3, 200)
('read', 56.3, 56.3, 200)
('read', 56.3, 56.3, 200)
('read', 56.3, 56.3, 200)
('read', 56.3, 56.3, 200)
('read', 56.3, 56.3, 200)
('read', 56.3, 56.3, 200)
('read', 56.3, 56.3, 200)
('read', 56.3, 56.3, 200)
('read', 56.3, 56.3, 200)
('read', 56.3, 56.3, 200)
('read', 56.3, 56.3, 200)
('read', 56.3, 56.3, 200)
('read', 56.3, 56.3, 200)
('read', 56.3, 56.3, 200)
('read', 56.3, 56.3, 200)
('read', 56.3, 56.3, 200)
('read', 56.3, 56.3, 200)
('read', 56.3, 56.3, 200)
('read', 56.3, 56.3, 200)
('read', 56.3, 56.3, 200)
('read', 56.3, 56.3, 200)
('read', 56.3, 56.3, 200)
('read', 56.3, 56.3, 200)
('read', 56.3, 56.4, 200)
('read', 56.3, 56.4, 200)
('read', 56.3, 56.4, 200)
('ready', 56.3, 56.4, 200)
('read', 56.4, 56.4, 200)
('read', 56.4, 56.4, 200)
('read', 56.4, 56.4, 200)
('read', 56.4, 56.4, 200)
('read', 56.4, 56.4, 200)
('read', 56.4, 56.4, 200)
('read', 56.4, 56.4, 200)
('read', 56.4, 56.4, 200)
('read', 56.4, 56.4, 200)
('read', 56.4, 56.4, 200)
('read', 56.4, 56.4, 200)
('read', 56.4, 56.4, 200)
('read', 56.4, 56.4, 200)
('read', 56.4, 56.4, 200)
('read', 56.4, 56.4, 200)
('read', 56.4, 56.4, 200)
('read', 56.4, 56.4, 200)
('read', 56.4, 56.4, 200)
('read', 56.4, 56.4, 200)
('read', 56.4, 56.4, 200)
('read', 56.4, 56.4, 200)
('read', 56.4, 56.4, 200)
('read', 56.4, 56.4, 200)
('read', 56.4, 56.4, 200)
('read', 56.4, 56.4, 200)
('read', 56.4, 56.4, 200)
('read', 56.4, 56.4, 200)
('read', 56.4, 56.4, 200)
('read', 56.4, 56.4, 200)
('read', 56.4, 56.4, 200)
('ready', 56.4, 56.5, 200)
('read', 56.4, 56.5, 200)
('read', 56.4, 56.5, 200)
('read', 56.4, 56.5, 200)
('read', 56.5, 56.5, 200)
('read', 56.5, 56.5, 200)
('read', 56.5, 56.5, 200)
('read', 56.5, 56.5, 200)
('read', 56.5, 56.5, 200)
('read', 56.5, 56.5, 200)
('read', 56.5, 56.5, 200)
('read', 56.5, 56.5, 200)
('read', 56.5, 56.5, 200)
('read', 56.5, 56.5, 200)
('read', 56.5, 56.5, 200)
('read', 56.5, 56.5, 200)
('read', 56.5, 56.5, 200)
('read', 56.5, 56.5, 200)
('read', 56.5, 56.5, 200)
('read', 56.5, 56.5, 200)
('read', 56.5, 56.5, 200)
('read', 56.5, 56.5, 200)
('read', 56.5, 56.5, 200)
('read', 56.5, 56.5, 200)
('read', 56.5, 56.5, 200)
('read', 56.5, 56.5, 200)
('read', 56.5, 56.5, 200)
('ready', 56.5, 56.5, 200)
('read', 56.5, 56.5, 200)
('read', 56.5, 56.5, 200)
('read', 56.5, 56.5, 200)
('read', 56.5, 56.5, 200)
('read', 56.5, 56.5, 200)
('read', 56.5, 56.5, 200)
('read', 56.5, 56.5, 200)
('read', 56.5, 56.5, 200)
('read', 56.5, 56.6, 200)
('read', 56.5, 56.6, 200)
('read', 56.5, 56.6, 200)
('ready', 56.5, 56.6, 200)
('read', 56.6, 56.6, 200)
('read', 56.6, 56.6, 200)
('read', 56.6, 56.6, 200)
('read', 56.6, 56.6, 200)
('read', 56.6, 56.6, 200)
('read', 56.6, 56.6, 200)
('read', 56.6, 56.6, 200)
('read', 56.6, 56.6, 200)
('read', 56.6, 56.6, 200)
('read', 56.6, 56.6, 200)
('read', 56.6, 56.6, 200)
('read', 56.6, 56.6, 200)
('read', 56.6, 56.6, 200)
('read', 56.6, 56.6, 200)
('read', 56.6, 56.6, 200)
('read', 56.6, 56.6, 200)
('read', 56.6, 56.6, 200)
('read', 56.6, 56.6, 200)
('read', 56.6, 56.6, 200)
('read', 56.6, 56.6, 200)
('read', 56.6, 56.6, 200)
('read', 56.6, 56.6, 200)
('read', 56.6, 56.6, 200)
('read', 56.6, 56.6, 200)
('read', 56.6, 56.6, 200)
('read', 56.6, 56.6, 200)
('read', 56.6, 56.6, 200)
('read', 56.6, 56.6, 200)
('read', 56.6, 56.6, 200)
('read', 56.6, 56.6, 200)
('read', 56.6, 56.7, 200)
('read', 56.6, 56.7, 200)
('read', 56.6, 56.7, 200)
('ready', 56.6, 56.7, 200)
('read', 56.7, 56.7, 200)
('read', 56.7, 56.7, 200)
('read', 56.7, 56.7, 200)
('read', 56.7, 56.7, 200)
('read', 56.7, 56.7, 200)
('read', 56.7, 56.7, 200)
('read', 56.7, 56.7, 200)
('read', 56.7, 56.7, 200)
('read', 56.7, 56.7, 200)
('read', 56.7, 56.7, 200)
('read', 56.7, 56.7, 200)
('read', 56.7, 56.7, 200)
('read', 56.7, 56.7, 200)
('read', 56.7, 56.7, 200)
('read', 56.7, 56.7, 200)
('read', 56.7, 56.7, 200)
('read', 56.7, 56.7, 200)
('read', 56.7, 56.7, 200)
('read', 56.7, 56.7, 200)
('read', 56.7, 56.7, 200)
('read', 56.7, 56.7, 200)
('read', 56.7, 56.7, 200)
('read', 56.7, 56.7, 200)
('read', 56.7, 56.7, 200)
('read', 56.7, 56.7, 200)
('read', 56.7, 56.7, 200)
('ready', 56.7, 56.7, 200)
('read', 56.7, 56.7, 200)
('read', 56.7, 56.7, 200)
('read', 56.7, 56.7, 200)
('read', 56.7, 56.7, 200)
('read', 56.7, 56.7, 200)
('read', 56.7, 56.8, 200)
('read', 56.7, 56.8, 200)
('read', 56.7, 56.8, 200)
('ready', 56.7, 56.8, 200)
('read', 56.8, 56.8, 200)
('read', 56.8, 56.8, 200)
('read', 56.8, 56.8, 200)
('read', 56.8, 56.8, 200)
('read', 56.8, 56.8, 200)
('read', 56.8, 56.8, 200)
('read', 56.8, 56.8, 200)
('read', 56.8, 56.8, 200)
('read', 56.8, 56.8, 200)
('read', 56.8, 56.8, 200)
('read', 56.8, 56.8, 200)
('read', 56.8, 56.8, 200)
('read', 56.8, 56.8, 200)
('read', 56.8, 56.8, 200)
('read', 56.8, 56.8, 200)
('read', 56.8, 56.8, 200)
('read', 56.8, 56.8, 200)
('read', 56.8, 56.8, 200)
('read', 56.8, 56.8, 200)
('read', 56.8, 56.8, 200)
('read', 56.8, 56.8, 200)
('read', 56.8, 56.8, 200)
('read', 56.8, 56.8, 200)
('read', 56.8, 56.8, 200)
('read', 56.8, 56.8, 200)
('read', 56.8, 56.8, 200)
('read', 56.8, 56.8, 200)
('read', 56.8, 56.8, 200)
('read', 56.8, 56.8, 200)
('read', 56.8, 56.8, 200)
('read', 56.8, 56.8, 200)
('read', 56.8, 56.8, 200)
('read', 56.8, 56.9, 200)
('read', 56.8, 56.9, 200)
('read', 56.8, 56.9, 200)
('ready', 56.8, 56.9, 200)
('read', 56.9, 56.9, 200)
('read', 56.9, 56.9, 200)
('read', 56.9, 56.9, 200)
('read', 56.9, 56.9, 200)
('read', 56.9, 56.9, 200)
('read', 56.9, 56.9, 200)
('read', 56.9, 56.9, 200)
('read', 56.9, 56.9, 200)
('read', 56.9, 56.9, 200)
('read', 56.9, 56.9, 200)
('read', 56.9, 56.9, 200)
('read', 56.9, 56.9, 200)
('read', 56.9, 56.9, 200)
('read', 56.9, 56.9, 200)
('read', 56.9, 56.9, 200)
('read', 56.9, 56.9, 200)
('read', 56.9, 56.9, 200)
('read', 56.9, 56.9, 200)
('read', 56.9, 56.9, 200)
('read', 56.9, 56.9, 200)
('read', 56.9, 56.9, 200)
('read', 56.9, 56.9, 200)
('read', 56.9, 56.9, 200)
('read', 56.9, 56.9, 200)
('read', 56.9, 56.9, 200)
('read', 56.9, 56.9, 200)
('read', 56.9, 56.9, 200)
('ready', 56.9, 56.9, 200)
('read', 56.9, 56.9, 200)
('read', 56.9, 56.9, 200)
('read', 56.9, 56.9, 200)
('read', 56.9, 56.9, 200)
('read', 56.9, 57.0, 200)
('read', 56.9, 57.0, 200)
('read', 56.9, 57.0, 200)
('ready', 56.9, 57.0, 200)
('read', 57.0, 57.0, 200)
('read', 57.0, 57.0, 200)
('read', 57.0, 57.0, 200)
('read', 57.0, 57.0, 200)
('read', 57.0, 57.0, 200)
('read', 57.0, 57.0, 200)
('read', 57.0, 57.0, 200)
('read', 57.0, 57.0, 200)
('read', 57.0, 57.0, 200)
('read', 57.0, 57.0, 200)
('read', 57.0, 57.0, 200)
('read', 57.0, 57.0, 200)
('read', 57.0, 57.0, 200)
('read', 57.0, 57.0, 200)
('read', 57.0, 57.0, 200)
('read', 57.0, 57.0, 200)
('read', 57.0, 57.0, 200)
('read', 57.0, 57.0, 200)
('read', 57.0, 57.0, 200)
('read', 57.0, 57.0, 200)
('read', 57.0, 57.0, 200)
('read', 57.0, 57.0, 200)
('read', 57.0, 57.0, 200)
('read', 57.0, 57.0, 200)
('read', 57.0, 57.0, 200)
('read', 57.0, 57.0, 200)
('read', 57.0, 57.0, 200)
('read', 57.0, 57.0, 200)
('read', 57.0, 57.0, 200)
('read', 57.0, 57.0, 200)
('read', 57.0, 57.0, 200)
('read', 57.0, 57.0, 200)
('read', 57.0, 57.1, 200)
('read', 57.0, 57.1, 200)
('read', 57.0, 57.1, 200)
('ready', 57.0, 57.1, 200)
('read', 57.1, 57.1, 200)
('read', 57.1, 57.1, 200)
('read', 57.1, 57.1, 200)
('read', 57.1, 57.1, 200)
('read', 57.1, 57.1, 200)
('read', 57.1, 57.1, 200)
('read', 57.1, 57.1, 200)
('read', 57.1, 57.1, 200)
('read', 57.1, 57.1, 200)
('read', 57.1, 57.1, 200)
('read', 57.1, 57.1, 200)
('read', 57.1, 57.1, 200)
('read', 57.1, 57.1, 200)
('read', 57.1, 57.1, 200)
('read', 57.1, 57.1, 200)
('read', 57.1, 57.1, 200)
('read', 57.1, 57.1, 200)
('read', 57.1, 57.1, 200)
('read', 57.1, 57.1, 200)
('read', 57.1, 57.1, 200)
('read', 57.1, 57.1, 200)
('read', 57.1, 57.1, 200)
('read', 57.1, 57.1, 200)
('read', 57.1, 57.1, 200)
('read', 57.1, 57.1, 200)
('read', 57.1, 57.1, 200)
('read', 57.1, 57.1, 200)
('read', 57.1, 57.1, 200)
('read', 57.1, 57.1, 200)
('read', 57.1, 57.1, 200)
('ready', 57.1, 57.1, 200)
('read', 57.1, 57.1, 200)
('read', 57.1, 57.1, 200)
('read', 57.1, 57.2, 200)
('read', 57.1, 57.2, 200)
('read', 57.1, 57.2, 200)
('ready', 57.1, 57.2, 200)
('read', 57.2, 57.2, 200)
('read', 57.2, 57.2, 200)
('read', 57.2, 57.2, 200)
('read', 57.2, 57.2, 200)
('read', 57.2, 57.2, 200)
('read', 57.2, 57.2, 200)
('read', 57.2, 57.2, 200)
('read', 57.2, 57.2, 200)
('read', 57.2, 57.2, 200)
('read', 57.2, 57.2, 200)
('read', 57.2, 57.2, 200)
('read', 57.2, 57.2, 200)
('read', 57.2, 57.2, 200)
('read', 57.2, 57.2, 200)
('read', 57.2, 57.2, 200)
('read', 57.2, 57.2, 200)
('read', 57.2, 57.2, 200)
('read', 57.2, 57.2, 200)
('read', 57.2, 57.2, 200)
('read', 57.2, 57.2, 200)
('read', 57.2, 57.2, 200)
('read', 57.2, 57.2, 200)
('read', 57.2, 57.2, 200)
('read', 57.2, 57.2, 200)
('read', 57.2, 57.2, 200)
('read', 57.2, 57.2, 200)
('read', 57.2, 57.2, 200)
('read', 57.2, 57.2, 200)
('read', 57.2, 57.2, 200)
('read', 57.2, 57.2, 200)
('read', 57.2, 57.2, 200)
('read', 57.2, 57.3, 200)
('read', 57.2, 57.3, 200)
('read', 57.2, 57.3, 200)
('ready', 57.2, 57.3, 200)
('read', 57.3, 57.3, 200)
('read', 57.3, 57.3, 200)
('read', 57.3, 57.3, 200)
('read', 57.3, 57.3, 200)
('read', 57.3, 57.3, 200)
('read', 57.3, 57.3, 200)
('read', 57.3, 57.3, 200)
('read', 57.3, 57.3, 200)
('read', 57.3, 57.3, 200)
('read', 57.3, 57.3, 200)
('read', 57.3, 57.3, 200)
('read', 57.3, 57.3, 200)
('read', 57.3, 57.3, 200)
('read', 57.3, 57.3, 200)
('read', 57.3, 57.3, 200)
('read', 57.3, 57.3, 200)
('read', 57.3, 57.3, 200)
('read', 57.3, 57.3, 200)
('read', 57.3, 57.3, 200)
('read', 57.3, 57.3, 200)
('read', 57.3, 57.3, 200)
('read', 57.3, 57.3, 200)
('read', 57.3, 57.3, 200)
('read', 57.3, 57.3, 200)
('read', 57.3, 57.3, 200)
('read', 57.3, 57.3, 200)
('read', 57.3, 57.3, 200)
('read', 57.3, 57.3, 200)
('read', 57.3, 57.3, 200)
('read', 57.3, 57.3, 200)
('ready', 57.3, 57.3, 200)
('read', 57.3, 57.3, 200)
('read', 57.3, 57.4, 200)
('read', 57.3, 57.4, 200)
('read', 57.3, 57.4, 200)
('ready', 57.3, 57.4, 200)
('read', 57.4, 57.4, 200)
('read', 57.4, 57.4, 200)
('read', 57.4, 57.4, 200)
('read', 57.4, 57.4, 200)
('read', 57.4, 57.4, 200)
('read', 57.4, 57.4, 200)
('read', 57.4, 57.4, 200)
('read', 57.4, 57.4, 200)
('read', 57.4, 57.4, 200)
('read', 57.4, 57.4, 200)
('read', 57.4, 57.4, 200)
('read', 57.4, 57.4, 200)
('read', 57.4, 57.4, 200)
('read', 57.4, 57.4, 200)
('read', 57.4, 57.4, 200)
('read', 57.4, 57.4, 200)
('read', 57.4, 57.4, 200)
('read', 57.4, 57.4, 200)
('read', 57.4, 57.4, 200)
('read', 57.4, 57.4, 200)
('read', 57.4, 57.4, 200)
('read', 57.4, 57.4, 200)
('read', 57.4, 57.4, 200)
('read', 57.4, 57.4, 200)
('read', 57.4, 57.4, 200)
('read', 57.4, 57.4, 200)
('read', 57.4, 57.4, 200)
('read', 57.4, 57.4, 200)
('read', 57.4, 57.5, 200)
('read', 57.4, 57.5, 200)
('read', 57.4, 57.5, 200)
('ready', 57.4, 57.5, 200)
('read', 57.5, 57.5, 200)
('read', 57.5, 57.5, 200)
('read', 57.5, 57.5, 200)
('read', 57.5, 57.5, 200)
('read', 57.5, 57.5, 200)
('read', 57.5, 57.5, 200)
('read', 57.5, 57.5, 200)
('read', 57.5, 57.5, 200)
('read', 57.5, 57.5, 200)
('read', 57.5, 57.5, 200)
('read', 57.5, 57.5, 200)
('read', 57.5, 57.5, 200)
('read', 57.5, 57.5, 200)
('read', 57.5, 57.5, 200)
('read', 57.5, 57.5, 200)
('read', 57.5, 57.5, 200)
('read', 57.5, 57.5, 200)
('read', 57.5, 57.5, 200)
('read', 57.5, 57.5, 200)
('read', 57.5, 57.5, 200)
('read', 57.5, 57.6, 200)
('read', 57.5, 57.6, 200)
('read', 57.5, 57.6, 200)
('ready', 57.5, 57.6, 200)
('read', 57.6, 57.6, 200)
('read', 57.6, 57.6, 200)
('read', 57.6, 57.6, 200)
('read', 57.6, 57.6, 200)
('read', 57.6, 57.6, 200)
('read', 57.6, 57.6, 200)
('read', 57.6, 57.6, 200)
('read', 57.6, 57.6, 200)
('read', 57.6, 57.6, 200)
('read', 57.6, 57.6, 200)
('read', 57.6, 57.6, 200)
('read', 57.6, 57.6, 200)
('read', 57.6, 57.6, 200)
('read', 57.6, 57.6, 200)
('read', 57.6, 57.6, 200)
('read', 57.6, 57.6, 200)
('read', 57.6, 57.6, 200)
('read', 57.6, 57.6, 200)
('read', 57.6, 57.6, 200)
('read', 57.6, 57.6, 200)
('read', 57.6, 57.6, 200)
('read', 57.6, 57.6, 200)
('read', 57.6, 57.6, 200)
('read', 57.6, 57.6, 200)
('read', 57.6, 57.6, 200)
('read', 57.6, 57.6, 200)
('read', 57.6, 57.6, 200)
('read', 57.6, 57.7, 200)
('read', 57.6, 57.7, 200)
('read', 57.6, 57.7, 200)
('ready', 57.6, 57.7, 200)
('read', 57.7, 57.7, 200)
('read', 57.7, 57.7, 200)
('read', 57.7, 57.7, 200)
('read', 57.7, 57.7, 200)
('read', 57.7, 57.7, 200)
('read', 57.7, 57.7, 200)
('read', 57.7, 57.7, 200)
('read', 57.7, 57.7, 200)
('read', 57.7, 57.7, 200)
('read', 57.7, 57.7, 200)
('read', 57.7, 57.7, 200)
('read', 57.7, 57.7, 200)
('read', 57.7, 57.7, 200)
('read', 57.7, 57.7, 200)
('read', 57.7, 57.7, 200)
('read', 57.7, 57.7, 200)
('read', 57.7, 57.7, 200)
('read', 57.7, 57.7, 200)
('read', 57.7, 57.7, 200)
('read', 57.7, 57.7, 200)
('read', 57.7, 57.7, 200)
('read', 57.7, 57.7, 200)
('read', 57.7, 57.7, 200)
('read', 57.7, 57.7, 200)
('read', 57.7, 57.7, 200)
('read', 57.7, 57.7, 200)
('read', 57.7, 57.7, 200)
('read', 57.7, 57.7, 200)
('ready', 57.7, 57.7, 200)
('read', 57.7, 57.8, 200)
('read', 57.7, 57.8, 200)
('read', 57.7, 57.8, 200)
('ready', 57.7, 57.8, 200)
('read', 57.8, 57.8, 200)
('read', 57.8, 57.8, 200)
('read', 57.8, 57.8, 200)
('read', 57.8, 57.8, 200)
('read', 57.8, 57.8, 200)
('read', 57.8, 57.8, 200)
('read', 57.8, 57.8, 200)
('read', 57.8, 57.8, 200)
('read', 57.8, 57.8, 200)
('read', 57.8, 57.8, 200)
('read', 57.8, 57.8, 200)
('read', 57.8, 57.8, 200)
('read', 57.8, 57.8, 200)
('read', 57.8, 57.8, 200)
('read', 57.8, 57.8, 200)
('read', 57.8, 57.8, 200)
('read', 57.8, 57.8, 200)
('read', 57.8, 57.8, 200)
('read', 57.8, 57.8, 200)
('read', 57.8, 57.8, 200)
('read', 57.8, 57.8, 200)
('read', 57.8, 57.8, 200)
('read', 57.8, 57.8, 200)
('read', 57.8, 57.8, 200)
('read', 57.8, 57.8, 200)
('read', 57.8, 57.8, 200)
('read', 57.8, 57.8, 200)
('read', 57.8, 57.9, 200)
('read', 57.8, 57.9, 200)
('read', 57.8, 57.9, 200)
('ready', 57.8, 57.9, 200)
('read', 57.9, 57.9, 200)
('read', 57.9, 57.9, 200)
('read', 57.9, 57.9, 200)
('read', 57.9, 57.9, 200)
('read', 57.9, 57.9, 200)
('read', 57.9, 57.9, 200)
('read', 57.9, 57.9, 200)
('read', 57.9, 57.9, 200)
('read', 57.9, 57.9, 200)
('read', 57.9, 57.9, 200)
('read', 57.9, 57.9, 200)
('read', 57.9, 57.9, 200)
('read', 57.9, 57.9, 200)
('read', 57.9, 57.9, 200)
('read', 57.9, 57.9, 200)
('read', 57.9, 57.9, 200)
('read', 57.9, 57.9, 200)
('read', 57.9, 57.9, 200)
('read', 57.9, 57.9, 200)
('read', 57.9, 57.9, 200)
('read', 57.9, 57.9, 200)
('read', 57.9, 57.9, 200)
('read', 57.9, 57.9, 200)
('read', 57.9, 57.9, 200)
('read', 57.9, 57.9, 200)
('read', 57.9, 57.9, 200)
('read', 57.9, 58.0, 200)
('read', 57.9, 58.0, 200)
('read', 57.9, 58.0, 200)
('ready', 57.9, 58.0, 200)
('read', 58.0, 58.0, 200)
('read', 58.0, 58.0, 200)
('read', 58.0, 58.0, 200)
('read', 58.0, 58.0, 200)
('read', 58.0, 58.0, 200)
('read', 58.0, 58.0, 200)
('read', 58.0, 58.0, 200)
('read', 58.0, 58.0, 200)
('read', 58.0, 58.0, 200)
('read', 58.0, 58.0, 200)
('read', 58.0, 58.0, 200)
('read', 58.0, 58.0, 200)
('read', 58.0, 58.0, 200)
('read', 58.0, 58.0, 200)
('read', 58.0, 58.0, 200)
('read', 58.0, 58.0, 200)
('read', 58.0, 58.0, 200)
('read', 58.0, 58.0, 200)
('read', 58.0, 58.0, 200)
('read', 58.0, 58.0, 200)
('read', 58.0, 58.0, 200)
('read', 58.0, 58.0, 200)
('read', 58.0, 58.0, 200)
('read', 58.0, 58.0, 200)
('read', 58.0, 58.0, 200)
('read', 58.0, 58.0, 200)
('read', 58.0, 58.0, 200)
('read', 58.0, 58.1, 200)
('read', 58.0, 58.1, 200)
('read', 58.0, 58.1, 200)
('ready', 58.0, 58.1, 200)
('read', 58.1, 58.1, 200)
('read', 58.1, 58.1, 200)
('read', 58.1, 58.1, 200)
('read', 58.1, 58.1, 200)
('read', 58.1, 58.1, 200)
('read', 58.1, 58.1, 200)
('read', 58.1, 58.1, 200)
('read', 58.1, 58.1, 200)
('read', 58.1, 58.1, 200)
('read', 58.1, 58.1, 200)
('read', 58.1, 58.1, 200)
('read', 58.1, 58.1, 200)
('read', 58.1, 58.1, 200)
('read', 58.1, 58.1, 200)
('read', 58.1, 58.1, 200)
('read', 58.1, 58.1, 200)
('read', 58.1, 58.1, 200)
('read', 58.1, 58.1, 200)
('read', 58.1, 58.1, 200)
('read', 58.1, 58.1, 200)
('read', 58.1, 58.1, 200)
('read', 58.1, 58.1, 200)
('read', 58.1, 58.1, 200)
('read', 58.1, 58.1, 200)
('read', 58.1, 58.1, 200)
('read', 58.1, 58.1, 200)
('read', 58.1, 58.1, 200)
('read', 58.1, 58.1, 200)
('read', 58.1, 58.2, 200)
('read', 58.1, 58.2, 200)
('read', 58.1, 58.2, 200)
('ready', 58.1, 58.2, 200)
('read', 58.2, 58.2, 200)
('read', 58.2, 58.2, 200)
('read', 58.2, 58.2, 200)
('read', 58.2, 58.2, 200)
('read', 58.2, 58.2, 200)
('read', 58.2, 58.2, 200)
('read', 58.2, 58.2, 200)
('read', 58.2, 58.2, 200)
('read', 58.2, 58.2, 200)
('read', 58.2, 58.2, 200)
('read', 58.2, 58.2, 200)
('read', 58.2, 58.2, 200)
('read', 58.2, 58.2, 200)
('read', 58.2, 58.2, 200)
('read', 58.2, 58.2, 200)
('read', 58.2, 58.2, 200)
('read', 58.2, 58.2, 200)
('read', 58.2, 58.2, 200)
('read', 58.2, 58.2, 200)
('read', 58.2, 58.2, 200)
('read', 58.2, 58.2, 200)
('ready', 58.2, 58.2, 200)
('read', 58.2, 58.2, 200)
('read', 58.2, 58.2, 200)
('read', 58.2, 58.2, 200)
('read', 58.2, 58.2, 200)
('read', 58.2, 58.2, 200)
('read', 58.2, 58.2, 200)
('read', 58.2, 58.3, 200)
('read', 58.2, 58.3, 200)
('read', 58.2, 58.3, 200)
('ready', 58.2, 58.3, 200)
('read', 58.3, 58.3, 200)
('read', 58.3, 58.3, 200)
('read', 58.3, 58.3, 200)
('read', 58.3, 58.3, 200)
('read', 58.3, 58.3, 200)
('read', 58.3, 58.3, 200)
('read', 58.3, 58.3, 200)
('read', 58.3, 58.3, 200)
('read', 58.3, 58.3, 200)
('read', 58.3, 58.3, 200)
('read', 58.3, 58.3, 200)
('read', 58.3, 58.3, 200)
('read', 58.3, 58.3, 200)
('read', 58.3, 58.3, 200)
('read', 58.3, 58.3, 200)
('read', 58.3, 58.3, 200)
('read', 58.3, 58.3, 200)
('read', 58.3, 58.3, 200)
('read', 58.3, 58.3, 200)
('read', 58.3, 58.3, 200)
('read', 58.3, 58.3, 200)
('read', 58.3, 58.3, 200)
('read', 58.3, 58.3, 200)
('read', 58.3, 58.3, 200)
('read', 58.3, 58.3, 200)
('read', 58.3, 58.3, 200)
('read', 58.3, 58.3, 200)
('read', 58.3, 58.4, 200)
('read', 58.3, 58.4, 200)
('read', 58.3, 58.4, 200)
('ready', 58.3, 58.4, 200)
('read', 58.4, 58.4, 200)
('read', 58.4, 58.4, 200)
('read', 58.4, 58.4, 200)
('read', 58.4, 58.4, 200)
('read', 58.4, 58.4, 200)
('read', 58.4, 58.4, 200)
('read', 58.4, 58.4, 200)
('read', 58.4, 58.4, 200)
('read', 58.4, 58.4, 200)
('read', 58.4, 58.4, 200)
('read', 58.4, 58.4, 200)
('read', 58.4, 58.4, 200)
('read', 58.4, 58.4, 200)
('read', 58.4, 58.4, 200)
('read', 58.4, 58.4, 200)
('read', 58.4, 58.4, 200)
('read', 58.4, 58.4, 200)
('read', 58.4, 58.4, 200)
('read', 58.4, 58.4, 200)
('read', 58.4, 58.4, 200)
('read', 58.4, 58.4, 200)
('read', 58.4, 58.4, 200)
('read', 58.4, 58.4, 200)
('read', 58.4, 58.4, 200)
('read', 58.4, 58.4, 200)
('read', 58.4, 58.4, 200)
('read', 58.4, 58.4, 200)
('read', 58.4, 58.5, 200)
('read', 58.4, 58.5, 200)
('read', 58.4, 58.5, 200)
('ready', 58.4, 58.5, 200)
('read', 58.5, 58.5, 200)
('read', 58.5, 58.5, 200)
('read', 58.5, 58.5, 200)
('read', 58.5, 58.5, 200)
('read', 58.5, 58.5, 200)
('read', 58.5, 58.5, 200)
('read', 58.5, 58.5, 200)
('read', 58.5, 58.5, 200)
('read', 58.5, 58.5, 200)
('read', 58.5, 58.5, 200)
('read', 58.5, 58.5, 200)
('read', 58.5, 58.5, 200)
('read', 58.5, 58.5, 200)
('read', 58.5, 58.5, 200)
('read', 58.5, 58.5, 200)
('read', 58.5, 58.5, 200)
('read', 58.5, 58.5, 200)
('read', 58.5, 58.5, 200)
('read', 58.5, 58.5, 200)
('read', 58.5, 58.5, 200)
('read', 58.5, 58.5, 200)
('read', 58.5, 58.5, 200)
('read', 58.5, 58.5, 200)
('read', 58.5, 58.5, 200)
('read', 58.5, 58.5, 200)
('read', 58.5, 58.5, 200)
('read', 58.5, 58.5, 200)
('read', 58.5, 58.5, 200)
('read', 58.5, 58.6, 200)
('read', 58.5, 58.6, 200)
('ready', 58.5, 58.6, 200)
('read', 58.5, 58.6, 200)
('read', 58.6, 58.6, 200)
('read', 58.6, 58.6, 200)
('read', 58.6, 58.6, 200)
('read', 58.6, 58.6, 200)
('read', 58.6, 58.6, 200)
('read', 58.6, 58.6, 200)
('read', 58.6, 58.6, 200)
('read', 58.6, 58.6, 200)
('read', 58.6, 58.6, 200)
('read', 58.6, 58.6, 200)
('read', 58.6, 58.6, 200)
('read', 58.6, 58.6, 200)
('read', 58.6, 58.6, 200)
('read', 58.6, 58.6, 200)
('read', 58.6, 58.6, 200)
('read', 58.6, 58.6, 200)
('read', 58.6, 58.6, 200)
('read', 58.6, 58.6, 200)
('read', 58.6, 58.6, 200)
('read', 58.6, 58.6, 200)
('read', 58.6, 58.6, 200)
('read', 58.6, 58.6, 200)
('read', 58.6, 58.6, 200)
('read', 58.6, 58.6, 200)
('ready', 58.6, 58.6, 200)
('read', 58.6, 58.6, 200)
('read', 58.6, 58.6, 200)
('read', 58.6, 58.6, 200)
('read', 58.6, 58.7, 200)
('read', 58.6, 58.7, 200)
('read', 58.6, 58.7, 200)
('ready', 58.6, 58.7, 200)
('read', 58.7, 58.7, 200)
('read', 58.7, 58.7, 200)
('read', 58.7, 58.7, 200)
('read', 58.7, 58.7, 200)
('read', 58.7, 58.7, 200)
('read', 58.7, 58.7, 200)
('read', 58.7, 58.7, 200)
('read', 58.7, 58.7, 200)
('read', 58.7, 58.7, 200)
('read', 58.7, 58.7, 200)
('read', 58.7, 58.7, 200)
('read', 58.7, 58.7, 200)
('read', 58.7, 58.7, 200)
('read', 58.7, 58.7, 200)
('read', 58.7, 58.7, 200)
('read', 58.7, 58.7, 200)
('read', 58.7, 58.7, 200)
('read', 58.7, 58.7, 200)
('read', 58.7, 58.7, 200)
('read', 58.7, 58.7, 200)
('read', 58.7, 58.7, 200)
('read', 58.7, 58.7, 200)
('read', 58.7, 58.7, 200)
('read', 58.7, 58.7, 200)
('read', 58.7, 58.7, 200)
('read', 58.7, 58.7, 200)
('read', 58.7, 58.7, 200)
('read', 58.7, 58.7, 200)
('read', 58.7, 58.7, 200)
('read', 58.7, 58.7, 200)
('read', 58.7, 58.7, 200)
('read', 58.7, 58.7, 200)
('read', 58.7, 58.8, 200)
('read', 58.7, 58.8, 200)
('read', 58.7, 58.8, 200)
('ready', 58.7, 58.8, 200)
('read', 58.8, 58.8, 200)
('read', 58.8, 58.8, 200)
('read', 58.8, 58.8, 200)
('read', 58.8, 58.8, 200)
('read', 58.8, 58.8, 200)
('read', 58.8, 58.8, 200)
('read', 58.8, 58.8, 200)
('read', 58.8, 58.8, 200)
('read', 58.8, 58.8, 200)
('read', 58.8, 58.8, 200)
('read', 58.8, 58.8, 200)
('read', 58.8, 58.8, 200)
('read', 58.8, 58.8, 200)
('read', 58.8, 58.8, 200)
('read', 58.8, 58.8, 200)
('read', 58.8, 58.8, 200)
('read', 58.8, 58.8, 200)
('read', 58.8, 58.8, 200)
('read', 58.8, 58.8, 200)
('read', 58.8, 58.8, 200)
('read', 58.8, 58.8, 200)
('read', 58.8, 58.8, 200)
('read', 58.8, 58.8, 200)
('read', 58.8, 58.8, 200)
('read', 58.8, 58.8, 200)
('read', 58.8, 58.8, 200)
('read', 58.8, 58.8, 200)
('read', 58.8, 58.8, 200)
('read', 58.8, 58.8, 200)
('read', 58.8, 58.8, 200)
('read', 58.8, 58.8, 200)
('read', 58.8, 58.9, 200)
('read', 58.8, 58.9, 200)
('read', 58.8, 58.9, 200)
('ready', 58.8, 58.9, 200)
('read', 58.9, 58.9, 200)
('read', 58.9, 58.9, 200)
('read', 58.9, 58.9, 200)
('read', 58.9, 58.9, 200)
('read', 58.9, 58.9, 200)
('read', 58.9, 58.9, 200)
('read', 58.9, 58.9, 200)
('read', 58.9, 58.9, 200)
('read', 58.9, 58.9, 200)
('read', 58.9, 58.9, 200)
('read', 58.9, 58.9, 200)
('read', 58.9, 58.9, 200)
('read', 58.9, 58.9, 200)
('read', 58.9, 58.9, 200)
('read', 58.9, 58.9, 200)
('read', 58.9, 58.9, 200)
('read', 58.9, 58.9, 200)
('read', 58.9, 58.9, 200)
('read', 58.9, 58.9, 200)
('read', 58.9, 58.9, 200)
('read', 58.9, 58.9, 200)
('read', 58.9, 58.9, 200)
('read', 58.9, 58.9, 200)
('read', 58.9, 58.9, 200)
('read', 58.9, 58.9, 200)
('ready', 58.9, 58.9, 200)
('read', 58.9, 58.9, 200)
('read', 58.9, 58.9, 200)
('read', 58.9, 58.9, 200)
('read', 58.9, 58.9, 200)
('read', 58.9, 58.9, 200)
('read', 58.9, 58.9, 200)
('read', 58.9, 59.0, 200)
('read', 58.9, 59.0, 200)
('read', 58.9, 59.0, 200)
('ready', 58.9, 59.0, 200)
('read', 59.0, 59.0, 200)
('read', 59.0, 59.0, 200)
('read', 59.0, 59.0, 200)
('read', 59.0, 59.0, 200)
('read', 59.0, 59.0, 200)
('read', 59.0, 59.0, 200)
('read', 59.0, 59.0, 200)
('read', 59.0, 59.0, 200)
('read', 59.0, 59.0, 200)
('read', 59.0, 59.0, 200)
('read', 59.0, 59.0, 200)
('read', 59.0, 59.0, 200)
('read', 59.0, 59.0, 200)
('read', 59.0, 59.0, 200)
('read', 59.0, 59.0, 200)
('read', 59.0, 59.0, 200)
('read', 59.0, 59.0, 200)
('read', 59.0, 59.0, 200)
('read', 59.0, 59.0, 200)
('read', 59.0, 59.0, 200)
('read', 59.0, 59.0, 200)
('read', 59.0, 59.0, 200)
('read', 59.0, 59.0, 200)
('read', 59.0, 59.0, 200)
('read', 59.0, 59.0, 200)
('read', 59.0, 59.0, 200)
('read', 59.0, 59.0, 200)
('read', 59.0, 59.0, 200)
('read', 59.0, 59.0, 200)
('read', 59.0, 59.0, 200)
('read', 59.0, 59.0, 200)
('read', 59.0, 59.0, 200)
('read', 59.0, 59.1, 200)
('read', 59.0, 59.1, 200)
('ready', 59.0, 59.1, 200)
('read', 59.0, 59.1, 200)
('read', 59.1, 59.1, 200)
('read', 59.1, 59.1, 200)
('read', 59.1, 59.1, 200)
('read', 59.1, 59.1, 200)
('read', 59.1, 59.1, 200)
('read', 59.1, 59.1, 200)
('read', 59.1, 59.1, 200)
('read', 59.1, 59.1, 200)
('read', 59.1, 59.1, 200)
('read', 59.1, 59.1, 200)
('read', 59.1, 59.1, 200)
('read', 59.1, 59.1, 200)
('read', 59.1, 59.1, 200)
('read', 59.1, 59.1, 200)
('read', 59.1, 59.1, 200)
('read', 59.1, 59.1, 200)
('read', 59.1, 59.1, 200)
('read', 59.1, 59.1, 200)
('read', 59.1, 59.1, 200)
('read', 59.1, 59.1, 200)
('read', 59.1, 59.1, 200)
('read', 59.1, 59.1, 200)
('read', 59.1, 59.1, 200)
('read', 59.1, 59.1, 200)
('read', 59.1, 59.1, 200)
('read', 59.1, 59.1, 200)
('ready', 59.1, 59.1, 200)
('read', 59.1, 59.1, 200)
('read', 59.1, 59.1, 200)
('read', 59.1, 59.1, 200)
('read', 59.1, 59.1, 200)
('read', 59.1, 59.1, 200)
('read', 59.1, 59.1, 200)
('read', 59.1, 59.2, 200)
('read', 59.1, 59.2, 200)
('read', 59.1, 59.2, 200)
('ready', 59.1, 59.2, 200)
('read', 59.2, 59.2, 200)
('read', 59.2, 59.2, 200)
('read', 59.2, 59.2, 200)
('read', 59.2, 59.2, 200)
('read', 59.2, 59.2, 200)
('read', 59.2, 59.2, 200)
('read', 59.2, 59.2, 200)
('read', 59.2, 59.2, 200)
('read', 59.2, 59.2, 200)
('read', 59.2, 59.2, 200)
('read', 59.2, 59.2, 200)
('read', 59.2, 59.2, 200)
('read', 59.2, 59.2, 200)
('read', 59.2, 59.2, 200)
('read', 59.2, 59.2, 200)
('read', 59.2, 59.2, 200)
('read', 59.2, 59.2, 200)
('read', 59.2, 59.2, 200)
('read', 59.2, 59.2, 200)
('read', 59.2, 59.2, 200)
('read', 59.2, 59.2, 200)
('read', 59.2, 59.2, 200)
('read', 59.2, 59.2, 200)
('read', 59.2, 59.2, 200)
('read', 59.2, 59.2, 200)
('read', 59.2, 59.2, 200)
('read', 59.2, 59.2, 200)
('read', 59.2, 59.2, 200)
('read', 59.2, 59.2, 200)
('read', 59.2, 59.2, 200)
('read', 59.2, 59.2, 200)
('read', 59.2, 59.2, 200)
('read', 59.2, 59.3, 200)
('read', 59.2, 59.3, 200)
('read', 59.2, 59.3, 200)
('ready', 59.2, 59.3, 200)
('read', 59.3, 59.3, 200)
('read', 59.3, 59.3, 200)
('read', 59.3, 59.3, 200)
('read', 59.3, 59.3, 200)
('read', 59.3, 59.3, 200)
('read', 59.3, 59.3, 200)
('read', 59.3, 59.3, 200)
('read', 59.3, 59.3, 200)
('read', 59.3, 59.3, 200)
('read', 59.3, 59.3, 200)
('read', 59.3, 59.3, 200)
('read', 59.3, 59.3, 200)
('read', 59.3, 59.3, 200)
('read', 59.3, 59.3, 200)
('read', 59.3, 59.3, 200)
('read', 59.3, 59.3, 200)
('read', 59.3, 59.3, 200)
('read', 59.3, 59.3, 200)
('read', 59.3, 59.3, 200)
('read', 59.3, 59.3, 200)
('read', 59.3, 59.3, 200)
('read', 59.3, 59.3, 200)
('read', 59.3, 59.3, 200)
('read', 59.3, 59.3, 200)
('read', 59.3, 59.3, 200)
('read', 59.3, 59.3, 200)
('ready', 59.3, 59.3, 200)
('read', 59.3, 59.3, 200)
('read', 59.3, 59.3, 200)
('read', 59.3, 59.3, 200)
('read', 59.3, 59.3, 200)
('read', 59.3, 59.3, 200)
('read', 59.3, 59.4, 200)
('read', 59.3, 59.4, 200)
('read', 59.3, 59.4, 200)
('ready', 59.3, 59.4, 200)
('read', 59.4, 59.4, 200)
('read', 59.4, 59.4, 200)
('read', 59.4, 59.4, 200)
('read', 59.4, 59.4, 200)
('read', 59.4, 59.4, 200)
('read', 59.4, 59.4, 200)
('read', 59.4, 59.4, 200)
('read', 59.4, 59.4, 200)
('read', 59.4, 59.4, 200)
('read', 59.4, 59.4, 200)
('read', 59.4, 59.4, 200)
('read', 59.4, 59.4, 200)
('read', 59.4, 59.4, 200)
('read', 59.4, 59.4, 200)
('read', 59.4, 59.4, 200)
('read', 59.4, 59.4, 200)
('read', 59.4, 59.4, 200)
('read', 59.4, 59.4, 200)
('read', 59.4, 59.4, 200)
('read', 59.4, 59.4, 200)
('read', 59.4, 59.4, 200)
('read', 59.4, 59.4, 200)
('read', 59.4, 59.4, 200)
('read', 59.4, 59.4, 200)
('read', 59.4, 59.4, 200)
('read', 59.4, 59.4, 200)
('read', 59.4, 59.4, 200)
('read', 59.4, 59.4, 200)
('read', 59.4, 59.4, 200)
('read', 59.4, 59.4, 200)
('read', 59.4, 59.4, 200)
('read', 59.4, 59.4, 200)
('read', 59.4, 59.4, 200)
('read', 59.4, 59.5, 200)
('read', 59.4, 59.5, 200)
('read', 59.4, 59.5, 200)
('ready', 59.4, 59.5, 200)
('read', 59.5, 59.5, 200)
('read', 59.5, 59.5, 200)
('read', 59.5, 59.5, 200)
('read', 59.5, 59.5, 200)
('read', 59.5, 59.5, 200)
('read', 59.5, 59.5, 200)
('read', 59.5, 59.5, 200)
('read', 59.5, 59.5, 200)
('read', 59.5, 59.5, 200)
('read', 59.5, 59.5, 200)
('read', 59.5, 59.5, 200)
('read', 59.5, 59.5, 200)
('read', 59.5, 59.5, 200)
('read', 59.5, 59.5, 200)
('read', 59.5, 59.5, 200)
('read', 59.5, 59.5, 200)
('read', 59.5, 59.5, 200)
('read', 59.5, 59.5, 200)
('read', 59.5, 59.5, 200)
('read', 59.5, 59.5, 200)
('read', 59.5, 59.5, 200)
('read', 59.5, 59.5, 200)
('read', 59.5, 59.5, 200)
('read', 59.5, 59.5, 200)
('ready', 59.5, 59.5, 200)
('read', 59.5, 59.5, 200)
('read', 59.5, 59.5, 200)
('read', 59.5, 59.5, 200)
('read', 59.5, 59.5, 200)
('read', 59.5, 59.5, 200)
('read', 59.5, 59.5, 200)
('read', 59.5, 59.5, 200)
('read', 59.5, 59.6, 200)
('read', 59.5, 59.6, 200)
('read', 59.5, 59.6, 200)
('ready', 59.5, 59.6, 200)
('read', 59.6, 59.6, 200)
('read', 59.6, 59.6, 200)
('read', 59.6, 59.6, 200)
('read', 59.6, 59.6, 200)
('read', 59.6, 59.6, 200)
('read', 59.6, 59.6, 200)
('read', 59.6, 59.6, 200)
('read', 59.6, 59.6, 200)
('read', 59.6, 59.6, 200)
('read', 59.6, 59.6, 200)
('read', 59.6, 59.6, 200)
('read', 59.6, 59.6, 200)
('read', 59.6, 59.6, 200)
('read', 59.6, 59.6, 200)
('read', 59.6, 59.6, 200)
('read', 59.6, 59.6, 200)
('read', 59.6, 59.6, 200)
('read', 59.6, 59.6, 200)
('read', 59.6, 59.6, 200)
('read', 59.6, 59.6, 200)
('read', 59.6, 59.6, 200)
('read', 59.6, 59.6, 200)
('read', 59.6, 59.6, 200)
('read', 59.6, 59.6, 200)
('read', 59.6, 59.6, 200)
('read', 59.6, 59.6, 200)
('read', 59.6, 59.6, 200)
('read', 59.6, 59.6, 200)
('read', 59.6, 59.6, 200)
('read', 59.6, 59.6, 200)
('read', 59.6, 59.6, 200)
('read', 59.6, 59.6, 200)
('read', 59.6, 59.6, 200)
('read', 59.6, 59.7, 200)
('read', 59.6, 59.7, 200)
('read', 59.6, 59.7, 200)
('ready', 59.6, 59.7, 200)
('read', 59.7, 59.7, 200)
('read', 59.7, 59.7, 200)
('read', 59.7, 59.7, 200)
('read', 59.7, 59.7, 200)
('read', 59.7, 59.7, 200)
('read', 59.7, 59.7, 200)
('read', 59.7, 59.7, 200)
('read', 59.7, 59.7, 200)
('read', 59.7, 59.7, 200)
('read', 59.7, 59.7, 200)
('read', 59.7, 59.7, 200)
('read', 59.7, 59.7, 200)
('read', 59.7, 59.7, 200)
('read', 59.7, 59.7, 200)
('read', 59.7, 59.7, 200)
('read', 59.7, 59.7, 200)
('read', 59.7, 59.7, 200)
('read', 59.7, 59.7, 200)
('read', 59.7, 59.7, 200)
('read', 59.7, 59.7, 200)
('read', 59.7, 59.8, 200)
('read', 59.7, 59.8, 200)
('read', 59.7, 59.8, 200)
('ready', 59.7, 59.8, 200)
('read', 59.8, 59.8, 200)
('read', 59.8, 59.8, 200)
('read', 59.8, 59.8, 200)
('read', 59.8, 59.8, 200)
('read', 59.8, 59.8, 200)
('read', 59.8, 59.8, 200)
('read', 59.8, 59.8, 200)
('read', 59.8, 59.8, 200)
('read', 59.8, 59.8, 200)
('read', 59.8, 59.8, 200)
('read', 59.8, 59.8, 200)
('read', 59.8, 59.8, 200)
('read', 59.8, 59.8, 200)
('read', 59.8, 59.8, 200)
('read', 59.8, 59.8, 200)
('read', 59.8, 59.8, 200)
('read', 59.8, 59.8, 200)
('read', 59.8, 59.8, 200)
('read', 59.8, 59.8, 200)
('read', 59.8, 59.8, 200)
('read', 59.8, 59.8, 200)
('read', 59.8, 59.8, 200)
('read', 59.8, 59.8, 200)
('read', 59.8, 59.8, 200)
('read', 59.8, 59.8, 200)
('read', 59.8, 59.8, 200)
('ready', 59.8, 59.8, 200)
('read', 59.8, 59.8, 200)
('read', 59.8, 59.9, 200)
('read', 59.8, 59.9, 200)
('read', 59.8, 59.9, 200)
('ready', 59.8, 59.9, 200)
('read', 59.9, 59.9, 200)
('read', 59.9, 59.9, 200)
('read', 59.9, 59.9, 200)
('read', 59.9, 59.9, 200)
('read', 59.9, 59.9, 200)
('read', 59.9, 59.9, 200)
('read', 59.9, 59.9, 200)
('read', 59.9, 59.9, 200)
('read', 59.9, 59.9, 200)
('read', 59.9, 59.9, 200)
('read', 59.9, 59.9, 200)
('read', 59.9, 59.9, 200)
('read', 59.9, 59.9, 200)
('read', 59.9, 59.9, 200)
('read', 59.9, 59.9, 200)
('read', 59.9, 59.9, 200)
('read', 59.9, 59.9, 200)
('read', 59.9, 59.9, 200)
('read', 59.9, 59.9, 200)
('read', 59.9, 59.9, 200)
('read', 59.9, 59.9, 200)
('read', 59.9, 59.9, 200)
('read', 59.9, 59.9, 200)
('read', 59.9, 59.9, 200)
('read', 59.9, 59.9, 200)
('read', 59.9, 59.9, 200)
('read', 59.9, 59.9, 200)
('read', 59.9, 59.9, 200)
('read', 59.9, 59.9, 200)
('read', 59.9, 59.9, 200)
('read', 59.9, 59.9, 200)
('read', 59.9, 60.0, 200)
('read', 59.9, 60.0, 200)
('read', 59.9, 60.0, 200)
('ready', 59.9, 60.0, 200)
('read', 60.0, 60.0, 200)
('read', 60.0, 60.0, 200)
('read', 60.0, 60.0, 200)
('read', 60.0, 60.0, 200)
('read', 60.0, 60.0, 200)
('read', 60.0, 60.0, 200)
('read', 60.0, 60.0, 200)
('read', 60.0, 60.0, 200)
('read', 60.0, 60.0, 200)
('read', 60.0, 60.0, 200)
('read', 60.0, 60.0, 200)
('read', 60.0, 60.0, 200)
('read', 60.0, 60.0, 200)
('read', 60.0, 60.0, 200)
('read', 60.0, 60.0, 200)
('read', 60.0, 60.0, 200)
('read', 60.0, 60.0, 200)
('read', 60.0, 60.0, 200)
('read', 60.0, 60.0, 200)
('read', 60.0, 60.0, 200)
('read', 60.0, 60.0, 200)
('read', 60.0, 60.0, 200)
('read', 60.0, 60.0, 200)
('read', 60.0, 60.0, 200)
('read', 60.0, 60.0, 200)
('read', 60.0, 60.0, 200)
('read', 60.0, 60.0, 200)
('read', 60.0, 60.0, 200)
('read', 60.0, 60.0, 200)
('read', 60.0, 60.0, 200)
('read', 60.0, 60.0, 200)
('read', 60.0, 60.0, 200)
('read', 60.0, 60.1, 200)
('read', 60.0, 60.1, 200)
('read', 60.0, 60.1, 200)
('ready', 60.0, 60.1, 200)
('read', 60.1, 60.1, 200)
('read', 60.1, 60.1, 200)
('read', 60.1, 60.1, 200)
('read', 60.1, 60.1, 200)
('read', 60.1, 60.1, 200)
('read', 60.1, 60.1, 200)
('read', 60.1, 60.1, 200)
('read', 60.1, 60.1, 200)
('read', 60.1, 60.1, 200)
('read', 60.1, 60.1, 200)
('read', 60.1, 60.1, 200)
('read', 60.1, 60.1, 200)
('read', 60.1, 60.1, 200)
('read', 60.1, 60.1, 200)
('read', 60.1, 60.1, 200)
('read', 60.1, 60.1, 200)
('read', 60.1, 60.1, 200)
('read', 60.1, 60.1, 200)
('read', 60.1, 60.1, 200)
('read', 60.1, 60.1, 200)
('read', 60.1, 60.1, 200)
('read', 60.1, 60.1, 200)
('read', 60.1, 60.1, 200)
('read', 60.1, 60.1, 200)
('read', 60.1, 60.1, 200)
('read', 60.1, 60.1, 200)
('read', 60.1, 60.1, 200)
('read', 60.1, 60.1, 200)
('read', 60.1, 60.1, 200)
('read', 60.1, 60.1, 200)
('ready', 60.1, 60.1, 200)
('read', 60.1, 60.1, 200)
('read', 60.1, 60.1, 200)
('read', 60.1, 60.2, 200)
('read', 60.1, 60.2, 200)
('read', 60.1, 60.2, 200)
('ready', 60.1, 60.2, 200)
('read', 60.2, 60.2, 200)
('read', 60.2, 60.2, 200)
('read', 60.2, 60.2, 200)
('read', 60.2, 60.2, 200)
('read', 60.2, 60.2, 200)
('read', 60.2, 60.2, 200)
('read', 60.2, 60.2, 200)
('read', 60.2, 60.2, 200)
('read', 60.2, 60.2, 200)
('read', 60.2, 60.2, 200)
('read', 60.2, 60.2, 200)
('read', 60.2, 60.2, 200)
('read', 60.2, 60.2, 200)
('read', 60.2, 60.2, 200)
('read', 60.2, 60.2, 200)
('read', 60.2, 60.2, 200)
('read', 60.2, 60.2, 200)
('read', 60.2, 60.2, 200)
('read', 60.2, 60.2, 200)
('read', 60.2, 60.2, 200)
('read', 60.2, 60.2, 200)
('read', 60.2, 60.2, 200)
('read', 60.2, 60.2, 200)
('read', 60.2, 60.2, 200)
('read', 60.2, 60.2, 200)
('read', 60.2, 60.2, 200)
('read', 60.2, 60.2, 200)
('read', 60.2, 60.2, 200)
('read', 60.2, 60.2, 200)
('read', 60.2, 60.2, 200)
('read', 60.2, 60.2, 200)
('read', 60.2, 60.2, 200)
('read', 60.2, 60.2, 200)
('read', 60.2, 60.2, 200)
('read', 60.2, 60.3, 200)
('read', 60.2, 60.3, 200)
('read', 60.2, 60.3, 200)
('ready', 60.2, 60.3, 200)
('read', 60.3, 60.3, 200)
('read', 60.3, 60.3, 200)
('read', 60.3, 60.3, 200)
('read', 60.3, 60.3, 200)
('read', 60.3, 60.3, 200)
('read', 60.3, 60.3, 200)
('read', 60.3, 60.3, 200)
('read', 60.3, 60.3, 200)
('read', 60.3, 60.3, 200)
('read', 60.3, 60.3, 200)
('read', 60.3, 60.3, 200)
('read', 60.3, 60.3, 200)
('read', 60.3, 60.3, 200)
('read', 60.3, 60.3, 200)
('read', 60.3, 60.3, 200)
('read', 60.3, 60.3, 200)
('read', 60.3, 60.3, 200)
('read', 60.3, 60.3, 200)
('read', 60.3, 60.3, 200)
('read', 60.3, 60.3, 200)
('read', 60.3, 60.3, 200)
('read', 60.3, 60.3, 200)
('read', 60.3, 60.3, 200)
('read', 60.3, 60.3, 200)
('read', 60.3, 60.3, 200)
('read', 60.3, 60.3, 200)
('read', 60.3, 60.3, 200)
('read', 60.3, 60.3, 200)
('read', 60.3, 60.3, 200)
('read', 60.3, 60.3, 200)
('read', 60.3, 60.3, 200)
('read', 60.3, 60.4, 200)
('read', 60.3, 60.4, 200)
('ready', 60.3, 60.4, 200)
('read', 60.3, 60.4, 200)
('read', 60.4, 60.4, 200)
('read', 60.4, 60.4, 200)
('read', 60.4, 60.4, 200)
('read', 60.4, 60.4, 200)
('read', 60.4, 60.4, 200)
('read', 60.4, 60.4, 200)
('read', 60.4, 60.4, 200)
('read', 60.4, 60.4, 200)
('read', 60.4, 60.4, 200)
('read', 60.4, 60.4, 200)
('read', 60.4, 60.4, 200)
('read', 60.4, 60.4, 200)
('read', 60.4, 60.4, 200)
('read', 60.4, 60.4, 200)
('read', 60.4, 60.4, 200)
('read', 60.4, 60.4, 200)
('read', 60.4, 60.4, 200)
('read', 60.4, 60.4, 200)
('read', 60.4, 60.4, 200)
('read', 60.4, 60.4, 200)
('read', 60.4, 60.4, 200)
('ready', 60.4, 60.4, 200)
('read', 60.4, 60.4, 200)
('read', 60.4, 60.4, 200)
('read', 60.4, 60.4, 200)
('read', 60.4, 60.4, 200)
('read', 60.4, 60.4, 200)
('read', 60.4, 60.4, 200)
('read', 60.4, 60.4, 200)
('read', 60.4, 60.4, 200)
('read', 60.4, 60.4, 200)
('read', 60.4, 60.4, 200)
('read', 60.4, 60.4, 200)
('read', 60.4, 60.5, 200)
('read', 60.4, 60.5, 200)
('read', 60.4, 60.5, 200)
('ready', 60.4, 60.5, 200)
('read', 60.5, 60.5, 200)
('read', 60.5, 60.5, 200)
('read', 60.5, 60.5, 200)
('read', 60.5, 60.5, 200)
('read', 60.5, 60.5, 200)
('read', 60.5, 60.5, 200)
('read', 60.5, 60.5, 200)
('read', 60.5, 60.5, 200)
('read', 60.5, 60.5, 200)
('read', 60.5, 60.5, 200)
('read', 60.5, 60.5, 200)
('read', 60.5, 60.5, 200)
('read', 60.5, 60.5, 200)
('read', 60.5, 60.5, 200)
('read', 60.5, 60.5, 200)
('read', 60.5, 60.5, 200)
('read', 60.5, 60.5, 200)
('read', 60.5, 60.5, 200)
('read', 60.5, 60.5, 200)
('read', 60.5, 60.5, 200)
('read', 60.5, 60.5, 200)
('read', 60.5, 60.5, 200)
('read', 60.5, 60.5, 200)
('read', 60.5, 60.5, 200)
('read', 60.5, 60.5, 200)
('read', 60.5, 60.5, 200)
('read', 60.5, 60.5, 200)
('read', 60.5, 60.5, 200)
('read', 60.5, 60.5, 200)
('read', 60.5, 60.5, 200)
('read', 60.5, 60.5, 200)
('read', 60.5, 60.5, 200)
('read', 60.5, 60.6, 200)
('ready', 60.5, 60.6, 200)
('read', 60.5, 60.6, 200)
('read', 60.5, 60.6, 200)
('read', 60.6, 60.6, 200)
('read', 60.6, 60.6, 200)
('read', 60.6, 60.6, 200)
('read', 60.6, 60.6, 200)
('read', 60.6, 60.6, 200)
('read', 60.6, 60.6, 200)
('read', 60.6, 60.6, 200)
('read', 60.6, 60.6, 200)
('read', 60.6, 60.6, 200)
('read', 60.6, 60.6, 200)
('read', 60.6, 60.6, 200)
('read', 60.6, 60.6, 200)
('read', 60.6, 60.6, 200)
('read', 60.6, 60.6, 200)
('read', 60.6, 60.6, 200)
('read', 60.6, 60.6, 200)
('read', 60.6, 60.6, 200)
('read', 60.6, 60.6, 200)
('read', 60.6, 60.6, 200)
('read', 60.6, 60.6, 200)
('read', 60.6, 60.6, 200)
('ready', 60.6, 60.6, 200)
('read', 60.6, 60.6, 200)
('read', 60.6, 60.6, 200)
('read', 60.6, 60.6, 200)
('read', 60.6, 60.6, 200)
('read', 60.6, 60.6, 200)
('read', 60.6, 60.6, 200)
('read', 60.6, 60.6, 200)
('read', 60.6, 60.6, 200)
('read', 60.6, 60.6, 200)
('read', 60.6, 60.6, 200)
('read', 60.6, 60.6, 200)
('read', 60.6, 60.7, 200)
('read', 60.6, 60.7, 200)
('read', 60.6, 60.7, 200)
('ready', 60.6, 60.7, 200)
('read', 60.7, 60.7, 200)
('read', 60.7, 60.7, 200)
('read', 60.7, 60.7, 200)
('read', 60.7, 60.7, 200)
('read', 60.7, 60.7, 200)
('read', 60.7, 60.7, 200)
('read', 60.7, 60.7, 200)
('read', 60.7, 60.7, 200)
('read', 60.7, 60.7, 200)
('read', 60.7, 60.7, 200)
('read', 60.7, 60.7, 200)
('read', 60.7, 60.7, 200)
('read', 60.7, 60.7, 200)
('read', 60.7, 60.7, 200)
('read', 60.7, 60.7, 200)
('read', 60.7, 60.7, 200)
('read', 60.7, 60.7, 200)
('read', 60.7, 60.7, 200)
('read', 60.7, 60.7, 200)
('read', 60.7, 60.7, 200)
('read', 60.7, 60.7, 200)
('read', 60.7, 60.7, 200)
('read', 60.7, 60.7, 200)
('read', 60.7, 60.7, 200)
('read', 60.7, 60.7, 200)
('read', 60.7, 60.7, 200)
('read', 60.7, 60.7, 200)
('read', 60.7, 60.7, 200)
('read', 60.7, 60.7, 200)
('read', 60.7, 60.7, 200)
('read', 60.7, 60.7, 200)
('read', 60.7, 60.8, 200)
('read', 60.7, 60.8, 200)
('read', 60.7, 60.8, 200)
('ready', 60.7, 60.8, 200)
('read', 60.8, 60.8, 200)
('read', 60.8, 60.8, 200)
('read', 60.8, 60.8, 200)
('read', 60.8, 60.8, 200)
('read', 60.8, 60.8, 200)
('read', 60.8, 60.8, 200)
('read', 60.8, 60.8, 200)
('read', 60.8, 60.8, 200)
('read', 60.8, 60.8, 200)
('read', 60.8, 60.8, 200)
('read', 60.8, 60.8, 200)
('read', 60.8, 60.8, 200)
('read', 60.8, 60.8, 200)
('read', 60.8, 60.8, 200)
('read', 60.8, 60.8, 200)
('read', 60.8, 60.8, 200)
('read', 60.8, 60.8, 200)
('read', 60.8, 60.8, 200)
('read', 60.8, 60.8, 200)
('read', 60.8, 60.8, 200)
('read', 60.8, 60.8, 200)
('ready', 60.8, 60.8, 200)
('read', 60.8, 60.8, 200)
('read', 60.8, 60.8, 200)
('read', 60.8, 60.8, 200)
('read', 60.8, 60.8, 200)
('read', 60.8, 60.8, 200)
('read', 60.8, 60.8, 200)
('read', 60.8, 60.8, 200)
('read', 60.8, 60.8, 200)
('read', 60.8, 60.8, 200)
('read', 60.8, 60.8, 200)
('read', 60.8, 60.8, 200)
('read', 60.8, 60.8, 200)
('read', 60.8, 60.9, 200)
('read', 60.8, 60.9, 200)
('read', 60.8, 60.9, 200)
('ready', 60.8, 60.9, 200)
('read', 60.9, 60.9, 200)
('read', 60.9, 60.9, 200)
('read', 60.9, 60.9, 200)
('read', 60.9, 60.9, 200)
('read', 60.9, 60.9, 200)
('read', 60.9, 60.9, 200)
('read', 60.9, 60.9, 200)
('read', 60.9, 60.9, 200)
('read', 60.9, 60.9, 200)
('read', 60.9, 60.9, 200)
('read', 60.9, 60.9, 200)
('read', 60.9, 60.9, 200)
('read', 60.9, 60.9, 200)
('read', 60.9, 60.9, 200)
('read', 60.9, 60.9, 200)
('read', 60.9, 60.9, 200)
('read', 60.9, 60.9, 200)
('read', 60.9, 60.9, 200)
('read', 60.9, 60.9, 200)
('read', 60.9, 60.9, 200)
('read', 60.9, 60.9, 200)
('read', 60.9, 60.9, 200)
('read', 60.9, 60.9, 200)
('read', 60.9, 60.9, 200)
('read', 60.9, 60.9, 200)
('read', 60.9, 60.9, 200)
('read', 60.9, 60.9, 200)
('read', 60.9, 60.9, 200)
('read', 60.9, 60.9, 200)
('read', 60.9, 60.9, 200)
('read', 60.9, 60.9, 200)
('ready', 60.9, 61.0, 200)
('read', 60.9, 61.0, 200)
('read', 60.9, 61.0, 200)
('read', 60.9, 61.0, 200)
('read', 61.0, 61.0, 200)
('read', 61.0, 61.0, 200)
('read', 61.0, 61.0, 200)
('read', 61.0, 61.0, 200)
('read', 61.0, 61.0, 200)
('read', 61.0, 61.0, 200)
('read', 61.0, 61.0, 200)
('read', 61.0, 61.0, 200)
('read', 61.0, 61.0, 200)
('read', 61.0, 61.0, 200)
('read', 61.0, 61.0, 200)
('read', 61.0, 61.0, 200)
('read', 61.0, 61.0, 200)
('read', 61.0, 61.0, 200)
('read', 61.0, 61.0, 200)
('read', 61.0, 61.0, 200)
('read', 61.0, 61.0, 200)
('read', 61.0, 61.0, 200)
('read', 61.0, 61.0, 200)
('read', 61.0, 61.0, 200)
('read', 61.0, 61.0, 200)
('ready', 61.0, 61.0, 200)
('read', 61.0, 61.0, 200)
('read', 61.0, 61.0, 200)
('read', 61.0, 61.0, 200)
('read', 61.0, 61.0, 200)
('read', 61.0, 61.0, 200)
('read', 61.0, 61.0, 200)
('read', 61.0, 61.0, 200)
('read', 61.0, 61.0, 200)
('read', 61.0, 61.0, 200)
('read', 61.0, 61.1, 200)
('read', 61.0, 61.1, 200)
('read', 61.0, 61.1, 200)
('ready', 61.0, 61.1, 200)
('read', 61.1, 61.1, 200)
('read', 61.1, 61.1, 200)
('read', 61.1, 61.1, 200)
('read', 61.1, 61.1, 200)
('read', 61.1, 61.1, 200)
('read', 61.1, 61.1, 200)
('read', 61.1, 61.1, 200)
('read', 61.1, 61.1, 200)
('read', 61.1, 61.1, 200)
('read', 61.1, 61.1, 200)
('read', 61.1, 61.1, 200)
('read', 61.1, 61.1, 200)
('read', 61.1, 61.1, 200)
('read', 61.1, 61.1, 200)
('read', 61.1, 61.1, 200)
('read', 61.1, 61.1, 200)
('read', 61.1, 61.1, 200)
('read', 61.1, 61.1, 200)
('read', 61.1, 61.1, 200)
('read', 61.1, 61.1, 200)
('read', 61.1, 61.1, 200)
('read', 61.1, 61.1, 200)
('read', 61.1, 61.1, 200)
('read', 61.1, 61.1, 200)
('read', 61.1, 61.1, 200)
('read', 61.1, 61.1, 200)
('read', 61.1, 61.1, 200)
('read', 61.1, 61.1, 200)
('read', 61.1, 61.1, 200)
('read', 61.1, 61.1, 200)
('read', 61.1, 61.1, 200)
('read', 61.1, 61.2, 200)
('read', 61.1, 61.2, 200)
('read', 61.1, 61.2, 200)
('ready', 61.1, 61.2, 200)
('read', 61.2, 61.2, 200)
('read', 61.2, 61.2, 200)
('read', 61.2, 61.2, 200)
('read', 61.2, 61.2, 200)
('read', 61.2, 61.2, 200)
('read', 61.2, 61.2, 200)
('read', 61.2, 61.2, 200)
('read', 61.2, 61.2, 200)
('read', 61.2, 61.2, 200)
('read', 61.2, 61.2, 200)
('read', 61.2, 61.2, 200)
('read', 61.2, 61.2, 200)
('read', 61.2, 61.2, 200)
('read', 61.2, 61.2, 200)
('read', 61.2, 61.2, 200)
('read', 61.2, 61.2, 200)
('read', 61.2, 61.2, 200)
('read', 61.2, 61.2, 200)
('read', 61.2, 61.2, 200)
('read', 61.2, 61.2, 200)
('read', 61.2, 61.2, 200)
('read', 61.2, 61.2, 200)
('read', 61.2, 61.2, 200)
('read', 61.2, 61.2, 200)
('read', 61.2, 61.2, 200)
('read', 61.2, 61.2, 200)
('ready', 61.2, 61.2, 200)
('read', 61.2, 61.2, 200)
('read', 61.2, 61.2, 200)
('read', 61.2, 61.2, 200)
('read', 61.2, 61.2, 200)
('read', 61.2, 61.2, 200)
('read', 61.2, 61.3, 200)
('read', 61.2, 61.3, 200)
('read', 61.2, 61.3, 200)
('ready', 61.2, 61.3, 200)
('read', 61.3, 61.3, 200)
('read', 61.3, 61.3, 200)
('read', 61.3, 61.3, 200)
('read', 61.3, 61.3, 200)
('read', 61.3, 61.3, 200)
('read', 61.3, 61.3, 200)
('read', 61.3, 61.3, 200)
('read', 61.3, 61.3, 200)
('read', 61.3, 61.3, 200)
('read', 61.3, 61.3, 200)
('read', 61.3, 61.3, 200)
('read', 61.3, 61.3, 200)
('read', 61.3, 61.3, 200)
('read', 61.3, 61.3, 200)
('read', 61.3, 61.3, 200)
('read', 61.3, 61.3, 200)
('read', 61.3, 61.3, 200)
('read', 61.3, 61.3, 200)
('read', 61.3, 61.3, 200)
('read', 61.3, 61.3, 200)
('read', 61.3, 61.3, 200)
('read', 61.3, 61.3, 200)
('read', 61.3, 61.3, 200)
('read', 61.3, 61.3, 200)
('read', 61.3, 61.3, 200)
('read', 61.3, 61.3, 200)
('read', 61.3, 61.3, 200)
('read', 61.3, 61.3, 200)
('read', 61.3, 61.3, 200)
('read', 61.3, 61.4, 200)
('read', 61.3, 61.4, 200)
('read', 61.3, 61.4, 200)
('ready', 61.3, 61.4, 200)
('read', 61.4, 61.4, 200)
('read', 61.4, 61.4, 200)
('read', 61.4, 61.4, 200)
('read', 61.4, 61.4, 200)
('read', 61.4, 61.4, 200)
('read', 61.4, 61.4, 200)
('read', 61.4, 61.4, 200)
('read', 61.4, 61.4, 200)
('read', 61.4, 61.4, 200)
('read', 61.4, 61.4, 200)
('read', 61.4, 61.4, 200)
('read', 61.4, 61.4, 200)
('read', 61.4, 61.4, 200)
('read', 61.4, 61.4, 200)
('read', 61.4, 61.4, 200)
('read', 61.4, 61.4, 200)
('read', 61.4, 61.4, 200)
('read', 61.4, 61.4, 200)
('read', 61.4, 61.4, 200)
('read', 61.4, 61.4, 200)
('read', 61.4, 61.4, 200)
('read', 61.4, 61.4, 200)
('read', 61.4, 61.4, 200)
('read', 61.4, 61.4, 200)
('read', 61.4, 61.4, 200)
('read', 61.4, 61.4, 200)
('read', 61.4, 61.4, 200)
('read', 61.4, 61.4, 200)
('read', 61.4, 61.4, 200)
('read', 61.4, 61.5, 200)
('read', 61.4, 61.5, 200)
('read', 61.4, 61.5, 200)
('ready', 61.4, 61.5, 200)
('read', 61.5, 61.5, 200)
('read', 61.5, 61.5, 200)
('read', 61.5, 61.5, 200)
('read', 61.5, 61.5, 200)
('read', 61.5, 61.5, 200)
('read', 61.5, 61.5, 200)
('read', 61.5, 61.5, 200)
('read', 61.5, 61.5, 200)
('read', 61.5, 61.5, 200)
('read', 61.5, 61.5, 200)
('read', 61.5, 61.5, 200)
('read', 61.5, 61.5, 200)
('read', 61.5, 61.5, 200)
('read', 61.5, 61.5, 200)
('read', 61.5, 61.5, 200)
('read', 61.5, 61.5, 200)
('read', 61.5, 61.5, 200)
('read', 61.5, 61.5, 200)
('read', 61.5, 61.5, 200)
('read', 61.5, 61.5, 200)
('read', 61.5, 61.5, 200)
('read', 61.5, 61.5, 200)
('read', 61.5, 61.5, 200)
('read', 61.5, 61.5, 200)
('read', 61.5, 61.5, 200)
('ready', 61.5, 61.5, 200)
('read', 61.5, 61.5, 200)
('read', 61.5, 61.5, 200)
('read', 61.5, 61.5, 200)
('read', 61.5, 61.6, 200)
('read', 61.5, 61.6, 200)
('read', 61.5, 61.6, 200)
('ready', 61.5, 61.6, 200)
('read', 61.6, 61.6, 200)
('read', 61.6, 61.6, 200)
('read', 61.6, 61.6, 200)
('read', 61.6, 61.6, 200)
('read', 61.6, 61.6, 200)
('read', 61.6, 61.6, 200)
('read', 61.6, 61.6, 200)
('read', 61.6, 61.6, 200)
('read', 61.6, 61.6, 200)
('read', 61.6, 61.6, 200)
('read', 61.6, 61.6, 200)
('read', 61.6, 61.6, 200)
('read', 61.6, 61.6, 200)
('read', 61.6, 61.6, 200)
('read', 61.6, 61.6, 200)
('read', 61.6, 61.6, 200)
('read', 61.6, 61.6, 200)
('read', 61.6, 61.6, 200)
('read', 61.6, 61.6, 200)
('read', 61.6, 61.6, 200)
('read', 61.6, 61.6, 200)
('read', 61.6, 61.6, 200)
('read', 61.6, 61.6, 200)
('read', 61.6, 61.6, 200)
('read', 61.6, 61.6, 200)
('read', 61.6, 61.6, 200)
('read', 61.6, 61.6, 200)
('read', 61.6, 61.6, 200)
('read', 61.6, 61.6, 200)
('read', 61.6, 61.6, 200)
('read', 61.6, 61.6, 200)
('read', 61.6, 61.6, 200)
('read', 61.6, 61.6, 200)
('read', 61.6, 61.6, 200)
('read', 61.6, 61.7, 200)
('read', 61.6, 61.7, 200)
('read', 61.6, 61.7, 200)
('ready', 61.6, 61.7, 200)
('read', 61.7, 61.7, 200)
('read', 61.7, 61.7, 200)
('read', 61.7, 61.7, 200)
('read', 61.7, 61.7, 200)
('read', 61.7, 61.7, 200)
('read', 61.7, 61.7, 200)
('read', 61.7, 61.7, 200)
('read', 61.7, 61.7, 200)
('read', 61.7, 61.7, 200)
('read', 61.7, 61.7, 200)
('read', 61.7, 61.7, 200)
('read', 61.7, 61.7, 200)
('read', 61.7, 61.7, 200)
('read', 61.7, 61.7, 200)
('read', 61.7, 61.7, 200)
('read', 61.7, 61.7, 200)
('read', 61.7, 61.7, 200)
('read', 61.7, 61.7, 200)
('read', 61.7, 61.7, 200)
('read', 61.7, 61.7, 200)
('read', 61.7, 61.7, 200)
('read', 61.7, 61.7, 200)
('read', 61.7, 61.7, 200)
('read', 61.7, 61.7, 200)
('read', 61.7, 61.7, 200)
('read', 61.7, 61.7, 200)
('read', 61.7, 61.7, 200)
('read', 61.7, 61.7, 200)
('ready', 61.7, 61.7, 200)
('read', 61.7, 61.7, 200)
('read', 61.7, 61.7, 200)
('read', 61.7, 61.7, 200)
('read', 61.7, 61.7, 200)
('read', 61.7, 61.8, 200)
('read', 61.7, 61.8, 200)
('read', 61.7, 61.8, 200)
('ready', 61.7, 61.8, 200)
('read', 61.8, 61.8, 200)
('read', 61.8, 61.8, 200)
('read', 61.8, 61.8, 200)
('read', 61.8, 61.8, 200)
('read', 61.8, 61.8, 200)
('read', 61.8, 61.8, 200)
('read', 61.8, 61.8, 200)
('read', 61.8, 61.8, 200)
('read', 61.8, 61.8, 200)
('read', 61.8, 61.8, 200)
('read', 61.8, 61.8, 200)
('read', 61.8, 61.8, 200)
('read', 61.8, 61.8, 200)
('read', 61.8, 61.8, 200)
('read', 61.8, 61.8, 200)
('read', 61.8, 61.8, 200)
('read', 61.8, 61.8, 200)
('read', 61.8, 61.8, 200)
('read', 61.8, 61.8, 200)
('read', 61.8, 61.8, 200)
('read', 61.8, 61.8, 200)
('read', 61.8, 61.8, 200)
('read', 61.8, 61.8, 200)
('read', 61.8, 61.8, 200)
('read', 61.8, 61.8, 200)
('read', 61.8, 61.8, 200)
('read', 61.8, 61.8, 200)
('read', 61.8, 61.8, 200)
('read', 61.8, 61.8, 200)
('read', 61.8, 61.8, 200)
('read', 61.8, 61.9, 200)
('read', 61.8, 61.9, 200)
('read', 61.8, 61.9, 200)
('ready', 61.8, 61.9, 200)
('read', 61.9, 61.9, 200)
('read', 61.9, 61.9, 200)
('read', 61.9, 61.9, 200)
('read', 61.9, 61.9, 200)
('read', 61.9, 61.9, 200)
('read', 61.9, 61.9, 200)
('read', 61.9, 61.9, 200)
('read', 61.9, 61.9, 200)
('read', 61.9, 61.9, 200)
('read', 61.9, 61.9, 200)
('read', 61.9, 61.9, 200)
('read', 61.9, 61.9, 200)
('read', 61.9, 61.9, 200)
('read', 61.9, 61.9, 200)
('read', 61.9, 61.9, 200)
('read', 61.9, 61.9, 200)
('read', 61.9, 61.9, 200)
('read', 61.9, 61.9, 200)
('read', 61.9, 61.9, 200)
('read', 61.9, 61.9, 200)
('read', 61.9, 62.0, 200)
('read', 61.9, 62.0, 200)
('read', 61.9, 62.0, 200)
('ready', 61.9, 62.0, 200)
('read', 62.0, 62.0, 200)
('read', 62.0, 62.0, 200)
('read', 62.0, 62.0, 200)
('read', 62.0, 62.0, 200)
('read', 62.0, 62.0, 200)
('read', 62.0, 62.0, 200)
('read', 62.0, 62.0, 200)
('read', 62.0, 62.0, 200)
('read', 62.0, 62.0, 200)
('read', 62.0, 62.0, 200)
('read', 62.0, 62.0, 200)
('read', 62.0, 62.0, 200)
('read', 62.0, 62.0, 200)
('read', 62.0, 62.0, 200)
('read', 62.0, 62.0, 200)
('read', 62.0, 62.0, 200)
('read', 62.0, 62.0, 200)
('read', 62.0, 62.0, 200)
('read', 62.0, 62.0, 200)
('read', 62.0, 62.0, 200)
('read', 62.0, 62.0, 200)
('read', 62.0, 62.0, 200)
('read', 62.0, 62.0, 200)
('read', 62.0, 62.0, 200)
('read', 62.0, 62.0, 200)
('read', 62.0, 62.0, 200)
('read', 62.0, 62.0, 200)
('read', 62.0, 62.0, 200)
('read', 62.0, 62.0, 200)
('read', 62.0, 62.0, 200)
('read', 62.0, 62.0, 200)
('read', 62.0, 62.1, 200)
('read', 62.0, 62.1, 200)
('ready', 62.0, 62.1, 200)
('read', 62.0, 62.1, 200)
('read', 62.1, 62.1, 200)
('read', 62.1, 62.1, 200)
('read', 62.1, 62.1, 200)
('read', 62.1, 62.1, 200)
('read', 62.1, 62.1, 200)
('read', 62.1, 62.1, 200)
('read', 62.1, 62.1, 200)
('read', 62.1, 62.1, 200)
('read', 62.1, 62.1, 200)
('read', 62.1, 62.1, 200)
('read', 62.1, 62.1, 200)
('read', 62.1, 62.1, 200)
('read', 62.1, 62.1, 200)
('read', 62.1, 62.1, 200)
('read', 62.1, 62.1, 200)
('read', 62.1, 62.1, 200)
('read', 62.1, 62.1, 200)
('read', 62.1, 62.1, 200)
('read', 62.1, 62.1, 200)
('read', 62.1, 62.1, 200)
('read', 62.1, 62.1, 200)
('read', 62.1, 62.1, 200)
('read', 62.1, 62.1, 200)
('read', 62.1, 62.1, 200)
('ready', 62.1, 62.1, 200)
('read', 62.1, 62.1, 200)
('read', 62.1, 62.1, 200)
('read', 62.1, 62.1, 200)
('read', 62.1, 62.1, 200)
('read', 62.1, 62.1, 200)
('read', 62.1, 62.1, 200)
('read', 62.1, 62.1, 200)
('read', 62.1, 62.1, 200)
('read', 62.1, 62.1, 200)
('read', 62.1, 62.2, 200)
('read', 62.1, 62.2, 200)
('read', 62.1, 62.2, 200)
('ready', 62.1, 62.2, 200)
('read', 62.2, 62.2, 200)
('read', 62.2, 62.2, 200)
('read', 62.2, 62.2, 200)
('read', 62.2, 62.2, 200)
('read', 62.2, 62.2, 200)
('read', 62.2, 62.2, 200)
('read', 62.2, 62.2, 200)
('read', 62.2, 62.2, 200)
('read', 62.2, 62.2, 200)
('read', 62.2, 62.2, 200)
('read', 62.2, 62.2, 200)
('read', 62.2, 62.2, 200)
('read', 62.2, 62.2, 200)
('read', 62.2, 62.2, 200)
('read', 62.2, 62.2, 200)
('read', 62.2, 62.2, 200)
('read', 62.2, 62.2, 200)
('read', 62.2, 62.2, 200)
('read', 62.2, 62.2, 200)
('read', 62.2, 62.2, 200)
('read', 62.2, 62.2, 200)
('read', 62.2, 62.2, 200)
('read', 62.2, 62.2, 200)
('read', 62.2, 62.2, 200)
('read', 62.2, 62.2, 200)
('read', 62.2, 62.2, 200)
('read', 62.2, 62.2, 200)
('read', 62.2, 62.2, 200)
('read', 62.2, 62.2, 200)
('read', 62.2, 62.2, 200)
('read', 62.2, 62.2, 200)
('read', 62.2, 62.2, 200)
('read', 62.2, 62.3, 200)
('read', 62.2, 62.3, 200)
('read', 62.2, 62.3, 200)
('ready', 62.2, 62.3, 200)
('read', 62.3, 62.3, 200)
('read', 62.3, 62.3, 200)
('read', 62.3, 62.3, 200)
('read', 62.3, 62.3, 200)
('read', 62.3, 62.3, 200)
('read', 62.3, 62.3, 200)
('read', 62.3, 62.3, 200)
('read', 62.3, 62.3, 200)
('read', 62.3, 62.3, 200)
('read', 62.3, 62.3, 200)
('read', 62.3, 62.3, 200)
('read', 62.3, 62.3, 200)
('read', 62.3, 62.3, 200)
('read', 62.3, 62.3, 200)
('read', 62.3, 62.3, 200)
('read', 62.3, 62.3, 200)
('read', 62.3, 62.3, 200)
('read', 62.3, 62.3, 200)
('read', 62.3, 62.3, 200)
('read', 62.3, 62.3, 200)
('read', 62.3, 62.3, 200)
('read', 62.3, 62.3, 200)
('read', 62.3, 62.3, 200)
('read', 62.3, 62.3, 200)
('ready', 62.3, 62.3, 200)
('read', 62.3, 62.3, 200)
('read', 62.3, 62.3, 200)
('read', 62.3, 62.3, 200)
('read', 62.3, 62.3, 200)
('read', 62.3, 62.3, 200)
('read', 62.3, 62.3, 200)
('read', 62.3, 62.3, 200)
('read', 62.3, 62.3, 200)
('read', 62.3, 62.4, 200)
('read', 62.3, 62.4, 200)
('read', 62.3, 62.4, 200)
('ready', 62.3, 62.4, 200)
('read', 62.4, 62.4, 200)
('read', 62.4, 62.4, 200)
('read', 62.4, 62.4, 200)
('read', 62.4, 62.4, 200)
('read', 62.4, 62.4, 200)
('read', 62.4, 62.4, 200)
('read', 62.4, 62.4, 200)
('read', 62.4, 62.4, 200)
('read', 62.4, 62.4, 200)
('read', 62.4, 62.4, 200)
('read', 62.4, 62.4, 200)
('read', 62.4, 62.4, 200)
('read', 62.4, 62.4, 200)
('read', 62.4, 62.4, 200)
('read', 62.4, 62.4, 200)
('read', 62.4, 62.4, 200)
('read', 62.4, 62.4, 200)
('read', 62.4, 62.4, 200)
('read', 62.4, 62.4, 200)
('read', 62.4, 62.4, 200)
('read', 62.4, 62.4, 200)
('read', 62.4, 62.4, 200)
('read', 62.4, 62.4, 200)
('read', 62.4, 62.4, 200)
('read', 62.4, 62.4, 200)
('read', 62.4, 62.4, 200)
('read', 62.4, 62.4, 200)
('read', 62.4, 62.4, 200)
('read', 62.4, 62.4, 200)
('read', 62.4, 62.4, 200)
('read', 62.4, 62.4, 200)
('read', 62.4, 62.4, 200)
('read', 62.4, 62.4, 200)
('read', 62.4, 62.5, 200)
('read', 62.4, 62.5, 200)
('read', 62.4, 62.5, 200)
('ready', 62.4, 62.5, 200)
('read', 62.5, 62.5, 200)
('read', 62.5, 62.5, 200)
('read', 62.5, 62.5, 200)
('read', 62.5, 62.5, 200)
('read', 62.5, 62.5, 200)
('read', 62.5, 62.5, 200)
('read', 62.5, 62.5, 200)
('read', 62.5, 62.5, 200)
('read', 62.5, 62.5, 200)
('read', 62.5, 62.5, 200)
('read', 62.5, 62.5, 200)
('read', 62.5, 62.5, 200)
('read', 62.5, 62.5, 200)
('read', 62.5, 62.5, 200)
('read', 62.5, 62.5, 200)
('read', 62.5, 62.5, 200)
('read', 62.5, 62.5, 200)
('read', 62.5, 62.5, 200)
('read', 62.5, 62.5, 200)
('read', 62.5, 62.5, 200)
('read', 62.5, 62.5, 200)
('read', 62.5, 62.5, 200)
('read', 62.5, 62.5, 200)
('read', 62.5, 62.5, 200)
('read', 62.5, 62.5, 200)
('ready', 62.5, 62.5, 200)
('read', 62.5, 62.5, 200)
('read', 62.5, 62.5, 200)
('read', 62.5, 62.5, 200)
('read', 62.5, 62.5, 200)
('read', 62.5, 62.5, 200)
('read', 62.5, 62.5, 200)
('read', 62.5, 62.5, 200)
('read', 62.5, 62.5, 200)
('read', 62.5, 62.6, 200)
('read', 62.5, 62.6, 200)
('read', 62.5, 62.6, 200)
('ready', 62.5, 62.6, 200)
('read', 62.6, 62.6, 200)
('read', 62.6, 62.6, 200)
('read', 62.6, 62.6, 200)
('read', 62.6, 62.6, 200)
('read', 62.6, 62.6, 200)
('read', 62.6, 62.6, 200)
('read', 62.6, 62.6, 200)
('read', 62.6, 62.6, 200)
('read', 62.6, 62.6, 200)
('read', 62.6, 62.6, 200)
('read', 62.6, 62.6, 200)
('read', 62.6, 62.6, 200)
('read', 62.6, 62.6, 200)
('read', 62.6, 62.6, 200)
('read', 62.6, 62.6, 200)
('read', 62.6, 62.6, 200)
('read', 62.6, 62.6, 200)
('read', 62.6, 62.6, 200)
('read', 62.6, 62.6, 200)
('read', 62.6, 62.6, 200)
('read', 62.6, 62.6, 200)
('read', 62.6, 62.6, 200)
('read', 62.6, 62.6, 200)
('read', 62.6, 62.6, 200)
('read', 62.6, 62.6, 200)
('read', 62.6, 62.6, 200)
('read', 62.6, 62.6, 200)
('read', 62.6, 62.6, 200)
('read', 62.6, 62.6, 200)
('read', 62.6, 62.6, 200)
('read', 62.6, 62.6, 200)
('read', 62.6, 62.6, 200)
('read', 62.6, 62.6, 200)
('read', 62.6, 62.7, 200)
('read', 62.6, 62.7, 200)
('read', 62.6, 62.7, 200)
('ready', 62.6, 62.7, 200)
('read', 62.7, 62.7, 200)
('read', 62.7, 62.7, 200)
('read', 62.7, 62.7, 200)
('read', 62.7, 62.7, 200)
('read', 62.7, 62.7, 200)
('read', 62.7, 62.7, 200)
('read', 62.7, 62.7, 200)
('read', 62.7, 62.7, 200)
('read', 62.7, 62.7, 200)
('read', 62.7, 62.7, 200)
('read', 62.7, 62.7, 200)
('read', 62.7, 62.7, 200)
('read', 62.7, 62.7, 200)
('read', 62.7, 62.7, 200)
('read', 62.7, 62.7, 200)
('read', 62.7, 62.7, 200)
('read', 62.7, 62.7, 200)
('read', 62.7, 62.7, 200)
('read', 62.7, 62.7, 200)
('read', 62.7, 62.7, 200)
('read', 62.7, 62.7, 200)
('read', 62.7, 62.7, 200)
('read', 62.7, 62.7, 200)
('read', 62.7, 62.7, 200)
('read', 62.7, 62.7, 200)
('read', 62.7, 62.7, 200)
('ready', 62.7, 62.7, 200)
('read', 62.7, 62.7, 200)
('read', 62.7, 62.7, 200)
('read', 62.7, 62.7, 200)
('read', 62.7, 62.7, 200)
('read', 62.7, 62.8, 200)
('read', 62.7, 62.8, 200)
('read', 62.7, 62.8, 200)
('ready', 62.7, 62.8, 200)
('read', 62.8, 62.8, 200)
('read', 62.8, 62.8, 200)
('read', 62.8, 62.8, 200)
('read', 62.8, 62.8, 200)
('read', 62.8, 62.8, 200)
('read', 62.8, 62.8, 200)
('read', 62.8, 62.8, 200)
('read', 62.8, 62.8, 200)
('read', 62.8, 62.8, 200)
('read', 62.8, 62.8, 200)
('read', 62.8, 62.8, 200)
('read', 62.8, 62.8, 200)
('read', 62.8, 62.8, 200)
('read', 62.8, 62.8, 200)
('read', 62.8, 62.8, 200)
('read', 62.8, 62.8, 200)
('read', 62.8, 62.8, 200)
('read', 62.8, 62.8, 200)
('read', 62.8, 62.8, 200)
('read', 62.8, 62.8, 200)
('read', 62.8, 62.8, 200)
('read', 62.8, 62.8, 200)
('read', 62.8, 62.8, 200)
('read', 62.8, 62.8, 200)
('read', 62.8, 62.8, 200)
('read', 62.8, 62.8, 200)
('read', 62.8, 62.8, 200)
('read', 62.8, 62.8, 200)
('read', 62.8, 62.8, 200)
('read', 62.8, 62.8, 200)
('read', 62.8, 62.8, 200)
('read', 62.8, 62.8, 200)
('read', 62.8, 62.9, 200)
('read', 62.8, 62.9, 200)
('read', 62.8, 62.9, 200)
('ready', 62.8, 62.9, 200)
('read', 62.9, 62.9, 200)
('read', 62.9, 62.9, 200)
('read', 62.9, 62.9, 200)
('read', 62.9, 62.9, 200)
('read', 62.9, 62.9, 200)
('read', 62.9, 62.9, 200)
('read', 62.9, 62.9, 200)
('read', 62.9, 62.9, 200)
('read', 62.9, 62.9, 200)
('read', 62.9, 62.9, 200)
('read', 62.9, 62.9, 200)
('read', 62.9, 62.9, 200)
('read', 62.9, 62.9, 200)
('read', 62.9, 62.9, 200)
('read', 62.9, 62.9, 200)
('read', 62.9, 62.9, 200)
('read', 62.9, 62.9, 200)
('read', 62.9, 62.9, 200)
('read', 62.9, 62.9, 200)
('read', 62.9, 62.9, 200)
('read', 62.9, 62.9, 200)
('read', 62.9, 62.9, 200)
('read', 62.9, 62.9, 200)
('read', 62.9, 62.9, 200)
('read', 62.9, 62.9, 200)
('read', 62.9, 62.9, 200)
('read', 62.9, 62.9, 200)
('ready', 62.9, 62.9, 200)
('read', 62.9, 62.9, 200)
('read', 62.9, 62.9, 200)
('read', 62.9, 62.9, 200)
('read', 62.9, 63.0, 200)
('read', 62.9, 63.0, 200)
('read', 62.9, 63.0, 200)
('ready', 62.9, 63.0, 200)
('read', 63.0, 63.0, 200)
('read', 63.0, 63.0, 200)
('read', 63.0, 63.0, 200)
('read', 63.0, 63.0, 200)
('read', 63.0, 63.0, 200)
('read', 63.0, 63.0, 200)
('read', 63.0, 63.0, 200)
('read', 63.0, 63.0, 200)
('read', 63.0, 63.0, 200)
('read', 63.0, 63.0, 200)
('read', 63.0, 63.0, 200)
('read', 63.0, 63.0, 200)
('read', 63.0, 63.0, 200)
('read', 63.0, 63.0, 200)
('read', 63.0, 63.0, 200)
('read', 63.0, 63.0, 200)
('read', 63.0, 63.0, 200)
('read', 63.0, 63.0, 200)
('read', 63.0, 63.0, 200)
('read', 63.0, 63.0, 200)
('read', 63.0, 63.0, 200)
('read', 63.0, 63.0, 200)
('read', 63.0, 63.0, 200)
('read', 63.0, 63.0, 200)
('read', 63.0, 63.0, 200)
('read', 63.0, 63.0, 200)
('read', 63.0, 63.0, 200)
('read', 63.0, 63.0, 200)
('read', 63.0, 63.0, 200)
('read', 63.0, 63.0, 200)
('read', 63.0, 63.0, 200)
('read', 63.0, 63.1, 200)
('read', 63.0, 63.1, 200)
('read', 63.0, 63.1, 200)
('ready', 63.0, 63.1, 200)
('read', 63.1, 63.1, 200)
('read', 63.1, 63.1, 200)
('read', 63.1, 63.1, 200)
('read', 63.1, 63.1, 200)
('read', 63.1, 63.1, 200)
('read', 63.1, 63.1, 200)
('read', 63.1, 63.1, 200)
('read', 63.1, 63.1, 200)
('read', 63.1, 63.1, 200)
('read', 63.1, 63.1, 200)
('read', 63.1, 63.1, 200)
('read', 63.1, 63.1, 200)
('read', 63.1, 63.1, 200)
('read', 63.1, 63.1, 200)
('read', 63.1, 63.1, 200)
('read', 63.1, 63.1, 200)
('read', 63.1, 63.1, 200)
('read', 63.1, 63.1, 200)
('read', 63.1, 63.1, 200)
('read', 63.1, 63.1, 200)
('read', 63.1, 63.1, 200)
('read', 63.1, 63.1, 200)
('read', 63.1, 63.1, 200)
('read', 63.1, 63.1, 200)
('read', 63.1, 63.1, 200)
('read', 63.1, 63.1, 200)
('read', 63.1, 63.1, 200)
('read', 63.1, 63.1, 200)
('read', 63.1, 63.1, 200)
('ready', 63.1, 63.1, 200)
('read', 63.1, 63.2, 200)
('read', 63.1, 63.2, 200)
('read', 63.1, 63.2, 200)
('ready', 63.1, 63.2, 200)
('read', 63.2, 63.2, 200)
('read', 63.2, 63.2, 200)
('read', 63.2, 63.2, 200)
('read', 63.2, 63.2, 200)
('read', 63.2, 63.2, 200)
('read', 63.2, 63.2, 200)
('read', 63.2, 63.2, 200)
('read', 63.2, 63.2, 200)
('read', 63.2, 63.2, 200)
('read', 63.2, 63.2, 200)
('read', 63.2, 63.2, 200)
('read', 63.2, 63.2, 200)
('read', 63.2, 63.2, 200)
('read', 63.2, 63.2, 200)
('read', 63.2, 63.2, 200)
('read', 63.2, 63.2, 200)
('read', 63.2, 63.2, 200)
('read', 63.2, 63.2, 200)
('read', 63.2, 63.2, 200)
('read', 63.2, 63.2, 200)
('read', 63.2, 63.2, 200)
('read', 63.2, 63.2, 200)
('read', 63.2, 63.2, 200)
('read', 63.2, 63.2, 200)
('read', 63.2, 63.2, 200)
('read', 63.2, 63.2, 200)
('read', 63.2, 63.2, 200)
('read', 63.2, 63.2, 200)
('read', 63.2, 63.2, 200)
('read', 63.2, 63.2, 200)
('read', 63.2, 63.2, 200)
('read', 63.2, 63.3, 200)
('read', 63.2, 63.3, 200)
('read', 63.2, 63.3, 200)
('ready', 63.2, 63.3, 200)
('read', 63.3, 63.3, 200)
('read', 63.3, 63.3, 200)
('read', 63.3, 63.3, 200)
('read', 63.3, 63.3, 200)
('read', 63.3, 63.3, 200)
('read', 63.3, 63.3, 200)
('read', 63.3, 63.3, 200)
('read', 63.3, 63.3, 200)
('read', 63.3, 63.3, 200)
('read', 63.3, 63.3, 200)
('read', 63.3, 63.3, 200)
('read', 63.3, 63.3, 200)
('read', 63.3, 63.3, 200)
('read', 63.3, 63.3, 200)
('read', 63.3, 63.3, 200)
('read', 63.3, 63.3, 200)
('read', 63.3, 63.3, 200)
('read', 63.3, 63.3, 200)
('read', 63.3, 63.3, 200)
('read', 63.3, 63.3, 200)
('read', 63.3, 63.3, 200)
('read', 63.3, 63.3, 200)
('read', 63.3, 63.3, 200)
('read', 63.3, 63.3, 200)
('read', 63.3, 63.3, 200)
('read', 63.3, 63.3, 200)
('read', 63.3, 63.3, 200)
('read', 63.3, 63.3, 200)
('read', 63.3, 63.3, 200)
('read', 63.3, 63.3, 200)
('read', 63.3, 63.3, 200)
('read', 63.3, 63.3, 200)
('read', 63.3, 63.4, 200)
('read', 63.3, 63.4, 200)
('read', 63.3, 63.4, 200)
('ready', 63.3, 63.4, 200)
('read', 63.4, 63.4, 200)
('read', 63.4, 63.4, 200)
('read', 63.4, 63.4, 200)
('read', 63.4, 63.4, 200)
('read', 63.4, 63.4, 200)
('read', 63.4, 63.4, 200)
('read', 63.4, 63.4, 200)
('read', 63.4, 63.4, 200)
('read', 63.4, 63.4, 200)
('read', 63.4, 63.4, 200)
('read', 63.4, 63.4, 200)
('read', 63.4, 63.4, 200)
('read', 63.4, 63.4, 200)
('read', 63.4, 63.4, 200)
('read', 63.4, 63.4, 200)
('read', 63.4, 63.4, 200)
('read', 63.4, 63.4, 200)
('read', 63.4, 63.4, 200)
('read', 63.4, 63.4, 200)
('read', 63.4, 63.4, 200)
('read', 63.4, 63.4, 200)
('read', 63.4, 63.4, 200)
('read', 63.4, 63.4, 200)
('read', 63.4, 63.4, 200)
('read', 63.4, 63.4, 200)
('ready', 63.4, 63.4, 200)
('read', 63.4, 63.4, 200)
('read', 63.4, 63.4, 200)
('read', 63.4, 63.4, 200)
('read', 63.4, 63.4, 200)
('read', 63.4, 63.4, 200)
('read', 63.4, 63.4, 200)
('read', 63.4, 63.5, 200)
('read', 63.4, 63.5, 200)
('read', 63.4, 63.5, 200)
('ready', 63.4, 63.5, 200)
('read', 63.5, 63.5, 200)
('read', 63.5, 63.5, 200)
('read', 63.5, 63.5, 200)
('read', 63.5, 63.5, 200)
('read', 63.5, 63.5, 200)
('read', 63.5, 63.5, 200)
('read', 63.5, 63.5, 200)
('read', 63.5, 63.5, 200)
('read', 63.5, 63.5, 200)
('read', 63.5, 63.5, 200)
('read', 63.5, 63.5, 200)
('read', 63.5, 63.5, 200)
('read', 63.5, 63.5, 200)
('read', 63.5, 63.5, 200)
('read', 63.5, 63.5, 200)
('read', 63.5, 63.5, 200)
('read', 63.5, 63.5, 200)
('read', 63.5, 63.5, 200)
('read', 63.5, 63.5, 200)
('read', 63.5, 63.5, 200)
('read', 63.5, 63.5, 200)
('read', 63.5, 63.5, 200)
('read', 63.5, 63.5, 200)
('read', 63.5, 63.5, 200)
('read', 63.5, 63.5, 200)
('read', 63.5, 63.5, 200)
('read', 63.5, 63.5, 200)
('read', 63.5, 63.5, 200)
('read', 63.5, 63.5, 200)
('read', 63.5, 63.5, 200)
('read', 63.5, 63.5, 200)
('read', 63.5, 63.5, 200)
('read', 63.5, 63.6, 200)
('read', 63.5, 63.6, 200)
('read', 63.5, 63.6, 200)
('ready', 63.5, 63.6, 200)
('read', 63.6, 63.6, 200)
('read', 63.6, 63.6, 200)
('read', 63.6, 63.6, 200)
('read', 63.6, 63.6, 200)
('read', 63.6, 63.6, 200)
('read', 63.6, 63.6, 200)
('read', 63.6, 63.6, 200)
('read', 63.6, 63.6, 200)
('read', 63.6, 63.6, 200)
('read', 63.6, 63.6, 200)
('read', 63.6, 63.6, 200)
('read', 63.6, 63.6, 200)
('read', 63.6, 63.6, 200)
('read', 63.6, 63.6, 200)
('read', 63.6, 63.6, 200)
('read', 63.6, 63.6, 200)
('read', 63.6, 63.6, 200)
('read', 63.6, 63.6, 200)
('read', 63.6, 63.6, 200)
('read', 63.6, 63.6, 200)
('read', 63.6, 63.6, 200)
('read', 63.6, 63.6, 200)
('read', 63.6, 63.6, 200)
('read', 63.6, 63.6, 200)
('read', 63.6, 63.6, 200)
('read', 63.6, 63.6, 200)
('read', 63.6, 63.6, 200)
('read', 63.6, 63.6, 200)
('read', 63.6, 63.6, 200)
('ready', 63.6, 63.6, 200)
('read', 63.6, 63.6, 200)
('read', 63.6, 63.6, 200)
('read', 63.6, 63.6, 200)
('read', 63.6, 63.7, 200)
('read', 63.6, 63.7, 200)
('read', 63.6, 63.7, 200)
('ready', 63.6, 63.7, 200)
('read', 63.7, 63.7, 200)
('read', 63.7, 63.7, 200)
('read', 63.7, 63.7, 200)
('read', 63.7, 63.7, 200)
('read', 63.7, 63.7, 200)
('read', 63.7, 63.7, 200)
('read', 63.7, 63.7, 200)
('read', 63.7, 63.7, 200)
('read', 63.7, 63.7, 200)
('read', 63.7, 63.7, 200)
('read', 63.7, 63.7, 200)
('read', 63.7, 63.7, 200)
('read', 63.7, 63.7, 200)
('read', 63.7, 63.7, 200)
('read', 63.7, 63.7, 200)
('read', 63.7, 63.7, 200)
('read', 63.7, 63.7, 200)
('read', 63.7, 63.7, 200)
('read', 63.7, 63.7, 200)
('read', 63.7, 63.7, 200)
('read', 63.7, 63.7, 200)
('read', 63.7, 63.7, 200)
('read', 63.7, 63.7, 200)
('read', 63.7, 63.7, 200)
('read', 63.7, 63.7, 200)
('read', 63.7, 63.7, 200)
('read', 63.7, 63.7, 200)
('read', 63.7, 63.7, 200)
('read', 63.7, 63.7, 200)
('read', 63.7, 63.7, 200)
('read', 63.7, 63.8, 200)
('read', 63.7, 63.8, 200)
('read', 63.7, 63.8, 200)
('ready', 63.7, 63.8, 200)
('read', 63.8, 63.8, 200)
('read', 63.8, 63.8, 200)
('read', 63.8, 63.8, 200)
('read', 63.8, 63.8, 200)
('read', 63.8, 63.8, 200)
('read', 63.8, 63.8, 200)
('read', 63.8, 63.8, 200)
('read', 63.8, 63.8, 200)
('read', 63.8, 63.8, 200)
('read', 63.8, 63.8, 200)
('read', 63.8, 63.8, 200)
('read', 63.8, 63.8, 200)
('read', 63.8, 63.8, 200)
('read', 63.8, 63.8, 200)
('read', 63.8, 63.8, 200)
('read', 63.8, 63.8, 200)
('read', 63.8, 63.8, 200)
('read', 63.8, 63.8, 200)
('read', 63.8, 63.8, 200)
('read', 63.8, 63.8, 200)
('read', 63.8, 63.8, 200)
('read', 63.8, 63.8, 200)
('read', 63.8, 63.8, 200)
('read', 63.8, 63.8, 200)
('read', 63.8, 63.8, 200)
('read', 63.8, 63.8, 200)
('read', 63.8, 63.8, 200)
('read', 63.8, 63.8, 200)
('read', 63.8, 63.8, 200)
('read', 63.8, 63.8, 200)
('read', 63.8, 63.8, 200)
('ready', 63.8, 63.8, 200)
('read', 63.8, 63.8, 200)
('read', 63.8, 63.8, 200)
('read', 63.8, 63.9, 200)
('read', 63.8, 63.9, 200)
('read', 63.8, 63.9, 200)
('ready', 63.8, 63.9, 200)
('read', 63.9, 63.9, 200)
('read', 63.9, 63.9, 200)
('read', 63.9, 63.9, 200)
('read', 63.9, 63.9, 200)
('read', 63.9, 63.9, 200)
('read', 63.9, 63.9, 200)
('read', 63.9, 63.9, 200)
('read', 63.9, 63.9, 200)
('read', 63.9, 63.9, 200)
('read', 63.9, 63.9, 200)
('read', 63.9, 63.9, 200)
('read', 63.9, 63.9, 200)
('read', 63.9, 63.9, 200)
('read', 63.9, 63.9, 200)
('read', 63.9, 63.9, 200)
('read', 63.9, 63.9, 200)
('read', 63.9, 63.9, 200)
('read', 63.9, 63.9, 200)
('read', 63.9, 63.9, 200)
('read', 63.9, 63.9, 200)
('read', 63.9, 63.9, 200)
('read', 63.9, 63.9, 200)
('read', 63.9, 63.9, 200)
('read', 63.9, 63.9, 200)
('read', 63.9, 63.9, 200)
('read', 63.9, 63.9, 200)
('read', 63.9, 63.9, 200)
('read', 63.9, 63.9, 200)
('read', 63.9, 63.9, 200)
('read', 63.9, 63.9, 200)
('read', 63.9, 63.9, 200)
('read', 63.9, 63.9, 200)
('read', 63.9, 64.0, 200)
('read', 63.9, 64.0, 200)
('read', 63.9, 64.0, 200)
('ready', 63.9, 64.0, 200)
('read', 64.0, 64.0, 200)
('read', 64.0, 64.0, 200)
('read', 64.0, 64.0, 200)
('read', 64.0, 64.0, 200)
('read', 64.0, 64.0, 200)
('read', 64.0, 64.0, 200)
('read', 64.0, 64.0, 200)
('read', 64.0, 64.0, 200)
('read', 64.0, 64.0, 200)
('read', 64.0, 64.0, 200)
('read', 64.0, 64.0, 200)
('read', 64.0, 64.0, 200)
('read', 64.0, 64.0, 200)
('read', 64.0, 64.0, 200)
('read', 64.0, 64.0, 200)
('read', 64.0, 64.0, 200)
('read', 64.0, 64.0, 200)
('read', 64.0, 64.0, 200)
('read', 64.0, 64.0, 200)
('read', 64.0, 64.0, 200)
('read', 64.0, 64.0, 200)
('read', 64.0, 64.0, 200)
('read', 64.0, 64.0, 200)
('read', 64.0, 64.0, 200)
('read', 64.0, 64.0, 200)
('read', 64.0, 64.0, 200)
('read', 64.0, 64.0, 200)
('read', 64.0, 64.0, 200)
('read', 64.0, 64.0, 200)
('read', 64.0, 64.0, 200)
('read', 64.0, 64.0, 200)
('read', 64.0, 64.0, 200)
('ready', 64.0, 64.0, 200)
('read', 64.0, 64.1, 200)
('read', 64.0, 64.1, 200)
('read', 64.0, 64.1, 200)
('ready', 64.0, 64.1, 200)
('read', 64.1, 64.1, 200)
('read', 64.1, 64.1, 200)
('read', 64.1, 64.1, 200)
('read', 64.1, 64.1, 200)
('read', 64.1, 64.1, 200)
('read', 64.1, 64.1, 200)
('read', 64.1, 64.1, 200)
('read', 64.1, 64.1, 200)
('read', 64.1, 64.1, 200)
('read', 64.1, 64.1, 200)
('read', 64.1, 64.1, 200)
('read', 64.1, 64.1, 200)
('read', 64.1, 64.1, 200)
('read', 64.1, 64.1, 200)
('read', 64.1, 64.1, 200)
('read', 64.1, 64.1, 200)
('read', 64.1, 64.1, 200)
('read', 64.1, 64.1, 200)
('read', 64.1, 64.1, 200)
('read', 64.1, 64.1, 200)
('read', 64.1, 64.1, 200)
('read', 64.1, 64.1, 200)
('read', 64.1, 64.1, 200)
('read', 64.1, 64.1, 200)
('read', 64.1, 64.1, 200)
('read', 64.1, 64.1, 200)
('read', 64.1, 64.1, 200)
('read', 64.1, 64.1, 200)
('read', 64.1, 64.1, 200)
('read', 64.1, 64.2, 200)
('read', 64.1, 64.2, 200)
('read', 64.1, 64.2, 200)
('ready', 64.1, 64.2, 200)
('read', 64.2, 64.2, 200)
('read', 64.2, 64.2, 200)
('read', 64.2, 64.2, 200)
('read', 64.2, 64.2, 200)
('read', 64.2, 64.2, 200)
('read', 64.2, 64.2, 200)
('read', 64.2, 64.2, 200)
('read', 64.2, 64.2, 200)
('read', 64.2, 64.2, 200)
('read', 64.2, 64.2, 200)
('read', 64.2, 64.2, 200)
('read', 64.2, 64.2, 200)
('read', 64.2, 64.2, 200)
('read', 64.2, 64.2, 200)
('read', 64.2, 64.2, 200)
('read', 64.2, 64.2, 200)
('read', 64.2, 64.2, 200)
('read', 64.2, 64.2, 200)
('read', 64.2, 64.2, 200)
('read', 64.2, 64.2, 200)
('read', 64.2, 64.2, 200)
('read', 64.2, 64.3, 200)
('read', 64.2, 64.3, 200)
('read', 64.2, 64.3, 200)
('ready', 64.2, 64.3, 200)
('read', 64.3, 64.3, 200)
('read', 64.3, 64.3, 200)
('read', 64.3, 64.3, 200)
('read', 64.3, 64.3, 200)
('read', 64.3, 64.3, 200)
('read', 64.3, 64.3, 200)
('read', 64.3, 64.3, 200)
('read', 64.3, 64.3, 200)
('read', 64.3, 64.3, 200)
('read', 64.3, 64.3, 200)
('read', 64.3, 64.3, 200)
('read', 64.3, 64.3, 200)
('read', 64.3, 64.3, 200)
('read', 64.3, 64.3, 200)
('read', 64.3, 64.3, 200)
('read', 64.3, 64.3, 200)
('read', 64.3, 64.3, 200)
('read', 64.3, 64.3, 200)
('read', 64.3, 64.3, 200)
('read', 64.3, 64.3, 200)
('read', 64.3, 64.3, 200)
('read', 64.3, 64.3, 200)
('read', 64.3, 64.3, 200)
('read', 64.3, 64.3, 200)
('read', 64.3, 64.3, 200)
('read', 64.3, 64.3, 200)
('read', 64.3, 64.3, 200)
('read', 64.3, 64.3, 200)
('read', 64.3, 64.4, 200)
('read', 64.3, 64.4, 200)
('read', 64.3, 64.4, 200)
('ready', 64.3, 64.4, 200)
('read', 64.4, 64.4, 200)
('read', 64.4, 64.4, 200)
('read', 64.4, 64.4, 200)
('read', 64.4, 64.4, 200)
('read', 64.4, 64.4, 200)
('read', 64.4, 64.4, 200)
('read', 64.4, 64.4, 200)
('read', 64.4, 64.4, 200)
('read', 64.4, 64.4, 200)
('read', 64.4, 64.4, 200)
('read', 64.4, 64.4, 200)
('read', 64.4, 64.4, 200)
('read', 64.4, 64.4, 200)
('read', 64.4, 64.4, 200)
('read', 64.4, 64.4, 200)
('read', 64.4, 64.4, 200)
('read', 64.4, 64.4, 200)
('read', 64.4, 64.4, 200)
('read', 64.4, 64.4, 200)
('read', 64.4, 64.4, 200)
('read', 64.4, 64.4, 200)
('read', 64.4, 64.4, 200)
('read', 64.4, 64.4, 200)
('read', 64.4, 64.4, 200)
('read', 64.4, 64.4, 200)
('read', 64.4, 64.4, 200)
('read', 64.4, 64.4, 200)
('ready', 64.4, 64.4, 200)
('read', 64.4, 64.4, 200)
('read', 64.4, 64.5, 200)
('read', 64.4, 64.5, 200)
('read', 64.4, 64.5, 200)
('ready', 64.4, 64.5, 200)
('read', 64.5, 64.5, 200)
('read', 64.5, 64.5, 200)
('read', 64.5, 64.5, 200)
('read', 64.5, 64.5, 200)
('read', 64.5, 64.5, 200)
('read', 64.5, 64.5, 200)
('read', 64.5, 64.5, 200)
('read', 64.5, 64.5, 200)
('read', 64.5, 64.5, 200)
('read', 64.5, 64.5, 200)
('read', 64.5, 64.5, 200)
('read', 64.5, 64.5, 200)
('read', 64.5, 64.5, 200)
('read', 64.5, 64.5, 200)
('read', 64.5, 64.5, 200)
('read', 64.5, 64.5, 200)
('read', 64.5, 64.5, 200)
('read', 64.5, 64.5, 200)
('read', 64.5, 64.5, 200)
('read', 64.5, 64.5, 200)
('read', 64.5, 64.5, 200)
('read', 64.5, 64.5, 200)
('read', 64.5, 64.5, 200)
('read', 64.5, 64.5, 200)
('read', 64.5, 64.5, 200)
('read', 64.5, 64.5, 200)
('read', 64.5, 64.5, 200)
('read', 64.5, 64.5, 200)
('read', 64.5, 64.5, 200)
('read', 64.5, 64.6, 200)
('read', 64.5, 64.6, 200)
('read', 64.5, 64.6, 200)
('ready', 64.5, 64.6, 200)
('read', 64.6, 64.6, 200)
('read', 64.6, 64.6, 200)
('read', 64.6, 64.6, 200)
('read', 64.6, 64.6, 200)
('read', 64.6, 64.6, 200)
('read', 64.6, 64.6, 200)
('read', 64.6, 64.6, 200)
('read', 64.6, 64.6, 200)
('read', 64.6, 64.6, 200)
('read', 64.6, 64.6, 200)
('read', 64.6, 64.6, 200)
('read', 64.6, 64.6, 200)
('read', 64.6, 64.6, 200)
('read', 64.6, 64.6, 200)
('read', 64.6, 64.6, 200)
('read', 64.6, 64.6, 200)
('read', 64.6, 64.6, 200)
('read', 64.6, 64.6, 200)
('read', 64.6, 64.6, 200)
('read', 64.6, 64.6, 200)
('read', 64.6, 64.6, 200)
('read', 64.6, 64.6, 200)
('read', 64.6, 64.6, 200)
('read', 64.6, 64.6, 200)
('read', 64.6, 64.6, 200)
('read', 64.6, 64.6, 200)
('read', 64.6, 64.6, 200)
('read', 64.6, 64.6, 200)
('ready', 64.6, 64.7, 200)
('read', 64.6, 64.7, 200)
('read', 64.6, 64.7, 200)
('read', 64.6, 64.7, 200)
('read', 64.7, 64.7, 200)
('read', 64.7, 64.7, 200)
('read', 64.7, 64.7, 200)
('read', 64.7, 64.7, 200)
('read', 64.7, 64.7, 200)
('read', 64.7, 64.7, 200)
('read', 64.7, 64.7, 200)
('read', 64.7, 64.7, 200)
('read', 64.7, 64.7, 200)
('read', 64.7, 64.7, 200)
('read', 64.7, 64.7, 200)
('read', 64.7, 64.7, 200)
('read', 64.7, 64.7, 200)
('read', 64.7, 64.7, 200)
('read', 64.7, 64.7, 200)
('read', 64.7, 64.7, 200)
('read', 64.7, 64.7, 200)
('read', 64.7, 64.7, 200)
('read', 64.7, 64.7, 200)
('ready', 64.7, 64.7, 200)
('read', 64.7, 64.7, 200)
('read', 64.7, 64.7, 200)
('read', 64.7, 64.7, 200)
('read', 64.7, 64.7, 200)
('read', 64.7, 64.7, 200)
('read', 64.7, 64.7, 200)
('read', 64.7, 64.7, 200)
('read', 64.7, 64.7, 200)
('read', 64.7, 64.7, 200)
('read', 64.7, 64.7, 200)
('read', 64.7, 64.7, 200)
('read', 64.7, 64.8, 200)
('read', 64.7, 64.8, 200)
('read', 64.7, 64.8, 200)
('ready', 64.7, 64.8, 200)
('read', 64.8, 64.8, 200)
('read', 64.8, 64.8, 200)
('read', 64.8, 64.8, 200)
('read', 64.8, 64.8, 200)
('read', 64.8, 64.8, 200)
('read', 64.8, 64.8, 200)
('read', 64.8, 64.8, 200)
('read', 64.8, 64.8, 200)
('read', 64.8, 64.8, 200)
('read', 64.8, 64.8, 200)
('read', 64.8, 64.8, 200)
('read', 64.8, 64.8, 200)
('read', 64.8, 64.8, 200)
('read', 64.8, 64.8, 200)
('read', 64.8, 64.8, 200)
('read', 64.8, 64.8, 200)
('read', 64.8, 64.8, 200)
('read', 64.8, 64.8, 200)
('read', 64.8, 64.8, 200)
('read', 64.8, 64.8, 200)
('read', 64.8, 64.8, 200)
('read', 64.8, 64.8, 200)
('read', 64.8, 64.8, 200)
('read', 64.8, 64.8, 200)
('read', 64.8, 64.8, 200)
('read', 64.8, 64.8, 200)
('read', 64.8, 64.8, 200)
('read', 64.8, 64.8, 200)
('read', 64.8, 64.8, 200)
('read', 64.8, 64.8, 200)
('read', 64.8, 64.8, 200)
('read', 64.8, 64.9, 200)
('read', 64.8, 64.9, 200)
('read', 64.8, 64.9, 200)
('ready', 64.8, 64.9, 200)
('read', 64.9, 64.9, 200)
('read', 64.9, 64.9, 200)
('read', 64.9, 64.9, 200)
('read', 64.9, 64.9, 200)
('read', 64.9, 64.9, 200)
('read', 64.9, 64.9, 200)
('read', 64.9, 64.9, 200)
('read', 64.9, 64.9, 200)
('read', 64.9, 64.9, 200)
('read', 64.9, 64.9, 200)
('read', 64.9, 64.9, 200)
('read', 64.9, 64.9, 200)
('read', 64.9, 64.9, 200)
('read', 64.9, 64.9, 200)
('read', 64.9, 64.9, 200)
('read', 64.9, 64.9, 200)
('read', 64.9, 64.9, 200)
('read', 64.9, 64.9, 200)
('read', 64.9, 64.9, 200)
('read', 64.9, 64.9, 200)
('read', 64.9, 64.9, 200)
('read', 64.9, 64.9, 200)
('read', 64.9, 64.9, 200)
('read', 64.9, 64.9, 200)
('ready', 64.9, 64.9, 200)
('read', 64.9, 64.9, 200)
('read', 64.9, 64.9, 200)
('read', 64.9, 64.9, 200)
('read', 64.9, 64.9, 200)
('read', 64.9, 64.9, 200)
('read', 64.9, 64.9, 200)
('read', 64.9, 64.9, 200)
('read', 64.9, 65.0, 200)
('read', 64.9, 65.0, 200)
('read', 64.9, 65.0, 200)
('ready', 64.9, 65.0, 200)
('read', 65.0, 65.0, 200)
('read', 65.0, 65.0, 200)
('read', 65.0, 65.0, 200)
('read', 65.0, 65.0, 200)
('read', 65.0, 65.0, 200)
('read', 65.0, 65.0, 200)
('read', 65.0, 65.0, 200)
('read', 65.0, 65.0, 200)
('read', 65.0, 65.0, 200)
('read', 65.0, 65.0, 200)
('read', 65.0, 65.0, 200)
('read', 65.0, 65.0, 200)
('read', 65.0, 65.0, 200)
('read', 65.0, 65.0, 200)
('read', 65.0, 65.0, 200)
('read', 65.0, 65.0, 200)
('read', 65.0, 65.0, 200)
('read', 65.0, 65.0, 200)
('read', 65.0, 65.0, 200)
('read', 65.0, 65.0, 200)
('read', 65.0, 65.0, 200)
('read', 65.0, 65.0, 200)
('read', 65.0, 65.0, 200)
('read', 65.0, 65.0, 200)
('read', 65.0, 65.0, 200)
('read', 65.0, 65.0, 200)
('read', 65.0, 65.0, 200)
('read', 65.0, 65.0, 200)
('read', 65.0, 65.0, 200)
('read', 65.0, 65.1, 200)
('read', 65.0, 65.1, 200)
('read', 65.0, 65.1, 200)
('ready', 65.0, 65.1, 200)
('read', 65.1, 65.1, 200)
('read', 65.1, 65.1, 200)
('read', 65.1, 65.1, 200)
('read', 65.1, 65.1, 200)
('read', 65.1, 65.1, 200)
('read', 65.1, 65.1, 200)
('read', 65.1, 65.1, 200)
('read', 65.1, 65.1, 200)
('read', 65.1, 65.1, 200)
('read', 65.1, 65.1, 200)
('read', 65.1, 65.1, 200)
('read', 65.1, 65.1, 200)
('read', 65.1, 65.1, 200)
('read', 65.1, 65.1, 200)
('read', 65.1, 65.1, 200)
('read', 65.1, 65.1, 200)
('read', 65.1, 65.1, 200)
('read', 65.1, 65.1, 200)
('read', 65.1, 65.1, 200)
('ready', 65.1, 65.1, 200)
('read', 65.1, 65.1, 200)
('read', 65.1, 65.1, 200)
('read', 65.1, 65.1, 200)
('read', 65.1, 65.1, 200)
('read', 65.1, 65.1, 200)
('read', 65.1, 65.1, 200)
('read', 65.1, 65.1, 200)
('read', 65.1, 65.1, 200)
('read', 65.1, 65.1, 200)
('read', 65.1, 65.2, 200)
('read', 65.1, 65.2, 200)
('read', 65.1, 65.2, 200)
('ready', 65.1, 65.2, 200)
('read', 65.2, 65.2, 200)
('read', 65.2, 65.2, 200)
('read', 65.2, 65.2, 200)
('read', 65.2, 65.2, 200)
('read', 65.2, 65.2, 200)
('read', 65.2, 65.2, 200)
('read', 65.2, 65.2, 200)
('read', 65.2, 65.2, 200)
('read', 65.2, 65.2, 200)
('read', 65.2, 65.2, 200)
('read', 65.2, 65.2, 200)
('read', 65.2, 65.2, 200)
('read', 65.2, 65.2, 200)
('read', 65.2, 65.2, 200)
('read', 65.2, 65.2, 200)
('read', 65.2, 65.2, 200)
('read', 65.2, 65.2, 200)
('read', 65.2, 65.2, 200)
('read', 65.2, 65.2, 200)
('read', 65.2, 65.2, 200)
('read', 65.2, 65.2, 200)
('read', 65.2, 65.2, 200)
('read', 65.2, 65.2, 200)
('ready', 65.2, 65.2, 200)
('read', 65.2, 65.2, 200)
('read', 65.2, 65.2, 200)
('read', 65.2, 65.2, 200)
('read', 65.2, 65.3, 200)
('read', 65.2, 65.3, 200)
('read', 65.2, 65.3, 200)
('ready', 65.2, 65.3, 200)
('read', 65.3, 65.3, 200)
('read', 65.3, 65.3, 200)
('read', 65.3, 65.3, 200)
('read', 65.3, 65.3, 200)
('read', 65.3, 65.3, 200)
('read', 65.3, 65.3, 200)
('read', 65.3, 65.3, 200)
('read', 65.3, 65.3, 200)
('read', 65.3, 65.3, 200)
('read', 65.3, 65.3, 200)
('read', 65.3, 65.3, 200)
('read', 65.3, 65.3, 200)
('read', 65.3, 65.3, 200)
('read', 65.3, 65.3, 200)
('read', 65.3, 65.3, 200)
('read', 65.3, 65.3, 200)
('read', 65.3, 65.3, 200)
('read', 65.3, 65.3, 200)
('read', 65.3, 65.3, 200)
('read', 65.3, 65.3, 200)
('read', 65.3, 65.3, 200)
('read', 65.3, 65.3, 200)
('read', 65.3, 65.3, 200)
('read', 65.3, 65.3, 200)
('read', 65.3, 65.3, 200)
('read', 65.3, 65.3, 200)
('read', 65.3, 65.3, 200)
('read', 65.3, 65.3, 200)
('read', 65.3, 65.3, 200)
('read', 65.3, 65.4, 200)
('read', 65.3, 65.4, 200)
('read', 65.3, 65.4, 200)
('ready', 65.3, 65.4, 200)
('read', 65.4, 65.4, 200)
('read', 65.4, 65.4, 200)
('read', 65.4, 65.4, 200)
('read', 65.4, 65.4, 200)
('read', 65.4, 65.4, 200)
('read', 65.4, 65.4, 200)
('read', 65.4, 65.4, 200)
('read', 65.4, 65.4, 200)
('read', 65.4, 65.4, 200)
('read', 65.4, 65.4, 200)
('read', 65.4, 65.4, 200)
('read', 65.4, 65.4, 200)
('read', 65.4, 65.4, 200)
('read', 65.4, 65.4, 200)
('read', 65.4, 65.4, 200)
('read', 65.4, 65.4, 200)
('read', 65.4, 65.4, 200)
('read', 65.4, 65.4, 200)
('read', 65.4, 65.4, 200)
('read', 65.4, 65.4, 200)
('read', 65.4, 65.4, 200)
('read', 65.4, 65.4, 200)
('read', 65.4, 65.4, 200)
('read', 65.4, 65.4, 200)
('read', 65.4, 65.4, 200)
('read', 65.4, 65.4, 200)
('read', 65.4, 65.4, 200)
('read', 65.4, 65.4, 200)
('read', 65.4, 65.5, 200)
('read', 65.4, 65.5, 200)
('ready', 65.4, 65.5, 200)
('read', 65.4, 65.5, 200)
('read', 65.5, 65.5, 200)
('read', 65.5, 65.5, 200)
('read', 65.5, 65.5, 200)
('read', 65.5, 65.5, 200)
('read', 65.5, 65.5, 200)
('read', 65.5, 65.5, 200)
('read', 65.5, 65.5, 200)
('read', 65.5, 65.5, 200)
('read', 65.5, 65.5, 200)
('read', 65.5, 65.5, 200)
('read', 65.5, 65.5, 200)
('read', 65.5, 65.5, 200)
('read', 65.5, 65.5, 200)
('read', 65.5, 65.5, 200)
('read', 65.5, 65.5, 200)
('read', 65.5, 65.5, 200)
('read', 65.5, 65.5, 200)
('read', 65.5, 65.5, 200)
('read', 65.5, 65.5, 200)
('read', 65.5, 65.5, 200)
('read', 65.5, 65.5, 200)
('read', 65.5, 65.5, 200)
('read', 65.5, 65.5, 200)
('ready', 65.5, 65.5, 200)
('read', 65.5, 65.5, 200)
('read', 65.5, 65.5, 200)
('read', 65.5, 65.5, 200)
('read', 65.5, 65.5, 200)
('read', 65.5, 65.5, 200)
('read', 65.5, 65.5, 200)
('read', 65.5, 65.6, 200)
('read', 65.5, 65.6, 200)
('read', 65.5, 65.6, 200)
('ready', 65.5, 65.6, 200)
('read', 65.6, 65.6, 200)
('read', 65.6, 65.6, 200)
('read', 65.6, 65.6, 200)
('read', 65.6, 65.6, 200)
('read', 65.6, 65.6, 200)
('read', 65.6, 65.6, 200)
('read', 65.6, 65.6, 200)
('read', 65.6, 65.6, 200)
('read', 65.6, 65.6, 200)
('read', 65.6, 65.6, 200)
('read', 65.6, 65.6, 200)
('read', 65.6, 65.6, 200)
('read', 65.6, 65.6, 200)
('read', 65.6, 65.6, 200)
('read', 65.6, 65.6, 200)
('read', 65.6, 65.6, 200)
('read', 65.6, 65.6, 200)
('read', 65.6, 65.6, 200)
('read', 65.6, 65.6, 200)
('read', 65.6, 65.6, 200)
('read', 65.6, 65.6, 200)
('read', 65.6, 65.6, 200)
('read', 65.6, 65.6, 200)
('read', 65.6, 65.6, 200)
('read', 65.6, 65.6, 200)
('read', 65.6, 65.6, 200)
('read', 65.6, 65.6, 200)
('read', 65.6, 65.6, 200)
('read', 65.6, 65.6, 200)
('read', 65.6, 65.7, 200)
('read', 65.6, 65.7, 200)
('read', 65.6, 65.7, 200)
('ready', 65.6, 65.7, 200)
('read', 65.7, 65.7, 200)
('read', 65.7, 65.7, 200)
('read', 65.7, 65.7, 200)
('read', 65.7, 65.7, 200)
('read', 65.7, 65.7, 200)
('read', 65.7, 65.7, 200)
('read', 65.7, 65.7, 200)
('read', 65.7, 65.7, 200)
('read', 65.7, 65.7, 200)
('read', 65.7, 65.7, 200)
('read', 65.7, 65.7, 200)
('read', 65.7, 65.7, 200)
('read', 65.7, 65.7, 200)
('read', 65.7, 65.7, 200)
('read', 65.7, 65.7, 200)
('read', 65.7, 65.7, 200)
('read', 65.7, 65.7, 200)
('read', 65.7, 65.7, 200)
('read', 65.7, 65.7, 200)
('read', 65.7, 65.7, 200)
('read', 65.7, 65.7, 200)
('read', 65.7, 65.7, 200)
('read', 65.7, 65.7, 200)
('read', 65.7, 65.7, 200)
('read', 65.7, 65.7, 200)
('read', 65.7, 65.7, 200)
('read', 65.7, 65.7, 200)
('read', 65.7, 65.7, 200)
('read', 65.7, 65.7, 200)
('read', 65.7, 65.8, 200)
('read', 65.7, 65.8, 200)
('read', 65.7, 65.8, 200)
('ready', 65.7, 65.8, 200)
('read', 65.8, 65.8, 200)
('read', 65.8, 65.8, 200)
('read', 65.8, 65.8, 200)
('read', 65.8, 65.8, 200)
('read', 65.8, 65.8, 200)
('read', 65.8, 65.8, 200)
('read', 65.8, 65.8, 200)
('read', 65.8, 65.8, 200)
('read', 65.8, 65.8, 200)
('read', 65.8, 65.8, 200)
('read', 65.8, 65.8, 200)
('read', 65.8, 65.8, 200)
('read', 65.8, 65.8, 200)
('read', 65.8, 65.8, 200)
('read', 65.8, 65.8, 200)
('read', 65.8, 65.8, 200)
('read', 65.8, 65.8, 200)
('read', 65.8, 65.8, 200)
('read', 65.8, 65.8, 200)
('read', 65.8, 65.8, 200)
('read', 65.8, 65.8, 200)
('read', 65.8, 65.8, 200)
('read', 65.8, 65.8, 200)
('read', 65.8, 65.8, 200)
('read', 65.8, 65.8, 200)
('read', 65.8, 65.8, 200)
('read', 65.8, 65.8, 200)
('read', 65.8, 65.8, 200)
('read', 65.8, 65.8, 200)
('ready', 65.8, 65.9, 200)
('read', 65.8, 65.9, 200)
('read', 65.8, 65.9, 200)
('read', 65.8, 65.9, 200)
('read', 65.9, 65.9, 200)
('read', 65.9, 65.9, 200)
('read', 65.9, 65.9, 200)
('read', 65.9, 65.9, 200)
('read', 65.9, 65.9, 200)
('read', 65.9, 65.9, 200)
('read', 65.9, 65.9, 200)
('read', 65.9, 65.9, 200)
('read', 65.9, 65.9, 200)
('read', 65.9, 65.9, 200)
('read', 65.9, 65.9, 200)
('read', 65.9, 65.9, 200)
('read', 65.9, 65.9, 200)
('read', 65.9, 65.9, 200)
('read', 65.9, 65.9, 200)
('read', 65.9, 65.9, 200)
('read', 65.9, 65.9, 200)
('ready', 65.9, 65.9, 200)
('read', 65.9, 65.9, 200)
('read', 65.9, 65.9, 200)
('read', 65.9, 65.9, 200)
('read', 65.9, 65.9, 200)
('read', 65.9, 65.9, 200)
('read', 65.9, 65.9, 200)
('read', 65.9, 65.9, 200)
('read', 65.9, 65.9, 200)
('read', 65.9, 65.9, 200)
('read', 65.9, 65.9, 200)
('read', 65.9, 65.9, 200)
('read', 65.9, 65.9, 200)
('read', 65.9, 66.0, 200)
('read', 65.9, 66.0, 200)
('read', 65.9, 66.0, 200)
('ready', 65.9, 66.0, 200)
('read', 66.0, 66.0, 200)
('read', 66.0, 66.0, 200)
('read', 66.0, 66.0, 200)
('read', 66.0, 66.0, 200)
('read', 66.0, 66.0, 200)
('read', 66.0, 66.0, 200)
('read', 66.0, 66.0, 200)
('read', 66.0, 66.0, 200)
('read', 66.0, 66.0, 200)
('read', 66.0, 66.0, 200)
('read', 66.0, 66.0, 200)
('read', 66.0, 66.0, 200)
('read', 66.0, 66.0, 200)
('read', 66.0, 66.0, 200)
('read', 66.0, 66.0, 200)
('read', 66.0, 66.0, 200)
('read', 66.0, 66.0, 200)
('read', 66.0, 66.0, 200)
('read', 66.0, 66.0, 200)
('read', 66.0, 66.0, 200)
('read', 66.0, 66.0, 200)
('read', 66.0, 66.0, 200)
('read', 66.0, 66.0, 200)
('read', 66.0, 66.0, 200)
('read', 66.0, 66.0, 200)
('read', 66.0, 66.0, 200)
('read', 66.0, 66.0, 200)
('read', 66.0, 66.0, 200)
('read', 66.0, 66.0, 200)
('read', 66.0, 66.0, 200)
('ready', 66.0, 66.0, 200)
('read', 66.0, 66.0, 200)
('read', 66.0, 66.1, 200)
('read', 66.0, 66.1, 200)
('read', 66.0, 66.1, 200)
('ready', 66.0, 66.1, 200)
('read', 66.1, 66.1, 200)
('read', 66.1, 66.1, 200)
('read', 66.1, 66.1, 200)
('read', 66.1, 66.1, 200)
('read', 66.1, 66.1, 200)
('read', 66.1, 66.1, 200)
('read', 66.1, 66.1, 200)
('read', 66.1, 66.1, 200)
('read', 66.1, 66.1, 200)
('read', 66.1, 66.1, 200)
('read', 66.1, 66.1, 200)
('read', 66.1, 66.1, 200)
('read', 66.1, 66.1, 200)
('read', 66.1, 66.1, 200)
('read', 66.1, 66.1, 200)
('read', 66.1, 66.1, 200)
('read', 66.1, 66.1, 200)
('read', 66.1, 66.1, 200)
('read', 66.1, 66.1, 200)
('read', 66.1, 66.1, 200)
('read', 66.1, 66.1, 200)
('read', 66.1, 66.1, 200)
('read', 66.1, 66.1, 200)
('read', 66.1, 66.1, 200)
('read', 66.1, 66.1, 200)
('read', 66.1, 66.1, 200)
('read', 66.1, 66.1, 200)
('read', 66.1, 66.1, 200)
('read', 66.1, 66.1, 200)
('read', 66.1, 66.1, 200)
('read', 66.1, 66.1, 200)
('read', 66.1, 66.2, 200)
('read', 66.1, 66.2, 200)
('read', 66.1, 66.2, 200)
('ready', 66.1, 66.2, 200)
('read', 66.2, 66.2, 200)
('read', 66.2, 66.2, 200)
('read', 66.2, 66.2, 200)
('read', 66.2, 66.2, 200)
('read', 66.2, 66.2, 200)
('read', 66.2, 66.2, 200)
('read', 66.2, 66.2, 200)
('read', 66.2, 66.2, 200)
('read', 66.2, 66.2, 200)
('read', 66.2, 66.2, 200)
('read', 66.2, 66.2, 200)
('read', 66.2, 66.2, 200)
('read', 66.2, 66.2, 200)
('read', 66.2, 66.2, 200)
('read', 66.2, 66.2, 200)
('read', 66.2, 66.2, 200)
('read', 66.2, 66.2, 200)
('read', 66.2, 66.2, 200)
('read', 66.2, 66.2, 200)
('read', 66.2, 66.2, 200)
('read', 66.2, 66.2, 200)
('read', 66.2, 66.2, 200)
('read', 66.2, 66.2, 200)
('read', 66.2, 66.2, 200)
('read', 66.2, 66.2, 200)
('read', 66.2, 66.2, 200)
('read', 66.2, 66.2, 200)
('read', 66.2, 66.2, 200)
('read', 66.2, 66.2, 200)
('read', 66.2, 66.2, 200)
('ready', 66.2, 66.2, 200)
('read', 66.2, 66.3, 200)
('read', 66.2, 66.3, 200)
('read', 66.2, 66.3, 200)
('ready', 66.2, 66.3, 200)
('read', 66.3, 66.3, 200)
('read', 66.3, 66.3, 200)
('read', 66.3, 66.3, 200)
('read', 66.3, 66.3, 200)
('read', 66.3, 66.3, 200)
('read', 66.3, 66.3, 200)
('read', 66.3, 66.3, 200)
('read', 66.3, 66.3, 200)
('read', 66.3, 66.3, 200)
('read', 66.3, 66.3, 200)
('read', 66.3, 66.3, 200)
('read', 66.3, 66.3, 200)
('read', 66.3, 66.3, 200)
('read', 66.3, 66.3, 200)
('read', 66.3, 66.3, 200)
('read', 66.3, 66.3, 200)
('read', 66.3, 66.3, 200)
('read', 66.3, 66.3, 200)
('read', 66.3, 66.3, 200)
('read', 66.3, 66.3, 200)
('read', 66.3, 66.3, 200)
('read', 66.3, 66.3, 200)
('read', 66.3, 66.3, 200)
('read', 66.3, 66.3, 200)
('read', 66.3, 66.3, 200)
('read', 66.3, 66.3, 200)
('read', 66.3, 66.3, 200)
('read', 66.3, 66.3, 200)
('read', 66.3, 66.3, 200)
('read', 66.3, 66.3, 200)
('read', 66.3, 66.3, 200)
('read', 66.3, 66.3, 200)
('read', 66.3, 66.4, 200)
('read', 66.3, 66.4, 200)
('read', 66.3, 66.4, 200)
('ready', 66.3, 66.4, 200)
('read', 66.4, 66.4, 200)
('read', 66.4, 66.4, 200)
('read', 66.4, 66.4, 200)
('read', 66.4, 66.4, 200)
('read', 66.4, 66.4, 200)
('read', 66.4, 66.4, 200)
('read', 66.4, 66.4, 200)
('read', 66.4, 66.4, 200)
('read', 66.4, 66.4, 200)
('read', 66.4, 66.4, 200)
('read', 66.4, 66.4, 200)
('read', 66.4, 66.4, 200)
('read', 66.4, 66.4, 200)
('read', 66.4, 66.4, 200)
('read', 66.4, 66.4, 200)
('read', 66.4, 66.4, 200)
('read', 66.4, 66.4, 200)
('read', 66.4, 66.4, 200)
('read', 66.4, 66.4, 200)
('read', 66.4, 66.4, 200)
('read', 66.4, 66.4, 200)
('read', 66.4, 66.4, 200)
('read', 66.4, 66.4, 200)
('read', 66.4, 66.4, 200)
('read', 66.4, 66.4, 200)
('read', 66.4, 66.4, 200)
('read', 66.4, 66.4, 200)
('read', 66.4, 66.4, 200)
('read', 66.4, 66.4, 200)
('read', 66.4, 66.4, 200)
('read', 66.4, 66.4, 200)
('read', 66.4, 66.4, 200)
('read', 66.4, 66.5, 200)
('read', 66.4, 66.5, 200)
('ready', 66.4, 66.5, 200)
('read', 66.4, 66.5, 200)
('read', 66.5, 66.5, 200)
('read', 66.5, 66.5, 200)
('read', 66.5, 66.5, 200)
('read', 66.5, 66.5, 200)
('read', 66.5, 66.5, 200)
('read', 66.5, 66.5, 200)
('read', 66.5, 66.5, 200)
('read', 66.5, 66.5, 200)
('read', 66.5, 66.5, 200)
('read', 66.5, 66.5, 200)
('read', 66.5, 66.5, 200)
('read', 66.5, 66.5, 200)
('read', 66.5, 66.5, 200)
('read', 66.5, 66.5, 200)
('read', 66.5, 66.5, 200)
('read', 66.5, 66.5, 200)
('read', 66.5, 66.5, 200)
('read', 66.5, 66.5, 200)
('read', 66.5, 66.5, 200)
('read', 66.5, 66.5, 200)
('read', 66.5, 66.5, 200)
('read', 66.5, 66.6, 200)
('read', 66.5, 66.6, 200)
('ready', 66.5, 66.6, 200)
('read', 66.5, 66.6, 200)
('read', 66.6, 66.6, 200)
('read', 66.6, 66.6, 200)
('read', 66.6, 66.6, 200)
('read', 66.6, 66.6, 200)
('read', 66.6, 66.6, 200)
('read', 66.6, 66.6, 200)
('read', 66.6, 66.6, 200)
('read', 66.6, 66.6, 200)
('read', 66.6, 66.6, 200)
('read', 66.6, 66.6, 200)
('read', 66.6, 66.6, 200)
('read', 66.6, 66.6, 200)
('read', 66.6, 66.6, 200)
('read', 66.6, 66.6, 200)
('read', 66.6, 66.6, 200)
('read', 66.6, 66.6, 200)
('read', 66.6, 66.6, 200)
('read', 66.6, 66.6, 200)
('read', 66.6, 66.6, 200)
('read', 66.6, 66.6, 200)
('read', 66.6, 66.6, 200)
('ready', 66.6, 66.6, 200)
('read', 66.6, 66.6, 200)
('read', 66.6, 66.6, 200)
('read', 66.6, 66.6, 200)
('read', 66.6, 66.6, 200)
('read', 66.6, 66.6, 200)
('read', 66.6, 66.6, 200)
('read', 66.6, 66.6, 200)
('read', 66.6, 66.7, 200)
('read', 66.6, 66.7, 200)
('read', 66.6, 66.7, 200)
('ready', 66.6, 66.7, 200)
('read', 66.7, 66.7, 200)
('read', 66.7, 66.7, 200)
('read', 66.7, 66.7, 200)
('read', 66.7, 66.7, 200)
('read', 66.7, 66.7, 200)
('read', 66.7, 66.7, 200)
('read', 66.7, 66.7, 200)
('read', 66.7, 66.7, 200)
('read', 66.7, 66.7, 200)
('read', 66.7, 66.7, 200)
('read', 66.7, 66.7, 200)
('read', 66.7, 66.7, 200)
('read', 66.7, 66.7, 200)
('read', 66.7, 66.7, 200)
('read', 66.7, 66.7, 200)
('read', 66.7, 66.7, 200)
('read', 66.7, 66.7, 200)
('read', 66.7, 66.7, 200)
('read', 66.7, 66.7, 200)
('read', 66.7, 66.7, 200)
('read', 66.7, 66.7, 200)
('read', 66.7, 66.7, 200)
('read', 66.7, 66.7, 200)
('read', 66.7, 66.7, 200)
('read', 66.7, 66.7, 200)
('read', 66.7, 66.7, 200)
('read', 66.7, 66.7, 200)
('read', 66.7, 66.7, 200)
('read', 66.7, 66.7, 200)
('read', 66.7, 66.7, 200)
('read', 66.7, 66.7, 200)
('read', 66.7, 66.7, 200)
('read', 66.7, 66.8, 200)
('read', 66.7, 66.8, 200)
('read', 66.7, 66.8, 200)
('ready', 66.7, 66.8, 200)
('read', 66.8, 66.8, 200)
('read', 66.8, 66.8, 200)
('read', 66.8, 66.8, 200)
('read', 66.8, 66.8, 200)
('read', 66.8, 66.8, 200)
('read', 66.8, 66.8, 200)
('read', 66.8, 66.8, 200)
('read', 66.8, 66.8, 200)
('read', 66.8, 66.8, 200)
('read', 66.8, 66.8, 200)
('read', 66.8, 66.8, 200)
('read', 66.8, 66.8, 200)
('read', 66.8, 66.8, 200)
('read', 66.8, 66.8, 200)
('read', 66.8, 66.8, 200)
('read', 66.8, 66.8, 200)
('read', 66.8, 66.8, 200)
('read', 66.8, 66.8, 200)
('read', 66.8, 66.8, 200)
('read', 66.8, 66.8, 200)
('read', 66.8, 66.8, 200)
('read', 66.8, 66.8, 200)
('read', 66.8, 66.8, 200)
('read', 66.8, 66.8, 200)
('read', 66.8, 66.8, 200)
('ready', 66.8, 66.8, 200)
('read', 66.8, 66.8, 200)
('read', 66.8, 66.8, 200)
('read', 66.8, 66.8, 200)
('read', 66.8, 66.8, 200)
('read', 66.8, 66.8, 200)
('read', 66.8, 66.8, 200)
('read', 66.8, 66.8, 200)
('read', 66.8, 66.9, 200)
('read', 66.8, 66.9, 200)
('read', 66.8, 66.9, 200)
('ready', 66.8, 66.9, 200)
('read', 66.9, 66.9, 200)
('read', 66.9, 66.9, 200)
('read', 66.9, 66.9, 200)
('read', 66.9, 66.9, 200)
('read', 66.9, 66.9, 200)
('read', 66.9, 66.9, 200)
('read', 66.9, 66.9, 200)
('read', 66.9, 66.9, 200)
('read', 66.9, 66.9, 200)
('read', 66.9, 66.9, 200)
('read', 66.9, 66.9, 200)
('read', 66.9, 66.9, 200)
('read', 66.9, 66.9, 200)
('read', 66.9, 66.9, 200)
('read', 66.9, 66.9, 200)
('read', 66.9, 66.9, 200)
('read', 66.9, 66.9, 200)
('read', 66.9, 66.9, 200)
('read', 66.9, 66.9, 200)
('read', 66.9, 66.9, 200)
('read', 66.9, 66.9, 200)
('read', 66.9, 66.9, 200)
('read', 66.9, 66.9, 200)
('read', 66.9, 66.9, 200)
('read', 66.9, 66.9, 200)
('read', 66.9, 66.9, 200)
('read', 66.9, 66.9, 200)
('read', 66.9, 66.9, 200)
('read', 66.9, 66.9, 200)
('read', 66.9, 66.9, 200)
('read', 66.9, 66.9, 200)
('read', 66.9, 66.9, 200)
('read', 66.9, 66.9, 200)
('read', 66.9, 67.0, 200)
('read', 66.9, 67.0, 200)
('read', 66.9, 67.0, 200)
('ready', 66.9, 67.0, 200)
('read', 67.0, 67.0, 200)
('read', 67.0, 67.0, 200)
('read', 67.0, 67.0, 200)
('read', 67.0, 67.0, 200)
('read', 67.0, 67.0, 200)
('read', 67.0, 67.0, 200)
('read', 67.0, 67.0, 200)
('read', 67.0, 67.0, 200)
('read', 67.0, 67.0, 200)
('read', 67.0, 67.0, 200)
('read', 67.0, 67.0, 200)
('read', 67.0, 67.0, 200)
('read', 67.0, 67.0, 200)
('read', 67.0, 67.0, 200)
('read', 67.0, 67.0, 200)
('read', 67.0, 67.0, 200)
('read', 67.0, 67.0, 200)
('read', 67.0, 67.0, 200)
('read', 67.0, 67.0, 200)
('read', 67.0, 67.0, 200)
('read', 67.0, 67.0, 200)
('read', 67.0, 67.0, 200)
('read', 67.0, 67.0, 200)
('read', 67.0, 67.0, 200)
('read', 67.0, 67.0, 200)
('read', 67.0, 67.0, 200)
('read', 67.0, 67.0, 200)
('read', 67.0, 67.0, 200)
('ready', 67.0, 67.0, 200)
('read', 67.0, 67.0, 200)
('read', 67.0, 67.0, 200)
('read', 67.0, 67.0, 200)
('read', 67.0, 67.0, 200)
('read', 67.0, 67.0, 200)
('read', 67.0, 67.1, 200)
('read', 67.0, 67.1, 200)
('read', 67.0, 67.1, 200)
('ready', 67.0, 67.1, 200)
('read', 67.1, 67.1, 200)
('read', 67.1, 67.1, 200)
('read', 67.1, 67.1, 200)
('read', 67.1, 67.1, 200)
('read', 67.1, 67.1, 200)
('read', 67.1, 67.1, 200)
('read', 67.1, 67.1, 200)
('read', 67.1, 67.1, 200)
('read', 67.1, 67.1, 200)
('read', 67.1, 67.1, 200)
('read', 67.1, 67.1, 200)
('read', 67.1, 67.1, 200)
('read', 67.1, 67.1, 200)
('read', 67.1, 67.1, 200)
('read', 67.1, 67.1, 200)
('read', 67.1, 67.1, 200)
('read', 67.1, 67.1, 200)
('read', 67.1, 67.1, 200)
('read', 67.1, 67.1, 200)
('read', 67.1, 67.1, 200)
('read', 67.1, 67.1, 200)
('read', 67.1, 67.1, 200)
('read', 67.1, 67.1, 200)
('read', 67.1, 67.1, 200)
('read', 67.1, 67.1, 200)
('read', 67.1, 67.1, 200)
('read', 67.1, 67.1, 200)
('read', 67.1, 67.1, 200)
('read', 67.1, 67.1, 200)
('read', 67.1, 67.1, 200)
('read', 67.1, 67.1, 200)
('read', 67.1, 67.1, 200)
('read', 67.1, 67.1, 200)
('read', 67.1, 67.2, 200)
('read', 67.1, 67.2, 200)
('read', 67.1, 67.2, 200)
('ready', 67.1, 67.2, 200)
('read', 67.2, 67.2, 200)
('read', 67.2, 67.2, 200)
('read', 67.2, 67.2, 200)
('read', 67.2, 67.2, 200)
('read', 67.2, 67.2, 200)
('read', 67.2, 67.2, 200)
('read', 67.2, 67.2, 200)
('read', 67.2, 67.2, 200)
('read', 67.2, 67.2, 200)
('read', 67.2, 67.2, 200)
('read', 67.2, 67.2, 200)
('read', 67.2, 67.2, 200)
('read', 67.2, 67.2, 200)
('read', 67.2, 67.2, 200)
('read', 67.2, 67.2, 200)
('read', 67.2, 67.2, 200)
('read', 67.2, 67.2, 200)
('read', 67.2, 67.2, 200)
('read', 67.2, 67.2, 200)
('read', 67.2, 67.2, 200)
('read', 67.2, 67.2, 200)
('read', 67.2, 67.2, 200)
('read', 67.2, 67.2, 200)
('read', 67.2, 67.2, 200)
('read', 67.2, 67.2, 200)
('ready', 67.2, 67.2, 200)
('read', 67.2, 67.2, 200)
('read', 67.2, 67.2, 200)
('read', 67.2, 67.2, 200)
('read', 67.2, 67.2, 200)
('read', 67.2, 67.2, 200)
('read', 67.2, 67.2, 200)
('read', 67.2, 67.3, 200)
('read', 67.2, 67.3, 200)
('read', 67.2, 67.3, 200)
('ready', 67.2, 67.3, 200)
('read', 67.3, 67.3, 200)
('read', 67.3, 67.3, 200)
('read', 67.3, 67.3, 200)
('read', 67.3, 67.3, 200)
('read', 67.3, 67.3, 200)
('read', 67.3, 67.3, 200)
('read', 67.3, 67.3, 200)
('read', 67.3, 67.3, 200)
('read', 67.3, 67.3, 200)
('read', 67.3, 67.3, 200)
('read', 67.3, 67.3, 200)
('read', 67.3, 67.3, 200)
('read', 67.3, 67.3, 200)
('read', 67.3, 67.3, 200)
('read', 67.3, 67.3, 200)
('read', 67.3, 67.3, 200)
('read', 67.3, 67.3, 200)
('read', 67.3, 67.3, 200)
('read', 67.3, 67.3, 200)
('read', 67.3, 67.3, 200)
('read', 67.3, 67.3, 200)
('read', 67.3, 67.3, 200)
('read', 67.3, 67.3, 200)
('read', 67.3, 67.3, 200)
('read', 67.3, 67.3, 200)
('read', 67.3, 67.3, 200)
('read', 67.3, 67.3, 200)
('read', 67.3, 67.3, 200)
('read', 67.3, 67.3, 200)
('read', 67.3, 67.3, 200)
('read', 67.3, 67.3, 200)
('read', 67.3, 67.3, 200)
('read', 67.3, 67.3, 200)
('read', 67.3, 67.4, 200)
('read', 67.3, 67.4, 200)
('read', 67.3, 67.4, 200)
('ready', 67.3, 67.4, 200)
('read', 67.4, 67.4, 200)
('read', 67.4, 67.4, 200)
('read', 67.4, 67.4, 200)
('read', 67.4, 67.4, 200)
('read', 67.4, 67.4, 200)
('read', 67.4, 67.4, 200)
('read', 67.4, 67.4, 200)
('read', 67.4, 67.4, 200)
('read', 67.4, 67.4, 200)
('read', 67.4, 67.4, 200)
('read', 67.4, 67.4, 200)
('read', 67.4, 67.4, 200)
('read', 67.4, 67.4, 200)
('read', 67.4, 67.4, 200)
('read', 67.4, 67.4, 200)
('read', 67.4, 67.4, 200)
('read', 67.4, 67.4, 200)
('read', 67.4, 67.4, 200)
('read', 67.4, 67.4, 200)
('read', 67.4, 67.4, 200)
('read', 67.4, 67.4, 200)
('read', 67.4, 67.4, 200)
('read', 67.4, 67.4, 200)
('read', 67.4, 67.4, 200)
('read', 67.4, 67.4, 200)
('read', 67.4, 67.4, 200)
('read', 67.4, 67.4, 200)
('read', 67.4, 67.4, 200)
('ready', 67.4, 67.4, 200)
('read', 67.4, 67.4, 200)
('read', 67.4, 67.4, 200)
('read', 67.4, 67.4, 200)
('read', 67.4, 67.5, 200)
('read', 67.4, 67.5, 200)
('read', 67.4, 67.5, 200)
('ready', 67.4, 67.5, 200)
('read', 67.5, 67.5, 200)
('read', 67.5, 67.5, 200)
('read', 67.5, 67.5, 200)
('read', 67.5, 67.5, 200)
('read', 67.5, 67.5, 200)
('read', 67.5, 67.5, 200)
('read', 67.5, 67.5, 200)
('read', 67.5, 67.5, 200)
('read', 67.5, 67.5, 200)
('read', 67.5, 67.5, 200)
('read', 67.5, 67.5, 200)
('read', 67.5, 67.5, 200)
('read', 67.5, 67.5, 200)
('read', 67.5, 67.5, 200)
('read', 67.5, 67.5, 200)
('read', 67.5, 67.5, 200)
('read', 67.5, 67.5, 200)
('read', 67.5, 67.5, 200)
('read', 67.5, 67.5, 200)
('read', 67.5, 67.5, 200)
('read', 67.5, 67.5, 200)
('read', 67.5, 67.5, 200)
('read', 67.5, 67.5, 200)
('read', 67.5, 67.5, 200)
('read', 67.5, 67.5, 200)
('read', 67.5, 67.5, 200)
('read', 67.5, 67.5, 200)
('read', 67.5, 67.5, 200)
('read', 67.5, 67.5, 200)
('read', 67.5, 67.5, 200)
('read', 67.5, 67.5, 200)
('read', 67.5, 67.5, 200)
('read', 67.5, 67.5, 200)
('read', 67.5, 67.6, 200)
('read', 67.5, 67.6, 200)
('read', 67.5, 67.6, 200)
('ready', 67.5, 67.6, 200)
('read', 67.6, 67.6, 200)
('read', 67.6, 67.6, 200)
('read', 67.6, 67.6, 200)
('read', 67.6, 67.6, 200)
('read', 67.6, 67.6, 200)
('read', 67.6, 67.6, 200)
('read', 67.6, 67.6, 200)
('read', 67.6, 67.6, 200)
('read', 67.6, 67.6, 200)
('read', 67.6, 67.6, 200)
('read', 67.6, 67.6, 200)
('read', 67.6, 67.6, 200)
('read', 67.6, 67.6, 200)
('read', 67.6, 67.6, 200)
('read', 67.6, 67.6, 200)
('read', 67.6, 67.6, 200)
('read', 67.6, 67.6, 200)
('read', 67.6, 67.6, 200)
('read', 67.6, 67.6, 200)
('read', 67.6, 67.6, 200)
('read', 67.6, 67.6, 200)
('read', 67.6, 67.6, 200)
('read', 67.6, 67.6, 200)
('read', 67.6, 67.6, 200)
('read', 67.6, 67.6, 200)
('read', 67.6, 67.6, 200)
('read', 67.6, 67.6, 200)
('read', 67.6, 67.6, 200)
('ready', 67.6, 67.6, 200)
('read', 67.6, 67.6, 200)
('read', 67.6, 67.6, 200)
('read', 67.6, 67.6, 200)
('read', 67.6, 67.7, 200)
('read', 67.6, 67.7, 200)
('read', 67.6, 67.7, 200)
('ready', 67.6, 67.7, 200)
('read', 67.7, 67.7, 200)
('read', 67.7, 67.7, 200)
('read', 67.7, 67.7, 200)
('read', 67.7, 67.7, 200)
('read', 67.7, 67.7, 200)
('read', 67.7, 67.7, 200)
('read', 67.7, 67.7, 200)
('read', 67.7, 67.7, 200)
('read', 67.7, 67.7, 200)
('read', 67.7, 67.7, 200)
('read', 67.7, 67.7, 200)
('read', 67.7, 67.7, 200)
('read', 67.7, 67.7, 200)
('read', 67.7, 67.7, 200)
('read', 67.7, 67.7, 200)
('read', 67.7, 67.7, 200)
('read', 67.7, 67.7, 200)
('read', 67.7, 67.7, 200)
('read', 67.7, 67.7, 200)
('read', 67.7, 67.7, 200)
('read', 67.7, 67.7, 200)
('read', 67.7, 67.7, 200)
('read', 67.7, 67.7, 200)
('read', 67.7, 67.7, 200)
('read', 67.7, 67.7, 200)
('read', 67.7, 67.7, 200)
('read', 67.7, 67.7, 200)
('read', 67.7, 67.7, 200)
('read', 67.7, 67.7, 200)
('read', 67.7, 67.7, 200)
('read', 67.7, 67.7, 200)
('read', 67.7, 67.7, 200)
('read', 67.7, 67.8, 200)
('read', 67.7, 67.8, 200)
('read', 67.7, 67.8, 200)
('ready', 67.7, 67.8, 200)
('read', 67.8, 67.8, 200)
('read', 67.8, 67.8, 200)
('read', 67.8, 67.8, 200)
('read', 67.8, 67.8, 200)
('read', 67.8, 67.8, 200)
('read', 67.8, 67.8, 200)
('read', 67.8, 67.8, 200)
('read', 67.8, 67.8, 200)
('read', 67.8, 67.8, 200)
('read', 67.8, 67.8, 200)
('read', 67.8, 67.8, 200)
('read', 67.8, 67.8, 200)
('read', 67.8, 67.8, 200)
('read', 67.8, 67.8, 200)
('read', 67.8, 67.8, 200)
('read', 67.8, 67.8, 200)
('read', 67.8, 67.8, 200)
('read', 67.8, 67.8, 200)
('read', 67.8, 67.8, 200)
('read', 67.8, 67.8, 200)
('read', 67.8, 67.8, 200)
('read', 67.8, 67.8, 200)
('read', 67.8, 67.8, 200)
('read', 67.8, 67.8, 200)
('read', 67.8, 67.8, 200)
('read', 67.8, 67.8, 200)
('read', 67.8, 67.8, 200)
('read', 67.8, 67.8, 200)
('read', 67.8, 67.8, 200)
('read', 67.8, 67.8, 200)
('ready', 67.8, 67.8, 200)
('read', 67.8, 67.8, 200)
('read', 67.8, 67.8, 200)
('read', 67.8, 67.8, 200)
('read', 67.8, 67.9, 200)
('read', 67.8, 67.9, 200)
('read', 67.8, 67.9, 200)
('ready', 67.8, 67.9, 200)
('read', 67.9, 67.9, 200)
('read', 67.9, 67.9, 200)
('read', 67.9, 67.9, 200)
('read', 67.9, 67.9, 200)
('read', 67.9, 67.9, 200)
('read', 67.9, 67.9, 200)
('read', 67.9, 67.9, 200)
('read', 67.9, 67.9, 200)
('read', 67.9, 67.9, 200)
('read', 67.9, 67.9, 200)
('read', 67.9, 67.9, 200)
('read', 67.9, 67.9, 200)
('read', 67.9, 67.9, 200)
('read', 67.9, 67.9, 200)
('read', 67.9, 67.9, 200)
('read', 67.9, 67.9, 200)
('read', 67.9, 67.9, 200)
('read', 67.9, 67.9, 200)
('read', 67.9, 67.9, 200)
('read', 67.9, 67.9, 200)
('read', 67.9, 67.9, 200)
('read', 67.9, 67.9, 200)
('read', 67.9, 67.9, 200)
('read', 67.9, 67.9, 200)
('read', 67.9, 67.9, 200)
('read', 67.9, 67.9, 200)
('read', 67.9, 67.9, 200)
('read', 67.9, 67.9, 200)
('read', 67.9, 67.9, 200)
('read', 67.9, 67.9, 200)
('read', 67.9, 67.9, 200)
('read', 67.9, 68.0, 200)
('read', 67.9, 68.0, 200)
('read', 67.9, 68.0, 200)
('ready', 67.9, 68.0, 200)
('read', 68.0, 68.0, 200)
('read', 68.0, 68.0, 200)
('read', 68.0, 68.0, 200)
('read', 68.0, 68.0, 200)
('read', 68.0, 68.0, 200)
('read', 68.0, 68.0, 200)
('read', 68.0, 68.0, 200)
('read', 68.0, 68.0, 200)
('read', 68.0, 68.0, 200)
('read', 68.0, 68.0, 200)
('read', 68.0, 68.0, 200)
('read', 68.0, 68.0, 200)
('read', 68.0, 68.0, 200)
('read', 68.0, 68.0, 200)
('read', 68.0, 68.0, 200)
('read', 68.0, 68.0, 200)
('read', 68.0, 68.0, 200)
('read', 68.0, 68.0, 200)
('read', 68.0, 68.0, 200)
('read', 68.0, 68.0, 200)
('read', 68.0, 68.0, 200)
('ready', 68.0, 68.0, 200)
