# partition_probe.py 40 against THIS BRANCH's app/pg_store.py (libpq keepalives + tcp_user_timeout on every pooled connection)
# date: 2026-10-08T00:19:40Z   branch commit: c0a5481   app/pg_store.py sha256: f5e03dc6f0296f31 (_link_kwargs mentions: 2); in the running app container: 2
# 3 reader threads + 1 /ready thread, warmed pool, client timeout 90 s; the database is cut off at t=~2 s and reconnected at t=~42 s. Rows: (kind, start s, end s, HTTP status), only requests that overlap the partition or did not return 200
cut at 2.0 healed at 42.5
('read', 2.1, 7.6, 503)
('read', 2.1, 7.6, 503)
('read', 2.1, 7.6, 503)
('ready', 2.1, 7.6, 503)
('read', 7.6, 8.6, 503)
('ready', 7.6, 8.6, 503)
('read', 7.6, 8.6, 503)
('read', 7.6, 8.6, 503)
('read', 8.6, 9.6, 503)
('ready', 8.6, 9.6, 503)
('read', 8.6, 9.6, 503)
('read', 8.6, 9.6, 503)
('ready', 9.6, 9.6, 503)
('read', 9.6, 9.6, 503)
('ready', 9.6, 9.6, 503)
('read', 9.6, 9.6, 503)
('read', 9.6, 9.7, 503)
('ready', 9.6, 9.7, 503)
('read', 9.6, 10.6, 503)
('read', 9.6, 10.6, 503)
('read', 9.7, 9.7, 503)
('ready', 9.7, 9.7, 503)
('read', 9.7, 9.7, 503)
('ready', 9.7, 9.7, 503)
('read', 9.7, 9.7, 503)
('ready', 9.7, 9.7, 503)
('read', 9.7, 9.7, 503)
('ready', 9.7, 9.7, 503)
('read', 9.7, 9.7, 503)
('read', 9.7, 9.7, 503)
('ready', 9.7, 9.7, 503)
('ready', 9.7, 9.7, 503)
('read', 9.7, 9.7, 503)
('ready', 9.7, 9.7, 503)
('read', 9.7, 9.7, 503)
('ready', 9.7, 9.7, 503)
('read', 9.7, 9.7, 503)
('ready', 9.7, 9.7, 503)
('read', 9.7, 9.7, 503)
('read', 9.7, 9.7, 503)
('ready', 9.7, 9.7, 503)
('read', 9.7, 9.7, 503)
('ready', 9.7, 9.7, 503)
('ready', 9.7, 9.7, 503)
('read', 9.7, 9.7, 503)
('read', 9.7, 9.7, 503)
('ready', 9.7, 9.7, 503)
('read', 9.7, 9.7, 503)
('ready', 9.7, 9.7, 503)
('ready', 9.7, 9.7, 503)
('read', 9.7, 9.7, 503)
('ready', 9.7, 9.7, 503)
('read', 9.7, 9.7, 503)
('ready', 9.7, 9.7, 503)
('read', 9.7, 9.7, 503)
('ready', 9.7, 9.7, 503)
('read', 9.7, 9.7, 503)
('ready', 9.7, 9.7, 503)
('read', 9.7, 9.7, 503)
('read', 9.7, 9.7, 503)
('ready', 9.7, 9.7, 503)
('ready', 9.7, 9.7, 503)
('read', 9.7, 9.7, 503)
('ready', 9.7, 9.7, 503)
('read', 9.7, 9.7, 503)
('ready', 9.7, 9.7, 503)
('read', 9.7, 9.7, 503)
('ready', 9.7, 9.7, 503)
('read', 9.7, 9.7, 503)
('ready', 9.7, 9.7, 503)
('read', 9.7, 9.7, 503)
('ready', 9.7, 9.7, 503)
('read', 9.7, 9.7, 503)
('read', 9.7, 9.7, 503)
('ready', 9.7, 9.7, 503)
('ready', 9.7, 9.8, 503)
('read', 9.7, 9.8, 503)
('ready', 9.8, 9.8, 503)
('read', 9.8, 9.8, 503)
('ready', 9.8, 9.8, 503)
('read', 9.8, 9.8, 503)
('ready', 9.8, 9.8, 503)
('read', 9.8, 9.8, 503)
('read', 9.8, 9.8, 503)
('ready', 9.8, 9.8, 503)
('read', 9.8, 9.8, 503)
('ready', 9.8, 9.8, 503)
('ready', 9.8, 9.8, 503)
('read', 9.8, 9.8, 503)
('ready', 9.8, 9.8, 503)
('read', 9.8, 9.8, 503)
('ready', 9.8, 9.8, 503)
('read', 9.8, 9.8, 503)
('read', 9.8, 9.8, 503)
('ready', 9.8, 9.8, 503)
('ready', 9.8, 9.8, 503)
('read', 9.8, 9.8, 503)
('ready', 9.8, 9.8, 503)
('read', 9.8, 9.8, 503)
('ready', 9.8, 9.8, 503)
('read', 9.8, 9.8, 503)
('ready', 9.8, 9.8, 503)
('read', 9.8, 9.8, 503)
('ready', 9.8, 9.8, 503)
('ready', 9.8, 9.8, 503)
('read', 9.8, 9.8, 503)
('ready', 9.8, 9.8, 503)
('read', 9.8, 9.8, 503)
('ready', 9.8, 9.8, 503)
('read', 9.8, 9.8, 503)
('read', 9.8, 9.8, 503)
('ready', 9.8, 9.8, 503)
('read', 9.8, 9.8, 503)
('ready', 9.8, 9.8, 503)
('ready', 9.8, 9.8, 503)
('read', 9.8, 9.8, 503)
('read', 9.8, 9.8, 503)
('ready', 9.8, 9.8, 503)
('read', 9.8, 9.8, 503)
('ready', 9.8, 9.8, 503)
('ready', 9.8, 9.8, 503)
('read', 9.8, 9.8, 503)
('ready', 9.8, 9.8, 503)
('read', 9.8, 9.8, 503)
('ready', 9.8, 9.8, 503)
('ready', 9.8, 9.8, 503)
('read', 9.8, 9.8, 503)
('read', 9.8, 9.8, 503)
('ready', 9.8, 9.8, 503)
('ready', 9.8, 9.8, 503)
('read', 9.8, 9.8, 503)
('read', 9.8, 9.9, 503)
('ready', 9.8, 9.9, 503)
('read', 9.9, 9.9, 503)
('ready', 9.9, 9.9, 503)
('ready', 9.9, 9.9, 503)
('read', 9.9, 9.9, 503)
('ready', 9.9, 9.9, 503)
('read', 9.9, 9.9, 503)
('read', 9.9, 9.9, 503)
('ready', 9.9, 9.9, 503)
('ready', 9.9, 9.9, 503)
('read', 9.9, 9.9, 503)
('ready', 9.9, 9.9, 503)
('read', 9.9, 9.9, 503)
('ready', 9.9, 9.9, 503)
('read', 9.9, 9.9, 503)
('ready', 9.9, 9.9, 503)
('read', 9.9, 9.9, 503)
('ready', 9.9, 9.9, 503)
('read', 9.9, 9.9, 503)
('read', 9.9, 9.9, 503)
('ready', 9.9, 9.9, 503)
('read', 9.9, 9.9, 503)
('ready', 9.9, 9.9, 503)
('ready', 9.9, 9.9, 503)
('read', 9.9, 9.9, 503)
('ready', 9.9, 9.9, 503)
('read', 9.9, 9.9, 503)
('ready', 9.9, 9.9, 503)
('read', 9.9, 9.9, 503)
('ready', 9.9, 9.9, 503)
('read', 9.9, 9.9, 503)
('ready', 9.9, 9.9, 503)
('read', 9.9, 9.9, 503)
('ready', 9.9, 9.9, 503)
('ready', 9.9, 9.9, 503)
('read', 9.9, 9.9, 503)
('ready', 9.9, 9.9, 503)
('read', 9.9, 9.9, 503)
('ready', 9.9, 9.9, 503)
('read', 9.9, 9.9, 503)
('ready', 9.9, 9.9, 503)
('read', 9.9, 9.9, 503)
('ready', 9.9, 9.9, 503)
('read', 9.9, 9.9, 503)
('ready', 9.9, 9.9, 503)
('read', 9.9, 9.9, 503)
('ready', 9.9, 9.9, 503)
('read', 9.9, 9.9, 503)
('ready', 9.9, 9.9, 503)
('ready', 9.9, 9.9, 503)
('read', 9.9, 9.9, 503)
('ready', 9.9, 9.9, 503)
('read', 9.9, 9.9, 503)
('ready', 9.9, 9.9, 503)
('read', 9.9, 9.9, 503)
('read', 9.9, 10.0, 503)
('ready', 9.9, 10.0, 503)
('ready', 10.0, 10.0, 503)
('read', 10.0, 10.0, 503)
('read', 10.0, 10.0, 503)
('ready', 10.0, 10.0, 503)
('read', 10.0, 10.0, 503)
('ready', 10.0, 10.0, 503)
('ready', 10.0, 10.0, 503)
('read', 10.0, 10.0, 503)
('ready', 10.0, 10.0, 503)
('read', 10.0, 10.0, 503)
('read', 10.0, 10.0, 503)
('ready', 10.0, 10.0, 503)
('ready', 10.0, 10.0, 503)
('read', 10.0, 10.0, 503)
('ready', 10.0, 10.0, 503)
('read', 10.0, 10.0, 503)
('ready', 10.0, 10.0, 503)
('read', 10.0, 10.0, 503)
('read', 10.0, 10.0, 503)
('ready', 10.0, 10.0, 503)
('read', 10.0, 10.0, 503)
('ready', 10.0, 10.0, 503)
('read', 10.0, 10.0, 503)
('ready', 10.0, 10.0, 503)
('read', 10.0, 10.0, 503)
('ready', 10.0, 10.0, 503)
('ready', 10.0, 10.0, 503)
('read', 10.0, 10.0, 503)
('read', 10.0, 10.0, 503)
('ready', 10.0, 10.0, 503)
('read', 10.0, 10.0, 503)
('ready', 10.0, 10.0, 503)
('ready', 10.0, 10.0, 503)
('read', 10.0, 10.0, 503)
('ready', 10.0, 10.0, 503)
('read', 10.0, 10.0, 503)
('read', 10.0, 10.0, 503)
('ready', 10.0, 10.0, 503)
('read', 10.0, 10.0, 503)
('ready', 10.0, 10.0, 503)
('read', 10.0, 10.0, 503)
('ready', 10.0, 10.0, 503)
('read', 10.0, 10.0, 503)
('ready', 10.0, 10.0, 503)
('ready', 10.0, 10.0, 503)
('read', 10.0, 10.0, 503)
('ready', 10.0, 10.0, 503)
('read', 10.0, 10.0, 503)
('ready', 10.0, 10.0, 503)
('read', 10.0, 10.0, 503)
('read', 10.0, 10.0, 503)
('ready', 10.0, 10.0, 503)
('read', 10.0, 10.0, 503)
('ready', 10.0, 10.0, 503)
('read', 10.0, 10.0, 503)
('ready', 10.0, 10.0, 503)
('ready', 10.0, 10.1, 503)
('read', 10.0, 10.1, 503)
('ready', 10.1, 10.1, 503)
('read', 10.1, 10.1, 503)
('ready', 10.1, 10.1, 503)
('read', 10.1, 10.1, 503)
('ready', 10.1, 10.1, 503)
('read', 10.1, 10.1, 503)
('ready', 10.1, 10.1, 503)
('read', 10.1, 10.1, 503)
('read', 10.1, 10.1, 503)
('ready', 10.1, 10.1, 503)
('read', 10.1, 10.1, 503)
('ready', 10.1, 10.1, 503)
('read', 10.1, 10.1, 503)
('ready', 10.1, 10.1, 503)
('read', 10.1, 10.1, 503)
('ready', 10.1, 10.1, 503)
('ready', 10.1, 10.1, 503)
('read', 10.1, 10.1, 503)
('ready', 10.1, 10.1, 503)
('read', 10.1, 10.1, 503)
('ready', 10.1, 10.1, 503)
('read', 10.1, 10.1, 503)
('ready', 10.1, 10.1, 503)
('ready', 10.1, 10.1, 503)
('read', 10.1, 10.1, 503)
('read', 10.1, 10.1, 503)
('ready', 10.1, 10.1, 503)
('read', 10.1, 10.1, 503)
('ready', 10.1, 10.1, 503)
('read', 10.1, 10.1, 503)
('ready', 10.1, 10.1, 503)
('ready', 10.1, 10.1, 503)
('read', 10.1, 10.1, 503)
('read', 10.1, 10.1, 503)
('ready', 10.1, 10.1, 503)
('ready', 10.1, 10.1, 503)
('read', 10.1, 10.1, 503)
('ready', 10.1, 10.1, 503)
('read', 10.1, 10.1, 503)
('ready', 10.1, 10.1, 503)
('read', 10.1, 10.1, 503)
('ready', 10.1, 10.1, 503)
('read', 10.1, 10.1, 503)
('ready', 10.1, 10.1, 503)
('ready', 10.1, 10.1, 503)
('read', 10.1, 10.1, 503)
('ready', 10.1, 10.2, 503)
('read', 10.1, 10.2, 503)
('read', 10.2, 10.2, 503)
('ready', 10.2, 10.2, 503)
('read', 10.2, 10.2, 503)
('ready', 10.2, 10.2, 503)
('read', 10.2, 10.2, 503)
('ready', 10.2, 10.2, 503)
('read', 10.2, 10.2, 503)
('ready', 10.2, 10.2, 503)
('read', 10.2, 10.2, 503)
('ready', 10.2, 10.2, 503)
('read', 10.2, 10.2, 503)
('ready', 10.2, 10.2, 503)
('ready', 10.2, 10.2, 503)
('read', 10.2, 10.2, 503)
('ready', 10.2, 10.2, 503)
('read', 10.2, 10.2, 503)
('read', 10.2, 10.2, 503)
('ready', 10.2, 10.2, 503)
('ready', 10.2, 10.2, 503)
('read', 10.2, 10.2, 503)
('ready', 10.2, 10.2, 503)
('read', 10.2, 10.2, 503)
('ready', 10.2, 10.2, 503)
('read', 10.2, 10.2, 503)
('ready', 10.2, 10.2, 503)
('read', 10.2, 10.2, 503)
('ready', 10.2, 10.2, 503)
('read', 10.2, 10.2, 503)
('ready', 10.2, 10.2, 503)
('read', 10.2, 10.2, 503)
('read', 10.2, 10.2, 503)
('ready', 10.2, 10.2, 503)
('ready', 10.2, 10.2, 503)
('read', 10.2, 10.2, 503)
('ready', 10.2, 10.2, 503)
('read', 10.2, 10.2, 503)
('ready', 10.2, 10.2, 503)
('read', 10.2, 10.2, 503)
('read', 10.2, 10.2, 503)
('ready', 10.2, 10.2, 503)
('ready', 10.2, 10.2, 503)
('read', 10.2, 10.2, 503)
('ready', 10.2, 10.2, 503)
('read', 10.2, 10.2, 503)
('read', 10.2, 10.2, 503)
('ready', 10.2, 10.2, 503)
('read', 10.2, 10.2, 503)
('ready', 10.2, 10.3, 503)
('read', 10.2, 10.3, 503)
('ready', 10.3, 10.3, 503)
('ready', 10.3, 10.3, 503)
('read', 10.3, 10.3, 503)
('read', 10.3, 10.3, 503)
('ready', 10.3, 10.3, 503)
('ready', 10.3, 10.3, 503)
('read', 10.3, 10.3, 503)
('ready', 10.3, 10.3, 503)
('read', 10.3, 10.3, 503)
('ready', 10.3, 10.3, 503)
('read', 10.3, 10.3, 503)
('ready', 10.3, 10.3, 503)
('read', 10.3, 10.3, 503)
('ready', 10.3, 10.3, 503)
('read', 10.3, 10.3, 503)
('ready', 10.3, 10.3, 503)
('read', 10.3, 10.3, 503)
('read', 10.3, 10.3, 503)
('ready', 10.3, 10.3, 503)
('ready', 10.3, 10.3, 503)
('read', 10.3, 10.3, 503)
('ready', 10.3, 10.3, 503)
('read', 10.3, 10.3, 503)
('ready', 10.3, 10.3, 503)
('read', 10.3, 10.3, 503)
('ready', 10.3, 10.3, 503)
('ready', 10.3, 10.3, 503)
('read', 10.3, 10.3, 503)
('ready', 10.3, 10.3, 503)
('read', 10.3, 10.3, 503)
('read', 10.3, 10.3, 503)
('ready', 10.3, 10.3, 503)
('read', 10.3, 10.3, 503)
('ready', 10.3, 10.3, 503)
('ready', 10.3, 10.3, 503)
('read', 10.3, 10.3, 503)
('read', 10.3, 10.3, 503)
('ready', 10.3, 10.3, 503)
('ready', 10.3, 10.3, 503)
('read', 10.3, 10.3, 503)
('read', 10.3, 10.3, 503)
('ready', 10.3, 10.3, 503)
('read', 10.3, 10.3, 503)
('ready', 10.3, 10.3, 503)
('read', 10.3, 10.3, 503)
('ready', 10.3, 10.3, 503)
('read', 10.3, 10.3, 503)
('ready', 10.3, 10.3, 503)
('read', 10.3, 10.3, 503)
('ready', 10.3, 10.3, 503)
('ready', 10.3, 10.3, 503)
('read', 10.3, 10.3, 503)
('ready', 10.3, 10.3, 503)
('read', 10.3, 10.3, 503)
('ready', 10.3, 10.3, 503)
('read', 10.3, 10.3, 503)
('ready', 10.3, 10.3, 503)
('read', 10.3, 10.3, 503)
('ready', 10.3, 10.3, 503)
('read', 10.3, 10.3, 503)
('ready', 10.3, 10.3, 503)
('read', 10.3, 10.3, 503)
('read', 10.3, 10.4, 503)
('ready', 10.3, 10.4, 503)
('ready', 10.4, 10.4, 503)
('read', 10.4, 10.4, 503)
('read', 10.4, 10.4, 503)
('ready', 10.4, 10.4, 503)
('ready', 10.4, 10.4, 503)
('read', 10.4, 10.4, 503)
('read', 10.4, 10.4, 503)
('ready', 10.4, 10.4, 503)
('ready', 10.4, 10.4, 503)
('read', 10.4, 10.4, 503)
('ready', 10.4, 10.4, 503)
('read', 10.4, 10.4, 503)
('ready', 10.4, 10.4, 503)
('read', 10.4, 10.4, 503)
('ready', 10.4, 10.4, 503)
('read', 10.4, 10.4, 503)
('ready', 10.4, 10.4, 503)
('read', 10.4, 10.4, 503)
('ready', 10.4, 10.4, 503)
('read', 10.4, 10.4, 503)
('read', 10.4, 10.4, 503)
('ready', 10.4, 10.4, 503)
('ready', 10.4, 10.4, 503)
('read', 10.4, 10.4, 503)
('ready', 10.4, 10.4, 503)
('read', 10.4, 10.4, 503)
('ready', 10.4, 10.4, 503)
('read', 10.4, 10.4, 503)
('ready', 10.4, 10.4, 503)
('read', 10.4, 10.4, 503)
('read', 10.4, 10.4, 503)
('ready', 10.4, 10.4, 503)
('read', 10.4, 10.4, 503)
('ready', 10.4, 10.4, 503)
('ready', 10.4, 10.4, 503)
('read', 10.4, 10.4, 503)
('read', 10.4, 10.4, 503)
('ready', 10.4, 10.4, 503)
('read', 10.4, 10.4, 503)
('ready', 10.4, 10.4, 503)
('ready', 10.4, 10.4, 503)
('read', 10.4, 10.4, 503)
('ready', 10.4, 10.4, 503)
('read', 10.4, 10.4, 503)
('read', 10.4, 10.4, 503)
('ready', 10.4, 10.4, 503)
('read', 10.4, 10.4, 503)
('ready', 10.4, 10.4, 503)
('ready', 10.4, 10.4, 503)
('read', 10.4, 10.4, 503)
('ready', 10.4, 10.4, 503)
('read', 10.4, 10.4, 503)
('ready', 10.4, 10.4, 503)
('read', 10.4, 10.4, 503)
('ready', 10.4, 10.4, 503)
('read', 10.4, 10.4, 503)
('ready', 10.4, 10.4, 503)
('read', 10.4, 10.4, 503)
('ready', 10.4, 10.5, 503)
('read', 10.4, 10.5, 503)
('ready', 10.5, 10.5, 503)
('read', 10.5, 10.5, 503)
('ready', 10.5, 10.5, 503)
('read', 10.5, 10.5, 503)
('read', 10.5, 10.5, 503)
('ready', 10.5, 10.5, 503)
('ready', 10.5, 10.5, 503)
('read', 10.5, 10.5, 503)
('read', 10.5, 10.5, 503)
('ready', 10.5, 10.5, 503)
('read', 10.5, 10.5, 503)
('ready', 10.5, 10.5, 503)
('read', 10.5, 10.5, 503)
('ready', 10.5, 10.5, 503)
('ready', 10.5, 10.5, 503)
('read', 10.5, 10.5, 503)
('ready', 10.5, 10.5, 503)
('read', 10.5, 10.5, 503)
('read', 10.5, 10.5, 503)
('ready', 10.5, 10.5, 503)
('read', 10.5, 10.5, 503)
('ready', 10.5, 10.5, 503)
('ready', 10.5, 10.5, 503)
('read', 10.5, 10.5, 503)
('ready', 10.5, 10.5, 503)
('read', 10.5, 10.5, 503)
('ready', 10.5, 10.5, 503)
('read', 10.5, 10.5, 503)
('ready', 10.5, 10.5, 503)
('read', 10.5, 10.5, 503)
('read', 10.5, 10.5, 503)
('ready', 10.5, 10.5, 503)
('ready', 10.5, 10.5, 503)
('read', 10.5, 10.5, 503)
('ready', 10.5, 10.5, 503)
('read', 10.5, 10.5, 503)
('ready', 10.5, 10.5, 503)
('read', 10.5, 10.5, 503)
('ready', 10.5, 10.5, 503)
('read', 10.5, 10.5, 503)
('ready', 10.5, 10.5, 503)
('read', 10.5, 10.5, 503)
('ready', 10.5, 10.5, 503)
('read', 10.5, 10.5, 503)
('ready', 10.5, 10.5, 503)
('read', 10.5, 10.5, 503)
('ready', 10.5, 10.5, 503)
('read', 10.5, 10.5, 503)
('read', 10.5, 10.5, 503)
('ready', 10.5, 10.5, 503)
('ready', 10.5, 10.5, 503)
('read', 10.5, 10.5, 503)
('read', 10.5, 10.5, 503)
('ready', 10.5, 10.5, 503)
('ready', 10.5, 10.5, 503)
('read', 10.5, 10.5, 503)
('ready', 10.5, 10.5, 503)
('read', 10.5, 10.5, 503)
('read', 10.5, 10.5, 503)
('ready', 10.5, 10.5, 503)
('ready', 10.5, 10.5, 503)
('read', 10.5, 10.6, 503)
('ready', 10.5, 10.6, 503)
('read', 10.6, 10.6, 503)
('ready', 10.6, 10.6, 503)
('read', 10.6, 10.6, 503)
('ready', 10.6, 10.6, 503)
('read', 10.6, 10.6, 503)
('read', 10.6, 10.6, 503)
('ready', 10.6, 10.6, 503)
('ready', 10.6, 10.6, 503)
('read', 10.6, 10.6, 503)
('ready', 10.6, 10.6, 503)
('read', 10.6, 10.6, 503)
('ready', 10.6, 10.6, 503)
('read', 10.6, 10.6, 503)
('ready', 10.6, 10.6, 503)
('read', 10.6, 10.6, 503)
('ready', 10.6, 10.6, 503)
('read', 10.6, 10.6, 503)
('ready', 10.6, 10.6, 503)
('read', 10.6, 10.6, 503)
('ready', 10.6, 10.6, 503)
('ready', 10.6, 10.6, 503)
('read', 10.6, 10.6, 503)
('ready', 10.6, 10.6, 503)
('read', 10.6, 10.6, 503)
('ready', 10.6, 10.6, 503)
('read', 10.6, 10.6, 503)
('ready', 10.6, 10.6, 503)
('read', 10.6, 10.6, 503)
('ready', 10.6, 10.6, 503)
('read', 10.6, 10.6, 503)
('ready', 10.6, 10.6, 503)
('read', 10.6, 10.6, 503)
('ready', 10.6, 10.6, 503)
('read', 10.6, 10.6, 503)
('ready', 10.6, 10.6, 503)
('read', 10.6, 10.6, 503)
('read', 10.6, 10.6, 503)
('read', 10.6, 10.6, 503)
('ready', 10.6, 10.6, 503)
('ready', 10.6, 10.6, 503)
('read', 10.6, 10.6, 503)
('read', 10.6, 10.6, 503)
('ready', 10.6, 10.6, 503)
('read', 10.6, 10.6, 503)
('read', 10.6, 10.6, 503)
('ready', 10.6, 10.6, 503)
('read', 10.6, 10.6, 503)
('read', 10.6, 10.6, 503)
('ready', 10.6, 10.6, 503)
('read', 10.6, 10.6, 503)
('read', 10.6, 10.6, 503)
('ready', 10.6, 10.6, 503)
('read', 10.6, 10.7, 503)
('read', 10.6, 10.7, 503)
('read', 10.6, 10.7, 503)
('ready', 10.6, 10.7, 503)
('read', 10.7, 10.7, 503)
('read', 10.7, 10.7, 503)
('ready', 10.7, 10.7, 503)
('read', 10.7, 10.7, 503)
('read', 10.7, 10.7, 503)
('read', 10.7, 10.7, 503)
('read', 10.7, 10.7, 503)
('ready', 10.7, 10.7, 503)
('read', 10.7, 10.7, 503)
('read', 10.7, 10.7, 503)
('ready', 10.7, 10.7, 503)
('read', 10.7, 10.7, 503)
('read', 10.7, 10.7, 503)
('read', 10.7, 10.7, 503)
('ready', 10.7, 10.7, 503)
('read', 10.7, 10.7, 503)
('read', 10.7, 10.7, 503)
('read', 10.7, 10.7, 503)
('ready', 10.7, 10.7, 503)
('read', 10.7, 10.7, 503)
('read', 10.7, 10.7, 503)
('read', 10.7, 10.7, 503)
('ready', 10.7, 10.7, 503)
('read', 10.7, 10.7, 503)
('read', 10.7, 10.7, 503)
('read', 10.7, 10.7, 503)
('ready', 10.7, 10.7, 503)
('read', 10.7, 10.7, 503)
('read', 10.7, 10.7, 503)
('read', 10.7, 10.7, 503)
('ready', 10.7, 10.7, 503)
('read', 10.7, 10.7, 503)
('read', 10.7, 10.7, 503)
('read', 10.7, 10.7, 503)
('ready', 10.7, 10.7, 503)
('read', 10.7, 10.7, 503)
('read', 10.7, 10.7, 503)
('read', 10.7, 10.7, 503)
('ready', 10.7, 10.7, 503)
('read', 10.7, 10.7, 503)
('read', 10.7, 10.7, 503)
('read', 10.7, 10.7, 503)
('ready', 10.7, 10.7, 503)
('read', 10.7, 10.7, 503)
('read', 10.7, 10.7, 503)
('read', 10.7, 10.7, 503)
('ready', 10.7, 10.7, 503)
('read', 10.7, 10.7, 503)
('read', 10.7, 10.7, 503)
('read', 10.7, 10.7, 503)
('ready', 10.7, 10.7, 503)
('read', 10.7, 10.7, 503)
('read', 10.7, 10.7, 503)
('read', 10.7, 10.8, 503)
('ready', 10.7, 10.8, 503)
('read', 10.7, 10.8, 503)
('read', 10.7, 10.8, 503)
('read', 10.8, 10.8, 503)
('ready', 10.8, 10.8, 503)
('read', 10.8, 10.8, 503)
('read', 10.8, 10.8, 503)
('read', 10.8, 10.8, 503)
('read', 10.8, 10.8, 503)
('read', 10.8, 10.8, 503)
('read', 10.8, 10.8, 503)
('ready', 10.8, 10.8, 503)
('read', 10.8, 10.8, 503)
('read', 10.8, 10.8, 503)
('read', 10.8, 10.8, 503)
('ready', 10.8, 10.8, 503)
('read', 10.8, 10.8, 503)
('read', 10.8, 10.8, 503)
('read', 10.8, 10.8, 503)
('ready', 10.8, 10.8, 503)
('read', 10.8, 10.8, 503)
('read', 10.8, 10.8, 503)
('read', 10.8, 10.8, 503)
('ready', 10.8, 10.8, 503)
('read', 10.8, 10.8, 503)
('read', 10.8, 10.8, 503)
('read', 10.8, 10.8, 503)
('ready', 10.8, 10.8, 503)
('read', 10.8, 10.8, 503)
('read', 10.8, 10.8, 503)
('ready', 10.8, 10.8, 503)
('read', 10.8, 10.8, 503)
('read', 10.8, 10.8, 503)
('read', 10.8, 10.8, 503)
('read', 10.8, 10.8, 503)
('read', 10.8, 10.8, 503)
('ready', 10.8, 10.8, 503)
('read', 10.8, 10.8, 503)
('read', 10.8, 10.8, 503)
('ready', 10.8, 10.8, 503)
('read', 10.8, 10.8, 503)
('ready', 10.8, 10.8, 503)
('read', 10.8, 10.8, 503)
('read', 10.8, 10.8, 503)
('read', 10.8, 10.8, 503)
('ready', 10.8, 10.8, 503)
('read', 10.8, 10.8, 503)
('read', 10.8, 10.8, 503)
('read', 10.8, 10.8, 503)
('ready', 10.8, 10.8, 503)
('read', 10.8, 10.8, 503)
('read', 10.8, 10.8, 503)
('read', 10.8, 10.8, 503)
('ready', 10.8, 10.8, 503)
('ready', 10.8, 10.8, 503)
('read', 10.8, 10.8, 503)
('read', 10.8, 10.8, 503)
('read', 10.8, 10.8, 503)
('ready', 10.8, 10.8, 503)
('read', 10.8, 10.9, 503)
('read', 10.8, 10.9, 503)
('ready', 10.8, 10.9, 503)
('read', 10.8, 10.9, 503)
('ready', 10.9, 10.9, 503)
('read', 10.9, 10.9, 503)
('read', 10.9, 10.9, 503)
('read', 10.9, 10.9, 503)
('ready', 10.9, 10.9, 503)
('read', 10.9, 10.9, 503)
('read', 10.9, 10.9, 503)
('read', 10.9, 10.9, 503)
('ready', 10.9, 10.9, 503)
('read', 10.9, 10.9, 503)
('read', 10.9, 10.9, 503)
('read', 10.9, 10.9, 503)
('ready', 10.9, 10.9, 503)
('read', 10.9, 10.9, 503)
('read', 10.9, 10.9, 503)
('read', 10.9, 10.9, 503)
('ready', 10.9, 10.9, 503)
('read', 10.9, 10.9, 503)
('read', 10.9, 10.9, 503)
('read', 10.9, 10.9, 503)
('ready', 10.9, 10.9, 503)
('read', 10.9, 10.9, 503)
('read', 10.9, 10.9, 503)
('read', 10.9, 10.9, 503)
('ready', 10.9, 10.9, 503)
('ready', 10.9, 10.9, 503)
('read', 10.9, 10.9, 503)
('read', 10.9, 10.9, 503)
('read', 10.9, 10.9, 503)
('ready', 10.9, 10.9, 503)
('read', 10.9, 10.9, 503)
('read', 10.9, 10.9, 503)
('read', 10.9, 10.9, 503)
('ready', 10.9, 10.9, 503)
('read', 10.9, 10.9, 503)
('ready', 10.9, 10.9, 503)
('read', 10.9, 10.9, 503)
('read', 10.9, 10.9, 503)
('read', 10.9, 10.9, 503)
('ready', 10.9, 10.9, 503)
('read', 10.9, 10.9, 503)
('read', 10.9, 10.9, 503)
('read', 10.9, 10.9, 503)
('ready', 10.9, 10.9, 503)
('read', 10.9, 10.9, 503)
('read', 10.9, 10.9, 503)
('read', 10.9, 10.9, 503)
('read', 10.9, 10.9, 503)
('ready', 10.9, 10.9, 503)
('read', 10.9, 10.9, 503)
('read', 10.9, 10.9, 503)
('read', 10.9, 10.9, 503)
('read', 10.9, 10.9, 503)
('ready', 10.9, 10.9, 503)
('read', 10.9, 10.9, 503)
('ready', 10.9, 10.9, 503)
('read', 10.9, 10.9, 503)
('read', 10.9, 11.0, 503)
('read', 10.9, 11.0, 503)
('read', 10.9, 11.0, 503)
('ready', 10.9, 11.0, 503)
('read', 11.0, 11.0, 503)
('read', 11.0, 11.0, 503)
('read', 11.0, 11.0, 503)
('read', 11.0, 11.0, 503)
('ready', 11.0, 11.0, 503)
('read', 11.0, 11.0, 503)
('read', 11.0, 11.0, 503)
('read', 11.0, 11.0, 503)
('ready', 11.0, 11.0, 503)
('read', 11.0, 11.0, 503)
('read', 11.0, 11.0, 503)
('ready', 11.0, 11.0, 503)
('read', 11.0, 11.0, 503)
('read', 11.0, 11.0, 503)
('read', 11.0, 11.0, 503)
('ready', 11.0, 11.0, 503)
('read', 11.0, 11.0, 503)
('read', 11.0, 11.0, 503)
('read', 11.0, 11.0, 503)
('ready', 11.0, 11.0, 503)
('read', 11.0, 11.0, 503)
('read', 11.0, 11.0, 503)
('read', 11.0, 11.0, 503)
('ready', 11.0, 11.0, 503)
('ready', 11.0, 11.0, 503)
('read', 11.0, 11.0, 503)
('read', 11.0, 11.0, 503)
('read', 11.0, 11.0, 503)
('ready', 11.0, 11.0, 503)
('read', 11.0, 11.0, 503)
('read', 11.0, 11.0, 503)
('ready', 11.0, 11.0, 503)
('read', 11.0, 11.0, 503)
('read', 11.0, 11.0, 503)
('read', 11.0, 11.0, 503)
('ready', 11.0, 11.0, 503)
('read', 11.0, 11.0, 503)
('read', 11.0, 11.0, 503)
('ready', 11.0, 11.0, 503)
('read', 11.0, 11.0, 503)
('read', 11.0, 11.0, 503)
('read', 11.0, 11.0, 503)
('read', 11.0, 11.0, 503)
('read', 11.0, 11.0, 503)
('ready', 11.0, 11.0, 503)
('read', 11.0, 11.0, 503)
('read', 11.0, 11.0, 503)
('read', 11.0, 11.0, 503)
('read', 11.0, 11.0, 503)
('ready', 11.0, 11.0, 503)
('ready', 11.0, 11.0, 503)
('read', 11.0, 11.0, 503)
('read', 11.0, 11.0, 503)
('read', 11.0, 11.0, 503)
('ready', 11.0, 11.0, 503)
('read', 11.0, 11.0, 503)
('read', 11.0, 11.0, 503)
('read', 11.0, 11.0, 503)
('ready', 11.0, 11.0, 503)
('read', 11.0, 11.0, 503)
('read', 11.0, 11.1, 503)
('read', 11.0, 11.1, 503)
('ready', 11.0, 11.1, 503)
('read', 11.0, 11.1, 503)
('read', 11.1, 11.1, 503)
('read', 11.1, 11.1, 503)
('ready', 11.1, 11.1, 503)
('ready', 11.1, 11.1, 503)
('read', 11.1, 11.1, 503)
('read', 11.1, 11.1, 503)
('read', 11.1, 11.1, 503)
('ready', 11.1, 11.1, 503)
('read', 11.1, 11.1, 503)
('read', 11.1, 11.1, 503)
('read', 11.1, 11.1, 503)
('ready', 11.1, 11.1, 503)
('read', 11.1, 11.1, 503)
('read', 11.1, 11.1, 503)
('read', 11.1, 11.1, 503)
('ready', 11.1, 11.1, 503)
('read', 11.1, 11.1, 503)
('read', 11.1, 11.1, 503)
('read', 11.1, 11.1, 503)
('ready', 11.1, 11.1, 503)
('read', 11.1, 11.1, 503)
('read', 11.1, 11.1, 503)
('read', 11.1, 11.1, 503)
('ready', 11.1, 11.1, 503)
('ready', 11.1, 11.1, 503)
('read', 11.1, 11.1, 503)
('read', 11.1, 11.1, 503)
('read', 11.1, 11.1, 503)
('read', 11.1, 11.1, 503)
('ready', 11.1, 11.1, 503)
('read', 11.1, 11.1, 503)
('read', 11.1, 11.1, 503)
('read', 11.1, 11.1, 503)
('ready', 11.1, 11.1, 503)
('read', 11.1, 11.1, 503)
('read', 11.1, 11.1, 503)
('read', 11.1, 11.1, 503)
('ready', 11.1, 11.1, 503)
('read', 11.1, 11.1, 503)
('read', 11.1, 11.1, 503)
('read', 11.1, 11.1, 503)
('read', 11.1, 11.1, 503)
('read', 11.1, 11.1, 503)
('ready', 11.1, 11.1, 503)
('read', 11.1, 11.1, 503)
('read', 11.1, 11.1, 503)
('ready', 11.1, 11.1, 503)
('read', 11.1, 11.1, 503)
('ready', 11.1, 11.1, 503)
('read', 11.1, 11.1, 503)
('read', 11.1, 11.1, 503)
('read', 11.1, 11.1, 503)
('read', 11.1, 11.1, 503)
('ready', 11.1, 11.1, 503)
('read', 11.1, 11.1, 503)
('read', 11.1, 11.1, 503)
('read', 11.1, 11.1, 503)
('ready', 11.1, 11.1, 503)
('read', 11.1, 11.1, 503)
('read', 11.1, 11.1, 503)
('read', 11.1, 11.2, 503)
('ready', 11.1, 11.2, 503)
('read', 11.1, 11.2, 503)
('read', 11.1, 11.2, 503)
('ready', 11.2, 11.2, 503)
('read', 11.2, 11.2, 503)
('read', 11.2, 11.2, 503)
('read', 11.2, 11.2, 503)
('read', 11.2, 11.2, 503)
('read', 11.2, 11.2, 503)
('ready', 11.2, 11.2, 503)
('read', 11.2, 11.2, 503)
('read', 11.2, 11.2, 503)
('ready', 11.2, 11.2, 503)
('read', 11.2, 11.2, 503)
('read', 11.2, 11.2, 503)
('read', 11.2, 11.2, 503)
('ready', 11.2, 11.2, 503)
('read', 11.2, 11.2, 503)
('read', 11.2, 11.2, 503)
('read', 11.2, 11.2, 503)
('read', 11.2, 11.2, 503)
('read', 11.2, 11.2, 503)
('ready', 11.2, 11.2, 503)
('read', 11.2, 11.2, 503)
('read', 11.2, 11.2, 503)
('read', 11.2, 11.2, 503)
('ready', 11.2, 11.2, 503)
('ready', 11.2, 11.2, 503)
('read', 11.2, 11.2, 503)
('read', 11.2, 11.2, 503)
('read', 11.2, 11.2, 503)
('read', 11.2, 11.2, 503)
('read', 11.2, 11.2, 503)
('ready', 11.2, 11.2, 503)
('read', 11.2, 11.2, 503)
('read', 11.2, 11.2, 503)
('ready', 11.2, 11.2, 503)
('read', 11.2, 11.2, 503)
('read', 11.2, 11.2, 503)
('read', 11.2, 11.2, 503)
('read', 11.2, 11.2, 503)
('read', 11.2, 11.2, 503)
('ready', 11.2, 11.2, 503)
('read', 11.2, 11.2, 503)
('read', 11.2, 11.2, 503)
('read', 11.2, 11.2, 503)
('ready', 11.2, 11.2, 503)
('read', 11.2, 11.2, 503)
('ready', 11.2, 11.2, 503)
('read', 11.2, 11.2, 503)
('read', 11.2, 11.2, 503)
('read', 11.2, 11.2, 503)
('read', 11.2, 11.2, 503)
('read', 11.2, 11.2, 503)
('ready', 11.2, 11.2, 503)
('read', 11.2, 11.2, 503)
('read', 11.2, 11.2, 503)
('read', 11.2, 11.2, 503)
('ready', 11.2, 11.2, 503)
('read', 11.2, 11.2, 503)
('read', 11.2, 11.2, 503)
('ready', 11.2, 11.2, 503)
('read', 11.2, 11.2, 503)
('read', 11.2, 11.2, 503)
('read', 11.2, 11.3, 503)
('read', 11.2, 11.3, 503)
('ready', 11.2, 11.3, 503)
('read', 11.2, 11.3, 503)
('read', 11.3, 11.3, 503)
('ready', 11.3, 11.3, 503)
('read', 11.3, 11.3, 503)
('read', 11.3, 11.3, 503)
('read', 11.3, 11.3, 503)
('ready', 11.3, 11.3, 503)
('read', 11.3, 11.3, 503)
('read', 11.3, 11.3, 503)
('read', 11.3, 11.3, 503)
('read', 11.3, 11.3, 503)
('read', 11.3, 11.3, 503)
('ready', 11.3, 11.3, 503)
('read', 11.3, 11.3, 503)
('read', 11.3, 11.3, 503)
('read', 11.3, 11.3, 503)
('ready', 11.3, 11.3, 503)
('ready', 11.3, 11.3, 503)
('read', 11.3, 11.3, 503)
('read', 11.3, 11.3, 503)
('read', 11.3, 11.3, 503)
('ready', 11.3, 11.3, 503)
('read', 11.3, 11.3, 503)
('read', 11.3, 11.3, 503)
('read', 11.3, 11.3, 503)
('ready', 11.3, 11.3, 503)
('read', 11.3, 11.3, 503)
('read', 11.3, 11.3, 503)
('read', 11.3, 11.3, 503)
('ready', 11.3, 11.3, 503)
('read', 11.3, 11.3, 503)
('read', 11.3, 11.3, 503)
('read', 11.3, 11.3, 503)
('ready', 11.3, 11.3, 503)
('read', 11.3, 11.3, 503)
('ready', 11.3, 11.3, 503)
('read', 11.3, 11.3, 503)
('read', 11.3, 11.3, 503)
('read', 11.3, 11.3, 503)
('read', 11.3, 11.3, 503)
('read', 11.3, 11.3, 503)
('read', 11.3, 11.3, 503)
('ready', 11.3, 11.3, 503)
('read', 11.3, 11.3, 503)
('ready', 11.3, 11.3, 503)
('read', 11.3, 11.3, 503)
('read', 11.3, 11.3, 503)
('ready', 11.3, 11.3, 503)
('read', 11.3, 11.3, 503)
('read', 11.3, 11.3, 503)
('read', 11.3, 11.3, 503)
('read', 11.3, 11.3, 503)
('ready', 11.3, 11.3, 503)
('read', 11.3, 11.3, 503)
('read', 11.3, 11.3, 503)
('read', 11.3, 11.3, 503)
('read', 11.3, 11.3, 503)
('ready', 11.3, 11.3, 503)
('read', 11.3, 11.3, 503)
('read', 11.3, 11.3, 503)
('read', 11.3, 11.3, 503)
('ready', 11.3, 11.3, 503)
('read', 11.3, 11.3, 503)
('read', 11.3, 11.3, 503)
('ready', 11.3, 11.4, 503)
('read', 11.3, 11.4, 503)
('read', 11.3, 11.4, 503)
('read', 11.3, 11.4, 503)
('read', 11.4, 11.4, 503)
('ready', 11.4, 11.4, 503)
('read', 11.4, 11.4, 503)
('read', 11.4, 11.4, 503)
('read', 11.4, 11.4, 503)
('ready', 11.4, 11.4, 503)
('read', 11.4, 11.4, 503)
('read', 11.4, 11.4, 503)
('read', 11.4, 11.4, 503)
('read', 11.4, 11.4, 503)
('ready', 11.4, 11.4, 503)
('read', 11.4, 11.4, 503)
('read', 11.4, 11.4, 503)
('ready', 11.4, 11.4, 503)
('read', 11.4, 11.4, 503)
('read', 11.4, 11.4, 503)
('read', 11.4, 11.4, 503)
('read', 11.4, 11.4, 503)
('read', 11.4, 11.4, 503)
('ready', 11.4, 11.4, 503)
('read', 11.4, 11.4, 503)
('read', 11.4, 11.4, 503)
('read', 11.4, 11.4, 503)
('ready', 11.4, 11.4, 503)
('read', 11.4, 11.4, 503)
('read', 11.4, 11.4, 503)
('read', 11.4, 11.4, 503)
('read', 11.4, 11.4, 503)
('ready', 11.4, 11.4, 503)
('read', 11.4, 11.4, 503)
('read', 11.4, 11.4, 503)
('read', 11.4, 11.4, 503)
('ready', 11.4, 11.4, 503)
('read', 11.4, 11.4, 503)
('read', 11.4, 11.4, 503)
('read', 11.4, 11.4, 503)
('read', 11.4, 11.4, 503)
('ready', 11.4, 11.4, 503)
('read', 11.4, 11.5, 503)
('read', 11.4, 11.5, 503)
('read', 11.4, 11.5, 503)
('ready', 11.4, 11.5, 503)
('ready', 11.5, 11.5, 503)
('read', 11.5, 11.5, 503)
('read', 11.5, 11.5, 503)
('read', 11.5, 11.5, 503)
('ready', 11.5, 11.5, 503)
('read', 11.5, 11.5, 503)
('read', 11.5, 11.5, 503)
('read', 11.5, 11.5, 503)
('ready', 11.5, 11.5, 503)
('read', 11.5, 11.5, 503)
('read', 11.5, 11.5, 503)
('read', 11.5, 11.5, 503)
('ready', 11.5, 11.5, 503)
('read', 11.5, 11.5, 503)
('read', 11.5, 11.5, 503)
('read', 11.5, 11.5, 503)
('ready', 11.5, 11.5, 503)
('read', 11.5, 11.5, 503)
('read', 11.5, 11.5, 503)
('read', 11.5, 11.5, 503)
('ready', 11.5, 11.5, 503)
('read', 11.5, 11.5, 503)
('ready', 11.5, 11.5, 503)
('read', 11.5, 11.5, 503)
('read', 11.5, 11.5, 503)
('read', 11.5, 11.5, 503)
('read', 11.5, 11.5, 503)
('ready', 11.5, 11.5, 503)
('read', 11.5, 11.5, 503)
('read', 11.5, 11.5, 503)
('read', 11.5, 11.5, 503)
('ready', 11.5, 11.5, 503)
('read', 11.5, 11.5, 503)
('read', 11.5, 11.5, 503)
('read', 11.5, 11.5, 503)
('ready', 11.5, 11.5, 503)
('read', 11.5, 11.5, 503)
('read', 11.5, 11.5, 503)
('ready', 11.5, 11.5, 503)
('read', 11.5, 11.5, 503)
('read', 11.5, 11.5, 503)
('read', 11.5, 11.5, 503)
('read', 11.5, 11.5, 503)
('read', 11.5, 11.5, 503)
('ready', 11.5, 11.5, 503)
('read', 11.5, 11.5, 503)
('read', 11.5, 11.5, 503)
('ready', 11.5, 11.5, 503)
('read', 11.5, 11.5, 503)
('read', 11.5, 11.5, 503)
('read', 11.5, 11.5, 503)
('ready', 11.5, 11.5, 503)
('read', 11.5, 11.5, 503)
('read', 11.5, 11.5, 503)
('read', 11.5, 11.5, 503)
('ready', 11.5, 11.5, 503)
('read', 11.5, 11.5, 503)
('read', 11.5, 11.6, 503)
('read', 11.5, 11.6, 503)
('ready', 11.5, 11.6, 503)
('read', 11.5, 11.6, 503)
('read', 11.6, 11.6, 503)
('read', 11.6, 11.6, 503)
('ready', 11.6, 11.6, 503)
('read', 11.6, 11.6, 503)
('read', 11.6, 11.6, 503)
('read', 11.6, 11.6, 503)
('ready', 11.6, 11.6, 503)
('read', 11.6, 11.6, 503)
('read', 11.6, 11.6, 503)
('read', 11.6, 11.6, 503)
('ready', 11.6, 11.6, 503)
('read', 11.6, 11.6, 503)
('read', 11.6, 11.6, 503)
('read', 11.6, 11.6, 503)
('ready', 11.6, 11.6, 503)
('read', 11.6, 11.6, 503)
('read', 11.6, 11.6, 503)
('read', 11.6, 11.6, 503)
('ready', 11.6, 11.6, 503)
('read', 11.6, 11.6, 503)
('read', 11.6, 11.6, 503)
('ready', 11.6, 11.6, 503)
('read', 11.6, 11.6, 503)
('read', 11.6, 11.6, 503)
('read', 11.6, 11.6, 503)
('ready', 11.6, 11.6, 503)
('read', 11.6, 11.6, 503)
('read', 11.6, 11.6, 503)
('read', 11.6, 11.6, 503)
('read', 11.6, 11.6, 503)
('ready', 11.6, 11.6, 503)
('read', 11.6, 11.6, 503)
('ready', 11.6, 11.6, 503)
('read', 11.6, 11.6, 503)
('read', 11.6, 11.6, 503)
('read', 11.6, 11.6, 503)
('read', 11.6, 11.6, 503)
('read', 11.6, 11.6, 503)
('ready', 11.6, 11.6, 503)
('read', 11.6, 11.6, 503)
('read', 11.6, 11.6, 503)
('read', 11.6, 11.6, 503)
('read', 11.6, 11.6, 503)
('ready', 11.6, 11.6, 503)
('read', 11.6, 11.6, 503)
('read', 11.6, 11.6, 503)
('read', 11.6, 11.6, 503)
('ready', 11.6, 11.6, 503)
('read', 11.6, 11.6, 503)
('read', 11.6, 11.6, 503)
('read', 11.6, 11.6, 503)
('ready', 11.6, 11.6, 503)
('read', 11.6, 11.6, 503)
('read', 11.6, 11.6, 503)
('ready', 11.6, 11.6, 503)
('read', 11.6, 11.6, 503)
('read', 11.6, 11.6, 503)
('ready', 11.6, 11.7, 503)
('read', 11.6, 11.7, 503)
('read', 11.6, 11.7, 503)
('read', 11.6, 11.7, 503)
('ready', 11.7, 11.7, 503)
('read', 11.7, 11.7, 503)
('ready', 11.7, 11.7, 503)
('read', 11.7, 11.7, 503)
('read', 11.7, 11.7, 503)
('read', 11.7, 11.7, 503)
('read', 11.7, 11.7, 503)
('read', 11.7, 11.7, 503)
('ready', 11.7, 11.7, 503)
('read', 11.7, 11.7, 503)
('read', 11.7, 11.7, 503)
('read', 11.7, 11.7, 503)
('ready', 11.7, 11.7, 503)
('read', 11.7, 11.7, 503)
('ready', 11.7, 11.7, 503)
('read', 11.7, 11.7, 503)
('read', 11.7, 11.7, 503)
('read', 11.7, 11.7, 503)
('ready', 11.7, 11.7, 503)
('read', 11.7, 11.7, 503)
('read', 11.7, 11.7, 503)
('read', 11.7, 11.7, 503)
('read', 11.7, 11.7, 503)
('read', 11.7, 11.7, 503)
('ready', 11.7, 11.7, 503)
('read', 11.7, 11.7, 503)
('ready', 11.7, 11.7, 503)
('read', 11.7, 11.7, 503)
('read', 11.7, 11.7, 503)
('read', 11.7, 11.7, 503)
('ready', 11.7, 11.7, 503)
('read', 11.7, 11.7, 503)
('read', 11.7, 11.7, 503)
('read', 11.7, 11.7, 503)
('read', 11.7, 11.7, 503)
('read', 11.7, 11.7, 503)
('ready', 11.7, 11.7, 503)
('read', 11.7, 11.7, 503)
('read', 11.7, 11.7, 503)
('ready', 11.7, 11.7, 503)
('read', 11.7, 11.7, 503)
('read', 11.7, 11.7, 503)
('ready', 11.7, 11.7, 503)
('read', 11.7, 11.7, 503)
('read', 11.7, 11.7, 503)
('read', 11.7, 11.7, 503)
('read', 11.7, 11.7, 503)
('read', 11.7, 11.7, 503)
('read', 11.7, 11.7, 503)
('ready', 11.7, 11.7, 503)
('read', 11.7, 11.7, 503)
('read', 11.7, 11.7, 503)
('read', 11.7, 11.7, 503)
('ready', 11.7, 11.7, 503)
('ready', 11.7, 11.7, 503)
('read', 11.7, 11.7, 503)
('read', 11.7, 11.7, 503)
('read', 11.7, 11.7, 503)
('read', 11.7, 11.7, 503)
('ready', 11.7, 11.7, 503)
('read', 11.7, 11.7, 503)
('read', 11.7, 11.7, 503)
('read', 11.7, 11.8, 503)
('ready', 11.7, 11.8, 503)
('read', 11.7, 11.8, 503)
('read', 11.7, 11.8, 503)
('read', 11.8, 11.8, 503)
('ready', 11.8, 11.8, 503)
('read', 11.8, 11.8, 503)
('read', 11.8, 11.8, 503)
('read', 11.8, 11.8, 503)
('read', 11.8, 11.8, 503)
('ready', 11.8, 11.8, 503)
('read', 11.8, 11.8, 503)
('read', 11.8, 11.8, 503)
('ready', 11.8, 11.8, 503)
('read', 11.8, 11.8, 503)
('read', 11.8, 11.8, 503)
('read', 11.8, 11.8, 503)
('ready', 11.8, 11.8, 503)
('read', 11.8, 11.8, 503)
('read', 11.8, 11.8, 503)
('read', 11.8, 11.8, 503)
('ready', 11.8, 11.8, 503)
('read', 11.8, 11.8, 503)
('read', 11.8, 11.8, 503)
('read', 11.8, 11.8, 503)
('ready', 11.8, 11.8, 503)
('read', 11.8, 11.8, 503)
('read', 11.8, 11.8, 503)
('read', 11.8, 11.8, 503)
('ready', 11.8, 11.8, 503)
('read', 11.8, 11.8, 503)
('read', 11.8, 11.8, 503)
('read', 11.8, 11.8, 503)
('ready', 11.8, 11.8, 503)
('read', 11.8, 11.8, 503)
('read', 11.8, 11.8, 503)
('read', 11.8, 11.8, 503)
('ready', 11.8, 11.8, 503)
('read', 11.8, 11.8, 503)
('read', 11.8, 11.8, 503)
('read', 11.8, 11.8, 503)
('ready', 11.8, 11.8, 503)
('read', 11.8, 11.8, 503)
('read', 11.8, 11.8, 503)
('read', 11.8, 11.8, 503)
('ready', 11.8, 11.8, 503)
('read', 11.8, 11.8, 503)
('read', 11.8, 11.8, 503)
('read', 11.8, 11.8, 503)
('ready', 11.8, 11.8, 503)
('read', 11.8, 11.8, 503)
('read', 11.8, 11.8, 503)
('ready', 11.8, 11.8, 503)
('read', 11.8, 11.8, 503)
('read', 11.8, 11.8, 503)
('read', 11.8, 11.8, 503)
('read', 11.8, 11.8, 503)
('ready', 11.8, 11.8, 503)
('read', 11.8, 11.8, 503)
('read', 11.8, 11.8, 503)
('read', 11.8, 11.8, 503)
('ready', 11.8, 11.8, 503)
('read', 11.8, 11.8, 503)
('read', 11.8, 11.8, 503)
('read', 11.8, 11.9, 503)
('ready', 11.8, 11.9, 503)
('read', 11.8, 11.9, 503)
('read', 11.8, 11.9, 503)
('read', 11.9, 11.9, 503)
('ready', 11.9, 11.9, 503)
('read', 11.9, 11.9, 503)
('read', 11.9, 11.9, 503)
('ready', 11.9, 11.9, 503)
('read', 11.9, 11.9, 503)
('read', 11.9, 11.9, 503)
('read', 11.9, 11.9, 503)
('read', 11.9, 11.9, 503)
('ready', 11.9, 11.9, 503)
('read', 11.9, 11.9, 503)
('read', 11.9, 11.9, 503)
('ready', 11.9, 11.9, 503)
('read', 11.9, 11.9, 503)
('read', 11.9, 11.9, 503)
('read', 11.9, 11.9, 503)
('ready', 11.9, 11.9, 503)
('read', 11.9, 11.9, 503)
('read', 11.9, 11.9, 503)
('read', 11.9, 11.9, 503)
('ready', 11.9, 11.9, 503)
('read', 11.9, 11.9, 503)
('read', 11.9, 11.9, 503)
('read', 11.9, 11.9, 503)
('read', 11.9, 11.9, 503)
('ready', 11.9, 11.9, 503)
('read', 11.9, 11.9, 503)
('read', 11.9, 11.9, 503)
('read', 11.9, 11.9, 503)
('ready', 11.9, 11.9, 503)
('read', 11.9, 11.9, 503)
('read', 11.9, 11.9, 503)
('read', 11.9, 11.9, 503)
('ready', 11.9, 11.9, 503)
('read', 11.9, 11.9, 503)
('read', 11.9, 11.9, 503)
('read', 11.9, 11.9, 503)
('ready', 11.9, 11.9, 503)
('read', 11.9, 11.9, 503)
('read', 11.9, 11.9, 503)
('ready', 11.9, 11.9, 503)
('read', 11.9, 11.9, 503)
('read', 11.9, 11.9, 503)
('read', 11.9, 11.9, 503)
('read', 11.9, 11.9, 503)
('ready', 11.9, 11.9, 503)
('read', 11.9, 11.9, 503)
('read', 11.9, 11.9, 503)
('read', 11.9, 11.9, 503)
('ready', 11.9, 11.9, 503)
('read', 11.9, 11.9, 503)
('read', 11.9, 11.9, 503)
('read', 11.9, 11.9, 503)
('ready', 11.9, 11.9, 503)
('read', 11.9, 11.9, 503)
('read', 11.9, 11.9, 503)
('read', 11.9, 12.0, 503)
('ready', 11.9, 12.0, 503)
('read', 11.9, 12.0, 503)
('read', 11.9, 12.0, 503)
('read', 12.0, 12.0, 503)
('ready', 12.0, 12.0, 503)
('read', 12.0, 12.0, 503)
('ready', 12.0, 12.0, 503)
('read', 12.0, 12.0, 503)
('read', 12.0, 12.0, 503)
('read', 12.0, 12.0, 503)
('ready', 12.0, 12.0, 503)
('read', 12.0, 12.0, 503)
('read', 12.0, 12.0, 503)
('read', 12.0, 12.0, 503)
('ready', 12.0, 12.0, 503)
('read', 12.0, 12.0, 503)
('read', 12.0, 12.0, 503)
('read', 12.0, 12.0, 503)
('ready', 12.0, 12.0, 503)
('read', 12.0, 12.0, 503)
('read', 12.0, 12.0, 503)
('ready', 12.0, 12.0, 503)
('read', 12.0, 12.0, 503)
('read', 12.0, 12.0, 503)
('read', 12.0, 12.0, 503)
('ready', 12.0, 12.0, 503)
('read', 12.0, 12.0, 503)
('read', 12.0, 12.0, 503)
('read', 12.0, 12.0, 503)
('ready', 12.0, 12.0, 503)
('read', 12.0, 12.0, 503)
('read', 12.0, 12.0, 503)
('read', 12.0, 12.0, 503)
('ready', 12.0, 12.0, 503)
('read', 12.0, 12.0, 503)
('read', 12.0, 12.0, 503)
('read', 12.0, 12.0, 503)
('ready', 12.0, 12.0, 503)
('read', 12.0, 12.0, 503)
('read', 12.0, 12.0, 503)
('read', 12.0, 12.0, 503)
('ready', 12.0, 12.0, 503)
('ready', 12.0, 12.0, 503)
('read', 12.0, 12.0, 503)
('read', 12.0, 12.0, 503)
('read', 12.0, 12.0, 503)
('ready', 12.0, 12.0, 503)
('read', 12.0, 12.0, 503)
('read', 12.0, 12.0, 503)
('ready', 12.0, 12.0, 503)
('read', 12.0, 12.0, 503)
('read', 12.0, 12.0, 503)
('read', 12.0, 12.0, 503)
('read', 12.0, 12.0, 503)
('ready', 12.0, 12.0, 503)
('read', 12.0, 12.0, 503)
('read', 12.0, 12.0, 503)
('ready', 12.0, 12.0, 503)
('read', 12.0, 12.0, 503)
('read', 12.0, 12.1, 503)
('ready', 12.0, 12.1, 503)
('read', 12.0, 12.1, 503)
('read', 12.0, 12.1, 503)
('read', 12.1, 12.1, 503)
('ready', 12.1, 12.1, 503)
('read', 12.1, 12.1, 503)
('read', 12.1, 12.1, 503)
('read', 12.1, 12.1, 503)
('read', 12.1, 12.1, 503)
('ready', 12.1, 12.1, 503)
('read', 12.1, 12.1, 503)
('read', 12.1, 12.1, 503)
('ready', 12.1, 12.1, 503)
('read', 12.1, 12.1, 503)
('read', 12.1, 12.1, 503)
('ready', 12.1, 12.1, 503)
('read', 12.1, 12.1, 503)
('read', 12.1, 12.1, 503)
('read', 12.1, 12.1, 503)
('ready', 12.1, 12.1, 503)
('read', 12.1, 12.1, 503)
('ready', 12.1, 12.1, 503)
('read', 12.1, 12.1, 503)
('read', 12.1, 12.1, 503)
('read', 12.1, 12.1, 503)
('read', 12.1, 12.1, 503)
('read', 12.1, 12.1, 503)
('ready', 12.1, 12.1, 503)
('read', 12.1, 12.1, 503)
('read', 12.1, 12.1, 503)
('read', 12.1, 12.1, 503)
('ready', 12.1, 12.1, 503)
('read', 12.1, 12.1, 503)
('read', 12.1, 12.1, 503)
('read', 12.1, 12.1, 503)
('ready', 12.1, 12.1, 503)
('read', 12.1, 12.1, 503)
('ready', 12.1, 12.1, 503)
('read', 12.1, 12.1, 503)
('read', 12.1, 12.1, 503)
('read', 12.1, 12.1, 503)
('read', 12.1, 12.1, 503)
('read', 12.1, 12.1, 503)
('ready', 12.1, 12.1, 503)
('read', 12.1, 12.1, 503)
('read', 12.1, 12.1, 503)
('read', 12.1, 12.1, 503)
('read', 12.1, 12.1, 503)
('ready', 12.1, 12.1, 503)
('read', 12.1, 12.1, 503)
('read', 12.1, 12.1, 503)
('ready', 12.1, 12.1, 503)
('read', 12.1, 12.1, 503)
('read', 12.1, 12.1, 503)
('read', 12.1, 12.1, 503)
('read', 12.1, 12.1, 503)
('ready', 12.1, 12.1, 503)
('read', 12.1, 12.1, 503)
('read', 12.1, 12.1, 503)
('ready', 12.1, 12.1, 503)
('read', 12.1, 12.1, 503)
('read', 12.1, 12.1, 503)
('ready', 12.1, 12.2, 503)
('read', 12.1, 12.2, 503)
('read', 12.1, 12.2, 503)
('read', 12.1, 12.2, 503)
('ready', 12.2, 12.2, 503)
('read', 12.2, 12.2, 503)
('read', 12.2, 12.2, 503)
('read', 12.2, 12.2, 503)
('read', 12.2, 12.2, 503)
('ready', 12.2, 12.2, 503)
('read', 12.2, 12.2, 503)
('read', 12.2, 12.2, 503)
('ready', 12.2, 12.2, 503)
('read', 12.2, 12.2, 503)
('read', 12.2, 12.2, 503)
('read', 12.2, 12.2, 503)
('ready', 12.2, 12.2, 503)
('read', 12.2, 12.2, 503)
('read', 12.2, 12.2, 503)
('read', 12.2, 12.2, 503)
('ready', 12.2, 12.2, 503)
('read', 12.2, 12.2, 503)
('read', 12.2, 12.2, 503)
('read', 12.2, 12.2, 503)
('ready', 12.2, 12.2, 503)
('read', 12.2, 12.2, 503)
('read', 12.2, 12.2, 503)
('read', 12.2, 12.2, 503)
('ready', 12.2, 12.2, 503)
('read', 12.2, 12.2, 503)
('read', 12.2, 12.2, 503)
('read', 12.2, 12.2, 503)
('ready', 12.2, 12.2, 503)
('ready', 12.2, 12.2, 503)
('read', 12.2, 12.2, 503)
('read', 12.2, 12.2, 503)
('read', 12.2, 12.2, 503)
('ready', 12.2, 12.2, 503)
('read', 12.2, 12.2, 503)
('read', 12.2, 12.2, 503)
('read', 12.2, 12.2, 503)
('ready', 12.2, 12.2, 503)
('read', 12.2, 12.2, 503)
('read', 12.2, 12.2, 503)
('read', 12.2, 12.2, 503)
('ready', 12.2, 12.2, 503)
('read', 12.2, 12.2, 503)
('read', 12.2, 12.2, 503)
('read', 12.2, 12.2, 503)
('ready', 12.2, 12.2, 503)
('read', 12.2, 12.2, 503)
('read', 12.2, 12.2, 503)
('ready', 12.2, 12.2, 503)
('read', 12.2, 12.2, 503)
('read', 12.2, 12.2, 503)
('read', 12.2, 12.2, 503)
('read', 12.2, 12.2, 503)
('ready', 12.2, 12.2, 503)
('ready', 12.2, 12.2, 503)
('read', 12.2, 12.2, 503)
('read', 12.2, 12.2, 503)
('read', 12.2, 12.2, 503)
('ready', 12.2, 12.2, 503)
('read', 12.2, 12.3, 503)
('read', 12.2, 12.3, 503)
('read', 12.2, 12.3, 503)
('ready', 12.2, 12.3, 503)
('read', 12.3, 12.3, 503)
('read', 12.3, 12.3, 503)
('read', 12.3, 12.3, 503)
('ready', 12.3, 12.3, 503)
('read', 12.3, 12.3, 503)
('read', 12.3, 12.3, 503)
('read', 12.3, 12.3, 503)
('ready', 12.3, 12.3, 503)
('read', 12.3, 12.3, 503)
('ready', 12.3, 12.3, 503)
('read', 12.3, 12.3, 503)
('read', 12.3, 12.3, 503)
('read', 12.3, 12.3, 503)
('ready', 12.3, 12.3, 503)
('read', 12.3, 12.3, 503)
('read', 12.3, 12.3, 503)
('ready', 12.3, 12.3, 503)
('read', 12.3, 12.3, 503)
('read', 12.3, 12.3, 503)
('read', 12.3, 12.3, 503)
('ready', 12.3, 12.3, 503)
('ready', 12.3, 12.3, 503)
('read', 12.3, 12.3, 503)
('read', 12.3, 12.3, 503)
('read', 12.3, 12.3, 503)
('read', 12.3, 12.3, 503)
('ready', 12.3, 12.3, 503)
('read', 12.3, 12.3, 503)
('read', 12.3, 12.3, 503)
('read', 12.3, 12.3, 503)
('read', 12.3, 12.3, 503)
('read', 12.3, 12.3, 503)
('ready', 12.3, 12.3, 503)
('read', 12.3, 12.3, 503)
('read', 12.3, 12.3, 503)
('ready', 12.3, 12.3, 503)
('read', 12.3, 12.3, 503)
('read', 12.3, 12.3, 503)
('read', 12.3, 12.3, 503)
('read', 12.3, 12.3, 503)
('ready', 12.3, 12.3, 503)
('read', 12.3, 12.3, 503)
('read', 12.3, 12.3, 503)
('read', 12.3, 12.3, 503)
('ready', 12.3, 12.3, 503)
('read', 12.3, 12.3, 503)
('read', 12.3, 12.3, 503)
('read', 12.3, 12.3, 503)
('ready', 12.3, 12.3, 503)
('read', 12.3, 12.3, 503)
('read', 12.3, 12.3, 503)
('read', 12.3, 12.3, 503)
('read', 12.3, 12.3, 503)
('ready', 12.3, 12.3, 503)
('read', 12.3, 12.3, 503)
('read', 12.3, 12.3, 503)
('read', 12.3, 12.4, 503)
('ready', 12.3, 12.4, 503)
('read', 12.3, 12.4, 503)
('read', 12.3, 12.4, 503)
('read', 12.4, 12.4, 503)
('read', 12.4, 12.4, 503)
('ready', 12.4, 12.4, 503)
('read', 12.4, 12.4, 503)
('ready', 12.4, 12.4, 503)
('read', 12.4, 12.4, 503)
('read', 12.4, 12.4, 503)
('read', 12.4, 12.4, 503)
('read', 12.4, 12.4, 503)
('ready', 12.4, 12.4, 503)
('read', 12.4, 12.4, 503)
('read', 12.4, 12.4, 503)
('ready', 12.4, 12.4, 503)
('read', 12.4, 12.4, 503)
('read', 12.4, 12.4, 503)
('read', 12.4, 12.4, 503)
('ready', 12.4, 12.4, 503)
('read', 12.4, 12.4, 503)
('read', 12.4, 12.4, 503)
('read', 12.4, 12.4, 503)
('ready', 12.4, 12.4, 503)
('read', 12.4, 12.4, 503)
('read', 12.4, 12.4, 503)
('ready', 12.4, 12.4, 503)
('read', 12.4, 12.4, 503)
('read', 12.4, 12.4, 503)
('read', 12.4, 12.4, 503)
('ready', 12.4, 12.4, 503)
('read', 12.4, 12.4, 503)
('read', 12.4, 12.4, 503)
('read', 12.4, 12.4, 503)
('ready', 12.4, 12.4, 503)
('read', 12.4, 12.4, 503)
('read', 12.4, 12.4, 503)
('read', 12.4, 12.4, 503)
('read', 12.4, 12.4, 503)
('read', 12.4, 12.4, 503)
('ready', 12.4, 12.4, 503)
('read', 12.4, 12.4, 503)
('read', 12.4, 12.4, 503)
('ready', 12.4, 12.4, 503)
('read', 12.4, 12.4, 503)
('read', 12.4, 12.4, 503)
('read', 12.4, 12.4, 503)
('read', 12.4, 12.4, 503)
('ready', 12.4, 12.4, 503)
('read', 12.4, 12.4, 503)
('read', 12.4, 12.4, 503)
('read', 12.4, 12.4, 503)
('ready', 12.4, 12.4, 503)
('read', 12.4, 12.4, 503)
('read', 12.4, 12.4, 503)
('read', 12.4, 12.4, 503)
('ready', 12.4, 12.4, 503)
('read', 12.4, 12.4, 503)
('read', 12.4, 12.4, 503)
('read', 12.4, 12.4, 503)
('ready', 12.4, 12.4, 503)
('read', 12.4, 12.4, 503)
('ready', 12.4, 12.5, 503)
('read', 12.4, 12.5, 503)
('read', 12.4, 12.5, 503)
('read', 12.4, 12.5, 503)
('ready', 12.5, 12.5, 503)
('read', 12.5, 12.5, 503)
('read', 12.5, 12.5, 503)
('read', 12.5, 12.5, 503)
('ready', 12.5, 12.5, 503)
('read', 12.5, 12.5, 503)
('read', 12.5, 12.5, 503)
('ready', 12.5, 12.5, 503)
('read', 12.5, 12.5, 503)
('read', 12.5, 12.5, 503)
('read', 12.5, 12.5, 503)
('ready', 12.5, 12.5, 503)
('read', 12.5, 12.5, 503)
('read', 12.5, 12.5, 503)
('read', 12.5, 12.5, 503)
('read', 12.5, 12.5, 503)
('ready', 12.5, 12.5, 503)
('read', 12.5, 12.5, 503)
('read', 12.5, 12.5, 503)
('ready', 12.5, 12.5, 503)
('read', 12.5, 12.5, 503)
('read', 12.5, 12.5, 503)
('read', 12.5, 12.5, 503)
('read', 12.5, 12.5, 503)
('ready', 12.5, 12.5, 503)
('read', 12.5, 12.5, 503)
('read', 12.5, 12.5, 503)
('ready', 12.5, 12.5, 503)
('read', 12.5, 12.5, 503)
('read', 12.5, 12.5, 503)
('read', 12.5, 12.5, 503)
('read', 12.5, 12.5, 503)
('ready', 12.5, 12.5, 503)
('read', 12.5, 12.5, 503)
('read', 12.5, 12.5, 503)
('ready', 12.5, 12.5, 503)
('read', 12.5, 12.5, 503)
('ready', 12.5, 12.5, 503)
('read', 12.5, 12.5, 503)
('read', 12.5, 12.5, 503)
('read', 12.5, 12.5, 503)
('ready', 12.5, 12.5, 503)
('read', 12.5, 12.5, 503)
('read', 12.5, 12.5, 503)
('read', 12.5, 12.5, 503)
('ready', 12.5, 12.5, 503)
('read', 12.5, 12.5, 503)
('read', 12.5, 12.5, 503)
('read', 12.5, 12.5, 503)
('ready', 12.5, 12.5, 503)
('read', 12.5, 12.5, 503)
('read', 12.5, 12.5, 503)
('read', 12.5, 12.5, 503)
('ready', 12.5, 12.5, 503)
('read', 12.5, 12.5, 503)
('read', 12.5, 12.5, 503)
('ready', 12.5, 12.5, 503)
('read', 12.5, 12.5, 503)
('read', 12.5, 12.5, 503)
('ready', 12.5, 12.6, 503)
('read', 12.5, 12.6, 503)
('read', 12.5, 12.6, 503)
('read', 12.5, 12.6, 503)
('ready', 12.6, 12.6, 503)
('ready', 12.6, 12.6, 503)
('read', 12.6, 12.6, 503)
('read', 12.6, 12.6, 503)
('read', 12.6, 12.6, 503)
('ready', 12.6, 12.6, 503)
('read', 12.6, 12.6, 503)
('read', 12.6, 12.6, 503)
('read', 12.6, 12.6, 503)
('ready', 12.6, 12.6, 503)
('read', 12.6, 12.6, 503)
('read', 12.6, 12.6, 503)
('read', 12.6, 12.6, 503)
('ready', 12.6, 12.6, 503)
('read', 12.6, 12.6, 503)
('read', 12.6, 12.6, 503)
('read', 12.6, 12.6, 503)
('ready', 12.6, 12.6, 503)
('read', 12.6, 12.6, 503)
('ready', 12.6, 12.6, 503)
('read', 12.6, 12.6, 503)
('read', 12.6, 12.6, 503)
('read', 12.6, 12.6, 503)
('ready', 12.6, 12.6, 503)
('read', 12.6, 12.6, 503)
('read', 12.6, 12.6, 503)
('ready', 12.6, 12.6, 503)
('read', 12.6, 12.6, 503)
('read', 12.6, 12.6, 503)
('read', 12.6, 12.6, 503)
('ready', 12.6, 12.6, 503)
('read', 12.6, 12.6, 503)
('read', 12.6, 12.6, 503)
('read', 12.6, 12.6, 503)
('read', 12.6, 12.7, 503)
('ready', 12.6, 12.7, 503)
('read', 12.6, 12.7, 503)
('read', 12.6, 12.7, 503)
('read', 12.7, 12.7, 503)
('ready', 12.7, 12.7, 503)
('read', 12.7, 12.7, 503)
('read', 12.7, 12.7, 503)
('read', 12.7, 12.7, 503)
('ready', 12.7, 12.7, 503)
('read', 12.7, 12.7, 503)
('read', 12.7, 12.7, 503)
('read', 12.7, 12.7, 503)
('ready', 12.7, 12.7, 503)
('read', 12.7, 12.7, 503)
('read', 12.7, 12.7, 503)
('ready', 12.7, 12.7, 503)
('read', 12.7, 12.7, 503)
('read', 12.7, 12.7, 503)
('read', 12.7, 12.7, 503)
('ready', 12.7, 12.7, 503)
('read', 12.7, 12.7, 503)
('read', 12.7, 12.7, 503)
('read', 12.7, 12.7, 503)
('ready', 12.7, 12.7, 503)
('read', 12.7, 12.7, 503)
('read', 12.7, 12.7, 503)
('read', 12.7, 12.7, 503)
('read', 12.7, 12.7, 503)
('ready', 12.7, 12.7, 503)
('read', 12.7, 12.7, 503)
('read', 12.7, 12.7, 503)
('ready', 12.7, 12.7, 503)
('read', 12.7, 12.7, 503)
('read', 12.7, 12.7, 503)
('read', 12.7, 12.7, 503)
('ready', 12.7, 12.7, 503)
('read', 12.7, 12.7, 503)
('read', 12.7, 12.7, 503)
('read', 12.7, 12.7, 503)
('ready', 12.7, 12.7, 503)
('read', 12.7, 12.7, 503)
('read', 12.7, 12.7, 503)
('read', 12.7, 12.7, 503)
('ready', 12.7, 12.7, 503)
('read', 12.7, 12.7, 503)
('read', 12.7, 12.7, 503)
('read', 12.7, 12.7, 503)
('ready', 12.7, 12.7, 503)
('read', 12.7, 12.7, 503)
('read', 12.7, 12.7, 503)
('read', 12.7, 12.7, 503)
('ready', 12.7, 12.7, 503)
('read', 12.7, 12.7, 503)
('ready', 12.7, 12.7, 503)
('read', 12.7, 12.7, 503)
('read', 12.7, 12.7, 503)
('read', 12.7, 12.7, 503)
('read', 12.7, 12.7, 503)
('read', 12.7, 12.7, 503)
('ready', 12.7, 12.7, 503)
('read', 12.7, 12.8, 503)
('read', 12.7, 12.8, 503)
('ready', 12.7, 12.8, 503)
('read', 12.7, 12.8, 503)
('read', 12.8, 12.8, 503)
('read', 12.8, 12.8, 503)
('ready', 12.8, 12.8, 503)
('read', 12.8, 12.8, 503)
('read', 12.8, 12.8, 503)
('read', 12.8, 12.8, 503)
('ready', 12.8, 12.8, 503)
('read', 12.8, 12.8, 503)
('read', 12.8, 12.8, 503)
('ready', 12.8, 12.8, 503)
('read', 12.8, 12.8, 503)
('read', 12.8, 12.8, 503)
('read', 12.8, 12.8, 503)
('read', 12.8, 12.8, 503)
('ready', 12.8, 12.8, 503)
('read', 12.8, 12.8, 503)
('read', 12.8, 12.8, 503)
('ready', 12.8, 12.8, 503)
('read', 12.8, 12.8, 503)
('read', 12.8, 12.8, 503)
('read', 12.8, 12.8, 503)
('ready', 12.8, 12.8, 503)
('read', 12.8, 12.8, 503)
('read', 12.8, 12.8, 503)
('read', 12.8, 12.8, 503)
('ready', 12.8, 12.8, 503)
('read', 12.8, 12.8, 503)
('read', 12.8, 12.8, 503)
('read', 12.8, 12.8, 503)
('ready', 12.8, 12.8, 503)
('read', 12.8, 12.8, 503)
('read', 12.8, 12.8, 503)
('read', 12.8, 12.8, 503)
('ready', 12.8, 12.8, 503)
('read', 12.8, 12.8, 503)
('read', 12.8, 12.8, 503)
('read', 12.8, 12.8, 503)
('ready', 12.8, 12.8, 503)
('read', 12.8, 12.8, 503)
('read', 12.8, 12.8, 503)
('read', 12.8, 12.8, 503)
('ready', 12.8, 12.8, 503)
('read', 12.8, 12.8, 503)
('read', 12.8, 12.8, 503)
('read', 12.8, 12.8, 503)
('read', 12.8, 12.8, 503)
('ready', 12.8, 12.8, 503)
('read', 12.8, 12.8, 503)
('read', 12.8, 12.8, 503)
('ready', 12.8, 12.8, 503)
('read', 12.8, 12.8, 503)
('read', 12.8, 12.8, 503)
('read', 12.8, 12.8, 503)
('ready', 12.8, 12.8, 503)
('read', 12.8, 12.8, 503)
('read', 12.8, 12.8, 503)
('read', 12.8, 12.8, 503)
('ready', 12.8, 12.9, 503)
('read', 12.8, 12.9, 503)
('read', 12.8, 12.9, 503)
('read', 12.8, 12.9, 503)
('ready', 12.9, 12.9, 503)
('read', 12.9, 12.9, 503)
('read', 12.9, 12.9, 503)
('read', 12.9, 12.9, 503)
('read', 12.9, 12.9, 503)
('ready', 12.9, 12.9, 503)
('read', 12.9, 12.9, 503)
('read', 12.9, 12.9, 503)
('read', 12.9, 12.9, 503)
('ready', 12.9, 12.9, 503)
('read', 12.9, 12.9, 503)
('read', 12.9, 12.9, 503)
('ready', 12.9, 12.9, 503)
('read', 12.9, 12.9, 503)
('read', 12.9, 12.9, 503)
('ready', 12.9, 12.9, 503)
('read', 12.9, 12.9, 503)
('read', 12.9, 12.9, 503)
('read', 12.9, 12.9, 503)
('ready', 12.9, 12.9, 503)
('read', 12.9, 12.9, 503)
('read', 12.9, 12.9, 503)
('read', 12.9, 12.9, 503)
('ready', 12.9, 12.9, 503)
('read', 12.9, 12.9, 503)
('read', 12.9, 12.9, 503)
('read', 12.9, 12.9, 503)
('ready', 12.9, 12.9, 503)
('read', 12.9, 12.9, 503)
('read', 12.9, 12.9, 503)
('read', 12.9, 12.9, 503)
('ready', 12.9, 12.9, 503)
('read', 12.9, 12.9, 503)
('read', 12.9, 12.9, 503)
('read', 12.9, 12.9, 503)
('read', 12.9, 12.9, 503)
('ready', 12.9, 12.9, 503)
('read', 12.9, 12.9, 503)
('read', 12.9, 12.9, 503)
('read', 12.9, 12.9, 503)
('ready', 12.9, 12.9, 503)
('read', 12.9, 12.9, 503)
('read', 12.9, 12.9, 503)
('read', 12.9, 12.9, 503)
('read', 12.9, 12.9, 503)
('ready', 12.9, 12.9, 503)
('read', 12.9, 12.9, 503)
('read', 12.9, 12.9, 503)
('ready', 12.9, 12.9, 503)
('read', 12.9, 12.9, 503)
('read', 12.9, 12.9, 503)
('read', 12.9, 12.9, 503)
('read', 12.9, 12.9, 503)
('ready', 12.9, 12.9, 503)
('read', 12.9, 13.0, 503)
('read', 12.9, 13.0, 503)
('read', 12.9, 13.0, 503)
('ready', 12.9, 13.0, 503)
('read', 13.0, 13.0, 503)
('read', 13.0, 13.0, 503)
('read', 13.0, 13.0, 503)
('ready', 13.0, 13.0, 503)
('read', 13.0, 13.0, 503)
('read', 13.0, 13.0, 503)
('read', 13.0, 13.0, 503)
('ready', 13.0, 13.0, 503)
('read', 13.0, 13.0, 503)
('read', 13.0, 13.0, 503)
('ready', 13.0, 13.0, 503)
('read', 13.0, 13.0, 503)
('read', 13.0, 13.0, 503)
('read', 13.0, 13.0, 503)
('read', 13.0, 13.0, 503)
('ready', 13.0, 13.0, 503)
('read', 13.0, 13.0, 503)
('read', 13.0, 13.0, 503)
('read', 13.0, 13.0, 503)
('ready', 13.0, 13.0, 503)
('read', 13.0, 13.0, 503)
('read', 13.0, 13.0, 503)
('read', 13.0, 13.0, 503)
('ready', 13.0, 13.0, 503)
('read', 13.0, 13.0, 503)
('read', 13.0, 13.0, 503)
('ready', 13.0, 13.0, 503)
('read', 13.0, 13.0, 503)
('read', 13.0, 13.0, 503)
('ready', 13.0, 13.0, 503)
('read', 13.0, 13.0, 503)
('read', 13.0, 13.0, 503)
('read', 13.0, 13.0, 503)
('read', 13.0, 13.0, 503)
('ready', 13.0, 13.0, 503)
('read', 13.0, 13.0, 503)
('read', 13.0, 13.0, 503)
('read', 13.0, 13.0, 503)
('read', 13.0, 13.0, 503)
('ready', 13.0, 13.0, 503)
('read', 13.0, 13.0, 503)
('ready', 13.0, 13.0, 503)
('read', 13.0, 13.0, 503)
('read', 13.0, 13.0, 503)
('read', 13.0, 13.0, 503)
('ready', 13.0, 13.0, 503)
('read', 13.0, 13.0, 503)
('read', 13.0, 13.0, 503)
('read', 13.0, 13.0, 503)
('read', 13.0, 13.0, 503)
('read', 13.0, 13.0, 503)
('ready', 13.0, 13.0, 503)
('read', 13.0, 13.0, 503)
('ready', 13.0, 13.0, 503)
('read', 13.0, 13.0, 503)
('read', 13.0, 13.0, 503)
('read', 13.0, 13.0, 503)
('read', 13.0, 13.0, 503)
('read', 13.0, 13.0, 503)
('ready', 13.0, 13.0, 503)
('read', 13.0, 13.0, 503)
('ready', 13.0, 13.1, 503)
('read', 13.0, 13.1, 503)
('read', 13.0, 13.1, 503)
('read', 13.0, 13.1, 503)
('ready', 13.1, 13.1, 503)
('read', 13.1, 13.1, 503)
('read', 13.1, 13.1, 503)
('read', 13.1, 13.1, 503)
('ready', 13.1, 13.1, 503)
('read', 13.1, 13.1, 503)
('read', 13.1, 13.1, 503)
('read', 13.1, 13.1, 503)
('ready', 13.1, 13.1, 503)
('read', 13.1, 13.1, 503)
('read', 13.1, 13.1, 503)
('read', 13.1, 13.1, 503)
('ready', 13.1, 13.1, 503)
('read', 13.1, 13.1, 503)
('read', 13.1, 13.1, 503)
('ready', 13.1, 13.1, 503)
('read', 13.1, 13.1, 503)
('read', 13.1, 13.1, 503)
('read', 13.1, 13.1, 503)
('ready', 13.1, 13.1, 503)
('read', 13.1, 13.1, 503)
('read', 13.1, 13.1, 503)
('read', 13.1, 13.1, 503)
('ready', 13.1, 13.1, 503)
('read', 13.1, 13.1, 503)
('read', 13.1, 13.1, 503)
('read', 13.1, 13.1, 503)
('read', 13.1, 13.1, 503)
('ready', 13.1, 13.1, 503)
('read', 13.1, 13.1, 503)
('read', 13.1, 13.1, 503)
('read', 13.1, 13.1, 503)
('ready', 13.1, 13.1, 503)
('read', 13.1, 13.1, 503)
('read', 13.1, 13.1, 503)
('ready', 13.1, 13.1, 503)
('read', 13.1, 13.1, 503)
('read', 13.1, 13.1, 503)
('read', 13.1, 13.1, 503)
('ready', 13.1, 13.1, 503)
('read', 13.1, 13.1, 503)
('read', 13.1, 13.1, 503)
('read', 13.1, 13.1, 503)
('read', 13.1, 13.1, 503)
('read', 13.1, 13.1, 503)
('ready', 13.1, 13.1, 503)
('read', 13.1, 13.1, 503)
('ready', 13.1, 13.1, 503)
('read', 13.1, 13.1, 503)
('read', 13.1, 13.1, 503)
('read', 13.1, 13.1, 503)
('ready', 13.1, 13.1, 503)
('read', 13.1, 13.1, 503)
('read', 13.1, 13.1, 503)
('read', 13.1, 13.1, 503)
('read', 13.1, 13.1, 503)
('ready', 13.1, 13.1, 503)
('read', 13.1, 13.1, 503)
('read', 13.1, 13.1, 503)
('read', 13.1, 13.1, 503)
('read', 13.1, 13.1, 503)
('ready', 13.1, 13.1, 503)
('read', 13.1, 13.2, 503)
('read', 13.1, 13.2, 503)
('read', 13.1, 13.2, 503)
('ready', 13.1, 13.2, 503)
('read', 13.2, 13.2, 503)
('ready', 13.2, 13.2, 503)
('read', 13.2, 13.2, 503)
('read', 13.2, 13.2, 503)
('read', 13.2, 13.2, 503)
('read', 13.2, 13.2, 503)
('ready', 13.2, 13.2, 503)
('read', 13.2, 13.2, 503)
('read', 13.2, 13.2, 503)
('read', 13.2, 13.2, 503)
('ready', 13.2, 13.2, 503)
('read', 13.2, 13.2, 503)
('read', 13.2, 13.2, 503)
('read', 13.2, 13.2, 503)
('read', 13.2, 13.2, 503)
('read', 13.2, 13.2, 503)
('ready', 13.2, 13.2, 503)
('ready', 13.2, 13.2, 503)
('read', 13.2, 13.2, 503)
('read', 13.2, 13.2, 503)
('read', 13.2, 13.2, 503)
('read', 13.2, 13.2, 503)
('ready', 13.2, 13.2, 503)
('read', 13.2, 13.2, 503)
('read', 13.2, 13.2, 503)
('read', 13.2, 13.2, 503)
('read', 13.2, 13.2, 503)
('read', 13.2, 13.2, 503)
('ready', 13.2, 13.2, 503)
('read', 13.2, 13.2, 503)
('read', 13.2, 13.2, 503)
('read', 13.2, 13.2, 503)
('ready', 13.2, 13.2, 503)
('ready', 13.2, 13.2, 503)
('read', 13.2, 13.2, 503)
('read', 13.2, 13.2, 503)
('read', 13.2, 13.2, 503)
('ready', 13.2, 13.2, 503)
('read', 13.2, 13.2, 503)
('read', 13.2, 13.2, 503)
('read', 13.2, 13.2, 503)
('ready', 13.2, 13.2, 503)
('read', 13.2, 13.2, 503)
('read', 13.2, 13.2, 503)
('read', 13.2, 13.2, 503)
('ready', 13.2, 13.2, 503)
('read', 13.2, 13.2, 503)
('read', 13.2, 13.2, 503)
('read', 13.2, 13.2, 503)
('ready', 13.2, 13.2, 503)
('read', 13.2, 13.2, 503)
('read', 13.2, 13.2, 503)
('read', 13.2, 13.2, 503)
('ready', 13.2, 13.2, 503)
('read', 13.2, 13.2, 503)
('read', 13.2, 13.2, 503)
('read', 13.2, 13.2, 503)
('ready', 13.2, 13.2, 503)
('read', 13.2, 13.2, 503)
('read', 13.2, 13.2, 503)
('ready', 13.2, 13.2, 503)
('read', 13.2, 13.2, 503)
('read', 13.2, 13.3, 503)
('read', 13.2, 13.3, 503)
('read', 13.2, 13.3, 503)
('ready', 13.2, 13.3, 503)
('read', 13.3, 13.3, 503)
('ready', 13.3, 13.3, 503)
('read', 13.3, 13.3, 503)
('read', 13.3, 13.3, 503)
('read', 13.3, 13.3, 503)
('read', 13.3, 13.3, 503)
('ready', 13.3, 13.3, 503)
('read', 13.3, 13.3, 503)
('read', 13.3, 13.3, 503)
('ready', 13.3, 13.3, 503)
('read', 13.3, 13.3, 503)
('read', 13.3, 13.3, 503)
('read', 13.3, 13.3, 503)
('ready', 13.3, 13.3, 503)
('read', 13.3, 13.3, 503)
('read', 13.3, 13.3, 503)
('read', 13.3, 13.3, 503)
('read', 13.3, 13.3, 503)
('ready', 13.3, 13.3, 503)
('read', 13.3, 13.3, 503)
('read', 13.3, 13.3, 503)
('ready', 13.3, 13.3, 503)
('read', 13.3, 13.3, 503)
('read', 13.3, 13.3, 503)
('read', 13.3, 13.3, 503)
('read', 13.3, 13.3, 503)
('read', 13.3, 13.3, 503)
('ready', 13.3, 13.3, 503)
('read', 13.3, 13.3, 503)
('read', 13.3, 13.3, 503)
('read', 13.3, 13.3, 503)
('ready', 13.3, 13.3, 503)
('read', 13.3, 13.3, 503)
('ready', 13.3, 13.3, 503)
('read', 13.3, 13.3, 503)
('read', 13.3, 13.3, 503)
('read', 13.3, 13.3, 503)
('ready', 13.3, 13.3, 503)
('read', 13.3, 13.3, 503)
('read', 13.3, 13.3, 503)
('read', 13.3, 13.3, 503)
('read', 13.3, 13.3, 503)
('ready', 13.3, 13.3, 503)
('read', 13.3, 13.3, 503)
('read', 13.3, 13.3, 503)
('read', 13.3, 13.3, 503)
('read', 13.3, 13.3, 503)
('ready', 13.3, 13.3, 503)
('read', 13.3, 13.3, 503)
('read', 13.3, 13.3, 503)
('ready', 13.3, 13.3, 503)
('read', 13.3, 13.3, 503)
('read', 13.3, 13.3, 503)
('ready', 13.3, 13.3, 503)
('read', 13.3, 13.3, 503)
('read', 13.3, 13.3, 503)
('read', 13.3, 13.3, 503)
('read', 13.3, 13.4, 503)
('ready', 13.3, 13.4, 503)
('read', 13.3, 13.4, 503)
('read', 13.3, 13.4, 503)
('read', 13.4, 13.4, 503)
('read', 13.4, 13.4, 503)
('read', 13.4, 13.4, 503)
('ready', 13.4, 13.4, 503)
('read', 13.4, 13.4, 503)
('read', 13.4, 13.4, 503)
('read', 13.4, 13.4, 503)
('ready', 13.4, 13.4, 503)
('ready', 13.4, 13.4, 503)
('read', 13.4, 13.4, 503)
('read', 13.4, 13.4, 503)
('read', 13.4, 13.4, 503)
('ready', 13.4, 13.4, 503)
('read', 13.4, 13.4, 503)
('read', 13.4, 13.4, 503)
('read', 13.4, 13.4, 503)
('ready', 13.4, 13.4, 503)
('read', 13.4, 13.4, 503)
('read', 13.4, 13.4, 503)
('read', 13.4, 13.4, 503)
('ready', 13.4, 13.4, 503)
('read', 13.4, 13.4, 503)
('read', 13.4, 13.4, 503)
('read', 13.4, 13.4, 503)
('ready', 13.4, 13.4, 503)
('read', 13.4, 13.4, 503)
('read', 13.4, 13.4, 503)
('read', 13.4, 13.4, 503)
('ready', 13.4, 13.4, 503)
('read', 13.4, 13.4, 503)
('read', 13.4, 13.4, 503)
('ready', 13.4, 13.4, 503)
('read', 13.4, 13.4, 503)
('read', 13.4, 13.4, 503)
('read', 13.4, 13.4, 503)
('read', 13.4, 13.4, 503)
('ready', 13.4, 13.4, 503)
('read', 13.4, 13.4, 503)
('read', 13.4, 13.4, 503)
('ready', 13.4, 13.4, 503)
('read', 13.4, 13.4, 503)
('read', 13.4, 13.4, 503)
('read', 13.4, 13.4, 503)
('ready', 13.4, 13.4, 503)
('read', 13.4, 13.4, 503)
('read', 13.4, 13.4, 503)
('ready', 13.4, 13.4, 503)
('read', 13.4, 13.4, 503)
('read', 13.4, 13.4, 503)
('read', 13.4, 13.4, 503)
('ready', 13.4, 13.4, 503)
('read', 13.4, 13.4, 503)
('read', 13.4, 13.4, 503)
('read', 13.4, 13.4, 503)
('ready', 13.4, 13.4, 503)
('read', 13.4, 13.4, 503)
('read', 13.4, 13.4, 503)
('read', 13.4, 13.4, 503)
('ready', 13.4, 13.4, 503)
('read', 13.4, 13.5, 503)
('read', 13.4, 13.5, 503)
('read', 13.4, 13.5, 503)
('ready', 13.4, 13.5, 503)
('ready', 13.5, 13.5, 503)
('read', 13.5, 13.5, 503)
('read', 13.5, 13.5, 503)
('read', 13.5, 13.5, 503)
('ready', 13.5, 13.5, 503)
('read', 13.5, 13.5, 503)
('read', 13.5, 13.5, 503)
('read', 13.5, 13.5, 503)
('ready', 13.5, 13.5, 503)
('read', 13.5, 13.5, 503)
('read', 13.5, 13.5, 503)
('read', 13.5, 13.5, 503)
('ready', 13.5, 13.5, 503)
('read', 13.5, 13.5, 503)
('read', 13.5, 13.5, 503)
('read', 13.5, 13.5, 503)
('ready', 13.5, 13.5, 503)
('read', 13.5, 13.5, 503)
('read', 13.5, 13.5, 503)
('ready', 13.5, 13.5, 503)
('read', 13.5, 13.5, 503)
('read', 13.5, 13.5, 503)
('read', 13.5, 13.5, 503)
('ready', 13.5, 13.5, 503)
('read', 13.5, 13.5, 503)
('read', 13.5, 13.5, 503)
('read', 13.5, 13.5, 503)
('ready', 13.5, 13.5, 503)
('read', 13.5, 13.5, 503)
('read', 13.5, 13.5, 503)
('read', 13.5, 13.5, 503)
('read', 13.5, 13.5, 503)
('ready', 13.5, 13.5, 503)
('read', 13.5, 13.5, 503)
('read', 13.5, 13.5, 503)
('read', 13.5, 13.5, 503)
('ready', 13.5, 13.5, 503)
('read', 13.5, 13.5, 503)
('read', 13.5, 13.5, 503)
('ready', 13.5, 13.5, 503)
('read', 13.5, 13.5, 503)
('read', 13.5, 13.5, 503)
('read', 13.5, 13.5, 503)
('read', 13.5, 13.5, 503)
('ready', 13.5, 13.5, 503)
('read', 13.5, 13.5, 503)
('read', 13.5, 13.5, 503)
('ready', 13.5, 13.5, 503)
('read', 13.5, 13.5, 503)
('read', 13.5, 13.5, 503)
('read', 13.5, 13.5, 503)
('read', 13.5, 13.5, 503)
('read', 13.5, 13.5, 503)
('ready', 13.5, 13.5, 503)
('read', 13.5, 13.6, 503)
('ready', 13.5, 13.6, 503)
('read', 13.5, 13.6, 503)
('read', 13.5, 13.6, 503)
('read', 13.6, 13.6, 503)
('read', 13.6, 13.6, 503)
('read', 13.6, 13.6, 503)
('ready', 13.6, 13.6, 503)
('read', 13.6, 13.6, 503)
('read', 13.6, 13.6, 503)
('read', 13.6, 13.6, 503)
('read', 13.6, 13.6, 503)
('ready', 13.6, 13.6, 503)
('read', 13.6, 13.6, 503)
('read', 13.6, 13.6, 503)
('ready', 13.6, 13.6, 503)
('read', 13.6, 13.6, 503)
('read', 13.6, 13.6, 503)
('read', 13.6, 13.6, 503)
('read', 13.6, 13.6, 503)
('ready', 13.6, 13.6, 503)
('read', 13.6, 13.6, 503)
('read', 13.6, 13.6, 503)
('read', 13.6, 13.6, 503)
('read', 13.6, 13.6, 503)
('ready', 13.6, 13.6, 503)
('read', 13.6, 13.6, 503)
('read', 13.6, 13.6, 503)
('read', 13.6, 13.6, 503)
('read', 13.6, 13.6, 503)
('ready', 13.6, 13.6, 503)
('ready', 13.6, 13.6, 503)
('read', 13.6, 13.6, 503)
('read', 13.6, 13.6, 503)
('read', 13.6, 13.6, 503)
('ready', 13.6, 13.6, 503)
('read', 13.6, 13.6, 503)
('read', 13.6, 13.6, 503)
('read', 13.6, 13.6, 503)
('ready', 13.6, 13.7, 503)
('read', 13.6, 13.7, 503)
('read', 13.6, 13.7, 503)
('read', 13.6, 13.7, 503)
('ready', 13.7, 13.7, 503)
('ready', 13.7, 13.7, 503)
('read', 13.7, 13.7, 503)
('read', 13.7, 13.7, 503)
('read', 13.7, 13.7, 503)
('ready', 13.7, 13.7, 503)
('read', 13.7, 13.7, 503)
('read', 13.7, 13.7, 503)
('read', 13.7, 13.7, 503)
('ready', 13.7, 13.7, 503)
('read', 13.7, 13.7, 503)
('read', 13.7, 13.7, 503)
('read', 13.7, 13.7, 503)
('ready', 13.7, 13.7, 503)
('read', 13.7, 13.7, 503)
('read', 13.7, 13.7, 503)
('read', 13.7, 13.7, 503)
('ready', 13.7, 13.7, 503)
('read', 13.7, 13.7, 503)
('ready', 13.7, 13.7, 503)
('read', 13.7, 13.7, 503)
('read', 13.7, 13.7, 503)
('read', 13.7, 13.7, 503)
('read', 13.7, 13.7, 503)
('ready', 13.7, 13.7, 503)
('read', 13.7, 13.7, 503)
('read', 13.7, 13.7, 503)
('ready', 13.7, 13.7, 503)
('read', 13.7, 13.7, 503)
('read', 13.7, 13.7, 503)
('read', 13.7, 13.7, 503)
('read', 13.7, 13.7, 503)
('read', 13.7, 13.7, 503)
('read', 13.7, 13.7, 503)
('ready', 13.7, 13.7, 503)
('read', 13.7, 13.7, 503)
('read', 13.7, 13.7, 503)
('read', 13.7, 13.7, 503)
('ready', 13.7, 13.7, 503)
('read', 13.7, 13.7, 503)
('read', 13.7, 13.7, 503)
('read', 13.7, 13.7, 503)
('ready', 13.7, 13.7, 503)
('read', 13.7, 13.7, 503)
('ready', 13.7, 13.7, 503)
('read', 13.7, 13.7, 503)
('read', 13.7, 13.7, 503)
('read', 13.7, 13.7, 503)
('ready', 13.7, 13.7, 503)
('read', 13.7, 13.7, 503)
('read', 13.7, 13.7, 503)
('ready', 13.7, 13.7, 503)
('read', 13.7, 13.7, 503)
('read', 13.7, 13.8, 503)
('read', 13.7, 13.8, 503)
('read', 13.7, 13.8, 503)
('ready', 13.7, 13.8, 503)
('read', 13.8, 13.8, 503)
('read', 13.8, 13.8, 503)
('read', 13.8, 13.8, 503)
('ready', 13.8, 13.8, 503)
('read', 13.8, 13.8, 503)
('read', 13.8, 13.8, 503)
('read', 13.8, 13.8, 503)
('ready', 13.8, 13.8, 503)
('read', 13.8, 13.8, 503)
('read', 13.8, 13.8, 503)
('read', 13.8, 13.8, 503)
('ready', 13.8, 13.8, 503)
('read', 13.8, 13.8, 503)
('read', 13.8, 13.8, 503)
('read', 13.8, 13.8, 503)
('read', 13.8, 13.8, 503)
('ready', 13.8, 13.8, 503)
('read', 13.8, 13.8, 503)
('read', 13.8, 13.8, 503)
('ready', 13.8, 13.8, 503)
('read', 13.8, 13.8, 503)
('ready', 13.8, 13.8, 503)
('read', 13.8, 13.8, 503)
('read', 13.8, 13.8, 503)
('read', 13.8, 13.8, 503)
('read', 13.8, 13.8, 503)
('read', 13.8, 13.8, 503)
('ready', 13.8, 13.8, 503)
('read', 13.8, 13.8, 503)
('read', 13.8, 13.8, 503)
('read', 13.8, 13.8, 503)
('ready', 13.8, 13.8, 503)
('read', 13.8, 13.8, 503)
('ready', 13.8, 13.8, 503)
('read', 13.8, 13.8, 503)
('read', 13.8, 13.8, 503)
('read', 13.8, 13.8, 503)
('read', 13.8, 13.8, 503)
('ready', 13.8, 13.8, 503)
('read', 13.8, 13.8, 503)
('read', 13.8, 13.8, 503)
('ready', 13.8, 13.8, 503)
('read', 13.8, 13.8, 503)
('read', 13.8, 13.8, 503)
('read', 13.8, 13.8, 503)
('read', 13.8, 13.8, 503)
('read', 13.8, 13.8, 503)
('ready', 13.8, 13.8, 503)
('read', 13.8, 13.8, 503)
('ready', 13.8, 13.8, 503)
('read', 13.8, 13.8, 503)
('read', 13.8, 13.8, 503)
('read', 13.8, 13.8, 503)
('read', 13.8, 13.8, 503)
('ready', 13.8, 13.8, 503)
('read', 13.8, 13.8, 503)
('read', 13.8, 13.8, 503)
('ready', 13.8, 13.9, 503)
('read', 13.8, 13.9, 503)
('read', 13.8, 13.9, 503)
('read', 13.8, 13.9, 503)
('ready', 13.9, 13.9, 503)
('read', 13.9, 13.9, 503)
('read', 13.9, 13.9, 503)
('read', 13.9, 13.9, 503)
('ready', 13.9, 13.9, 503)
('read', 13.9, 13.9, 503)
('read', 13.9, 13.9, 503)
('read', 13.9, 13.9, 503)
('ready', 13.9, 13.9, 503)
('ready', 13.9, 13.9, 503)
('read', 13.9, 13.9, 503)
('read', 13.9, 13.9, 503)
('read', 13.9, 13.9, 503)
('ready', 13.9, 13.9, 503)
('read', 13.9, 13.9, 503)
('read', 13.9, 13.9, 503)
('read', 13.9, 13.9, 503)
('ready', 13.9, 13.9, 503)
('read', 13.9, 13.9, 503)
('read', 13.9, 13.9, 503)
('read', 13.9, 13.9, 503)
('ready', 13.9, 13.9, 503)
('read', 13.9, 13.9, 503)
('read', 13.9, 13.9, 503)
('ready', 13.9, 13.9, 503)
('read', 13.9, 13.9, 503)
('read', 13.9, 13.9, 503)
('read', 13.9, 13.9, 503)
('ready', 13.9, 13.9, 503)
('read', 13.9, 13.9, 503)
('read', 13.9, 13.9, 503)
('read', 13.9, 13.9, 503)
('read', 13.9, 13.9, 503)
('ready', 13.9, 13.9, 503)
('read', 13.9, 13.9, 503)
('read', 13.9, 13.9, 503)
('read', 13.9, 13.9, 503)
('ready', 13.9, 13.9, 503)
('read', 13.9, 13.9, 503)
('ready', 13.9, 13.9, 503)
('read', 13.9, 13.9, 503)
('read', 13.9, 13.9, 503)
('read', 13.9, 13.9, 503)
('ready', 13.9, 13.9, 503)
('read', 13.9, 13.9, 503)
('read', 13.9, 13.9, 503)
('read', 13.9, 13.9, 503)
('read', 13.9, 13.9, 503)
('read', 13.9, 13.9, 503)
('read', 13.9, 13.9, 503)
('ready', 13.9, 13.9, 503)
('read', 13.9, 13.9, 503)
('read', 13.9, 13.9, 503)
('ready', 13.9, 13.9, 503)
('read', 13.9, 13.9, 503)
('read', 13.9, 14.0, 503)
('ready', 13.9, 14.0, 503)
('read', 13.9, 14.0, 503)
('read', 13.9, 14.0, 503)
('read', 14.0, 14.0, 503)
('ready', 14.0, 14.0, 503)
('read', 14.0, 14.0, 503)
('read', 14.0, 14.0, 503)
('read', 14.0, 14.0, 503)
('read', 14.0, 14.0, 503)
('read', 14.0, 14.0, 503)
('ready', 14.0, 14.0, 503)
('ready', 14.0, 14.0, 503)
('read', 14.0, 14.0, 503)
('read', 14.0, 14.0, 503)
('read', 14.0, 14.0, 503)
('ready', 14.0, 14.0, 503)
('read', 14.0, 14.0, 503)
('read', 14.0, 14.0, 503)
('read', 14.0, 14.0, 503)
('ready', 14.0, 14.0, 503)
('read', 14.0, 14.0, 503)
('read', 14.0, 14.0, 503)
('ready', 14.0, 14.0, 503)
('read', 14.0, 14.0, 503)
('read', 14.0, 14.0, 503)
('read', 14.0, 14.0, 503)
('ready', 14.0, 14.0, 503)
('read', 14.0, 14.0, 503)
('read', 14.0, 14.0, 503)
('read', 14.0, 14.0, 503)
('read', 14.0, 14.0, 503)
('ready', 14.0, 14.0, 503)
('read', 14.0, 14.0, 503)
('ready', 14.0, 14.0, 503)
('read', 14.0, 14.0, 503)
('read', 14.0, 14.0, 503)
('read', 14.0, 14.0, 503)
('read', 14.0, 14.0, 503)
('ready', 14.0, 14.0, 503)
('read', 14.0, 14.0, 503)
('read', 14.0, 14.0, 503)
('read', 14.0, 14.0, 503)
('ready', 14.0, 14.0, 503)
('read', 14.0, 14.0, 503)
('read', 14.0, 14.0, 503)
('read', 14.0, 14.0, 503)
('read', 14.0, 14.0, 503)
('ready', 14.0, 14.0, 503)
('read', 14.0, 14.0, 503)
('ready', 14.0, 14.0, 503)
('read', 14.0, 14.0, 503)
('read', 14.0, 14.0, 503)
('read', 14.0, 14.0, 503)
('read', 14.0, 14.0, 503)
('read', 14.0, 14.0, 503)
('ready', 14.0, 14.0, 503)
('read', 14.0, 14.1, 503)
('ready', 14.0, 14.1, 503)
('read', 14.0, 14.1, 503)
('read', 14.0, 14.1, 503)
('read', 14.1, 14.1, 503)
('ready', 14.1, 14.1, 503)
('read', 14.1, 14.1, 503)
('read', 14.1, 14.1, 503)
('read', 14.1, 14.1, 503)
('ready', 14.1, 14.1, 503)
('read', 14.1, 14.1, 503)
('read', 14.1, 14.1, 503)
('read', 14.1, 14.1, 503)
('read', 14.1, 14.1, 503)
('ready', 14.1, 14.1, 503)
('read', 14.1, 14.1, 503)
('read', 14.1, 14.1, 503)
('read', 14.1, 14.1, 503)
('read', 14.1, 14.1, 503)
('ready', 14.1, 14.1, 503)
('read', 14.1, 14.1, 503)
('read', 14.1, 14.1, 503)
('ready', 14.1, 14.1, 503)
('read', 14.1, 14.1, 503)
('read', 14.1, 14.1, 503)
('ready', 14.1, 14.1, 503)
('read', 14.1, 14.1, 503)
('read', 14.1, 14.1, 503)
('read', 14.1, 14.1, 503)
('read', 14.1, 14.1, 503)
('ready', 14.1, 14.1, 503)
('read', 14.1, 14.1, 503)
('read', 14.1, 14.1, 503)
('read', 14.1, 14.1, 503)
('ready', 14.1, 14.1, 503)
('read', 14.1, 14.1, 503)
('read', 14.1, 14.1, 503)
('ready', 14.1, 14.1, 503)
('read', 14.1, 14.1, 503)
('read', 14.1, 14.1, 503)
('read', 14.1, 14.1, 503)
('read', 14.1, 14.1, 503)
('read', 14.1, 14.1, 503)
('ready', 14.1, 14.1, 503)
('read', 14.1, 14.1, 503)
('ready', 14.1, 14.1, 503)
('read', 14.1, 14.1, 503)
('read', 14.1, 14.1, 503)
('read', 14.1, 14.1, 503)
('ready', 14.1, 14.1, 503)
('read', 14.1, 14.1, 503)
('read', 14.1, 14.1, 503)
('read', 14.1, 14.1, 503)
('ready', 14.1, 14.1, 503)
('read', 14.1, 14.2, 503)
('read', 14.1, 14.2, 503)
('read', 14.1, 14.2, 503)
('ready', 14.1, 14.2, 503)
('read', 14.2, 14.2, 503)
('read', 14.2, 14.2, 503)
('read', 14.2, 14.2, 503)
('ready', 14.2, 14.2, 503)
('read', 14.2, 14.2, 503)
('read', 14.2, 14.2, 503)
('read', 14.2, 14.2, 503)
('ready', 14.2, 14.2, 503)
('read', 14.2, 14.2, 503)
('read', 14.2, 14.2, 503)
('read', 14.2, 14.2, 503)
('ready', 14.2, 14.2, 503)
('read', 14.2, 14.2, 503)
('read', 14.2, 14.2, 503)
('read', 14.2, 14.2, 503)
('ready', 14.2, 14.2, 503)
('read', 14.2, 14.2, 503)
('read', 14.2, 14.2, 503)
('ready', 14.2, 14.2, 503)
('read', 14.2, 14.2, 503)
('read', 14.2, 14.2, 503)
('read', 14.2, 14.2, 503)
('ready', 14.2, 14.2, 503)
('read', 14.2, 14.2, 503)
('read', 14.2, 14.2, 503)
('read', 14.2, 14.2, 503)
('ready', 14.2, 14.2, 503)
('read', 14.2, 14.2, 503)
('read', 14.2, 14.2, 503)
('read', 14.2, 14.2, 503)
('ready', 14.2, 14.2, 503)
('read', 14.2, 14.2, 503)
('read', 14.2, 14.2, 503)
('read', 14.2, 14.2, 503)
('ready', 14.2, 14.2, 503)
('read', 14.2, 14.2, 503)
('read', 14.2, 14.2, 503)
('read', 14.2, 14.2, 503)
('ready', 14.2, 14.2, 503)
('read', 14.2, 14.2, 503)
('read', 14.2, 14.2, 503)
('read', 14.2, 14.2, 503)
('ready', 14.2, 14.2, 503)
('read', 14.2, 14.2, 503)
('read', 14.2, 14.2, 503)
('ready', 14.2, 14.2, 503)
('read', 14.2, 14.2, 503)
('read', 14.2, 14.2, 503)
('ready', 14.2, 14.2, 503)
('read', 14.2, 14.2, 503)
('read', 14.2, 14.2, 503)
('read', 14.2, 14.2, 503)
('read', 14.2, 14.3, 503)
('read', 14.2, 14.3, 503)
('read', 14.2, 14.3, 503)
('ready', 14.2, 14.3, 503)
('read', 14.3, 14.3, 503)
('ready', 14.3, 14.3, 503)
('read', 14.3, 14.3, 503)
('read', 14.3, 14.3, 503)
('read', 14.3, 14.3, 503)
('ready', 14.3, 14.3, 503)
('read', 14.3, 14.3, 503)
('read', 14.3, 14.3, 503)
('read', 14.3, 14.3, 503)
('read', 14.3, 14.3, 503)
('read', 14.3, 14.3, 503)
('read', 14.3, 14.3, 503)
('ready', 14.3, 14.3, 503)
('read', 14.3, 14.3, 503)
('read', 14.3, 14.3, 503)
('read', 14.3, 14.3, 503)
('ready', 14.3, 14.3, 503)
('read', 14.3, 14.3, 503)
('read', 14.3, 14.3, 503)
('read', 14.3, 14.3, 503)
('ready', 14.3, 14.3, 503)
('read', 14.3, 14.3, 503)
('read', 14.3, 14.3, 503)
('read', 14.3, 14.3, 503)
('ready', 14.3, 14.3, 503)
('ready', 14.3, 14.3, 503)
('read', 14.3, 14.3, 503)
('read', 14.3, 14.3, 503)
('read', 14.3, 14.3, 503)
('read', 14.3, 14.3, 503)
('ready', 14.3, 14.3, 503)
('read', 14.3, 14.3, 503)
('read', 14.3, 14.3, 503)
('read', 14.3, 14.3, 503)
('ready', 14.3, 14.3, 503)
('read', 14.3, 14.3, 503)
('read', 14.3, 14.3, 503)
('read', 14.3, 14.3, 503)
('read', 14.3, 14.3, 503)
('ready', 14.3, 14.3, 503)
('read', 14.3, 14.3, 503)
('ready', 14.3, 14.3, 503)
('read', 14.3, 14.3, 503)
('read', 14.3, 14.3, 503)
('read', 14.3, 14.3, 503)
('read', 14.3, 14.3, 503)
('read', 14.3, 14.3, 503)
('read', 14.3, 14.3, 503)
('ready', 14.3, 14.3, 503)
('read', 14.3, 14.3, 503)
('ready', 14.3, 14.3, 503)
('read', 14.3, 14.3, 503)
('read', 14.3, 14.3, 503)
('read', 14.3, 14.3, 503)
('ready', 14.3, 14.3, 503)
('read', 14.3, 14.3, 503)
('read', 14.3, 14.3, 503)
('read', 14.3, 14.4, 503)
('ready', 14.3, 14.4, 503)
('read', 14.3, 14.4, 503)
('read', 14.3, 14.4, 503)
('read', 14.4, 14.4, 503)
('ready', 14.4, 14.4, 503)
('read', 14.4, 14.4, 503)
('read', 14.4, 14.4, 503)
('read', 14.4, 14.4, 503)
('ready', 14.4, 14.4, 503)
('read', 14.4, 14.4, 503)
('read', 14.4, 14.4, 503)
('ready', 14.4, 14.4, 503)
('read', 14.4, 14.4, 503)
('ready', 14.4, 14.4, 503)
('read', 14.4, 14.4, 503)
('read', 14.4, 14.4, 503)
('read', 14.4, 14.4, 503)
('ready', 14.4, 14.4, 503)
('read', 14.4, 14.4, 503)
('read', 14.4, 14.4, 503)
('read', 14.4, 14.4, 503)
('ready', 14.4, 14.4, 503)
('ready', 14.4, 14.4, 503)
('read', 14.4, 14.4, 503)
('read', 14.4, 14.4, 503)
('read', 14.4, 14.4, 503)
('ready', 14.4, 14.4, 503)
('read', 14.4, 14.4, 503)
('read', 14.4, 14.4, 503)
('read', 14.4, 14.4, 503)
('ready', 14.4, 14.4, 503)
('ready', 14.4, 14.4, 503)
('read', 14.4, 14.4, 503)
('read', 14.4, 14.4, 503)
('read', 14.4, 14.4, 503)
('read', 14.4, 14.4, 503)
('read', 14.4, 14.4, 503)
('read', 14.4, 14.4, 503)
('ready', 14.4, 14.4, 503)
('ready', 14.4, 14.4, 503)
('read', 14.4, 14.4, 503)
('read', 14.4, 14.4, 503)
('read', 14.4, 14.4, 503)
('ready', 14.4, 14.4, 503)
('read', 14.4, 14.4, 503)
('read', 14.4, 14.4, 503)
('read', 14.4, 14.4, 503)
('ready', 14.4, 14.4, 503)
('read', 14.4, 14.4, 503)
('read', 14.4, 14.4, 503)
('ready', 14.4, 14.4, 503)
('read', 14.4, 14.4, 503)
('read', 14.4, 14.4, 503)
('read', 14.4, 14.4, 503)
('ready', 14.4, 14.4, 503)
('read', 14.4, 14.4, 503)
('read', 14.4, 14.4, 503)
('read', 14.4, 14.4, 503)
('read', 14.4, 14.4, 503)
('ready', 14.4, 14.4, 503)
('ready', 14.4, 14.4, 503)
('read', 14.4, 14.4, 503)
('read', 14.4, 14.4, 503)
('read', 14.4, 14.4, 503)
('ready', 14.4, 14.5, 503)
('read', 14.4, 14.5, 503)
('read', 14.4, 14.5, 503)
('read', 14.4, 14.5, 503)
('ready', 14.5, 14.5, 503)
('read', 14.5, 14.5, 503)
('read', 14.5, 14.5, 503)
('ready', 14.5, 14.5, 503)
('read', 14.5, 14.5, 503)
('read', 14.5, 14.5, 503)
('read', 14.5, 14.5, 503)
('read', 14.5, 14.5, 503)
('ready', 14.5, 14.5, 503)
('read', 14.5, 14.5, 503)
('read', 14.5, 14.5, 503)
('ready', 14.5, 14.5, 503)
('read', 14.5, 14.5, 503)
('read', 14.5, 14.5, 503)
('read', 14.5, 14.5, 503)
('ready', 14.5, 14.5, 503)
('read', 14.5, 14.5, 503)
('read', 14.5, 14.5, 503)
('read', 14.5, 14.5, 503)
('ready', 14.5, 14.5, 503)
('read', 14.5, 14.5, 503)
('read', 14.5, 14.5, 503)
('read', 14.5, 14.5, 503)
('ready', 14.5, 14.5, 503)
('read', 14.5, 14.5, 503)
('read', 14.5, 14.5, 503)
('read', 14.5, 14.5, 503)
('ready', 14.5, 14.5, 503)
('read', 14.5, 14.5, 503)
('read', 14.5, 14.5, 503)
('read', 14.5, 14.5, 503)
('read', 14.5, 14.5, 503)
('ready', 14.5, 14.5, 503)
('read', 14.5, 14.5, 503)
('read', 14.5, 14.5, 503)
('ready', 14.5, 14.5, 503)
('read', 14.5, 14.5, 503)
('read', 14.5, 14.5, 503)
('read', 14.5, 14.5, 503)
('ready', 14.5, 14.5, 503)
('read', 14.5, 14.5, 503)
('read', 14.5, 14.5, 503)
('read', 14.5, 14.5, 503)
('ready', 14.5, 14.5, 503)
('read', 14.5, 14.5, 503)
('read', 14.5, 14.5, 503)
('read', 14.5, 14.5, 503)
('ready', 14.5, 14.5, 503)
('ready', 14.5, 14.5, 503)
('read', 14.5, 14.5, 503)
('read', 14.5, 14.5, 503)
('read', 14.5, 14.5, 503)
('read', 14.5, 14.5, 503)
('ready', 14.5, 14.5, 503)
('read', 14.5, 14.5, 503)
('read', 14.5, 14.5, 503)
('read', 14.5, 14.6, 503)
('ready', 14.5, 14.6, 503)
('read', 14.5, 14.6, 503)
('read', 14.5, 14.6, 503)
('ready', 14.6, 14.6, 503)
('read', 14.6, 14.6, 503)
('read', 14.6, 14.6, 503)
('read', 14.6, 14.6, 503)
('ready', 14.6, 14.6, 503)
('read', 14.6, 14.6, 503)
('read', 14.6, 14.6, 503)
('read', 14.6, 14.6, 503)
('ready', 14.6, 14.6, 503)
('read', 14.6, 14.6, 503)
('read', 14.6, 14.6, 503)
('read', 14.6, 14.6, 503)
('ready', 14.6, 14.6, 503)
('read', 14.6, 14.6, 503)
('read', 14.6, 14.6, 503)
('read', 14.6, 14.6, 503)
('ready', 14.6, 14.6, 503)
('read', 14.6, 14.6, 503)
('read', 14.6, 14.6, 503)
('read', 14.6, 14.6, 503)
('ready', 14.6, 14.6, 503)
('read', 14.6, 14.6, 503)
('read', 14.6, 14.6, 503)
('read', 14.6, 14.6, 503)
('ready', 14.6, 14.6, 503)
('read', 14.6, 14.6, 503)
('read', 14.6, 14.6, 503)
('read', 14.6, 14.6, 503)
('ready', 14.6, 14.6, 503)
('read', 14.6, 14.6, 503)
('read', 14.6, 14.6, 503)
('read', 14.6, 14.6, 503)
('ready', 14.6, 14.6, 503)
('read', 14.6, 14.6, 503)
('read', 14.6, 14.6, 503)
('read', 14.6, 14.6, 503)
('ready', 14.6, 14.6, 503)
('ready', 14.6, 14.6, 503)
('read', 14.6, 14.6, 503)
('read', 14.6, 14.6, 503)
('read', 14.6, 14.6, 503)
('read', 14.6, 14.6, 503)
('read', 14.6, 14.6, 503)
('read', 14.6, 14.6, 503)
('ready', 14.6, 14.6, 503)
('read', 14.6, 14.6, 503)
('read', 14.6, 14.6, 503)
('ready', 14.6, 14.6, 503)
('read', 14.6, 14.6, 503)
('ready', 14.6, 14.6, 503)
('read', 14.6, 14.6, 503)
('read', 14.6, 14.6, 503)
('read', 14.6, 14.6, 503)
('ready', 14.6, 14.6, 503)
('read', 14.6, 14.6, 503)
('read', 14.6, 14.6, 503)
('read', 14.6, 14.6, 503)
('read', 14.6, 14.6, 503)
('read', 14.6, 14.6, 503)
('ready', 14.6, 14.6, 503)
('read', 14.6, 14.6, 503)
('read', 14.6, 14.7, 503)
('ready', 14.6, 14.7, 503)
('read', 14.6, 14.7, 503)
('read', 14.6, 14.7, 503)
('read', 14.7, 14.7, 503)
('read', 14.7, 14.7, 503)
('ready', 14.7, 14.7, 503)
('read', 14.7, 14.7, 503)
('read', 14.7, 14.7, 503)
('read', 14.7, 14.7, 503)
('read', 14.7, 14.7, 503)
('ready', 14.7, 14.7, 503)
('read', 14.7, 14.7, 503)
('read', 14.7, 14.7, 503)
('ready', 14.7, 14.7, 503)
('read', 14.7, 14.7, 503)
('read', 14.7, 14.7, 503)
('read', 14.7, 14.7, 503)
('ready', 14.7, 14.7, 503)
('read', 14.7, 14.7, 503)
('read', 14.7, 14.7, 503)
('read', 14.7, 14.7, 503)
('read', 14.7, 14.7, 503)
('ready', 14.7, 14.7, 503)
('read', 14.7, 14.7, 503)
('read', 14.7, 14.7, 503)
('read', 14.7, 14.7, 503)
('read', 14.7, 14.7, 503)
('ready', 14.7, 14.7, 503)
('read', 14.7, 14.7, 503)
('read', 14.7, 14.7, 503)
('ready', 14.7, 14.7, 503)
('read', 14.7, 14.7, 503)
('read', 14.7, 14.7, 503)
('read', 14.7, 14.7, 503)
('ready', 14.7, 14.7, 503)
('read', 14.7, 14.7, 503)
('read', 14.7, 14.7, 503)
('ready', 14.7, 14.7, 503)
('read', 14.7, 14.7, 503)
('read', 14.7, 14.7, 503)
('read', 14.7, 14.7, 503)
('ready', 14.7, 14.7, 503)
('read', 14.7, 14.7, 503)
('read', 14.7, 14.7, 503)
('ready', 14.7, 14.8, 503)
('read', 14.7, 14.8, 503)
('read', 14.7, 14.8, 503)
('read', 14.7, 14.8, 503)
('read', 14.8, 14.8, 503)
('read', 14.8, 14.8, 503)
('ready', 14.8, 14.8, 503)
('read', 14.8, 14.8, 503)
('read', 14.8, 14.8, 503)
('read', 14.8, 14.8, 503)
('ready', 14.8, 14.8, 503)
('read', 14.8, 14.8, 503)
('read', 14.8, 14.8, 503)
('read', 14.8, 14.8, 503)
('ready', 14.8, 14.8, 503)
('read', 14.8, 14.8, 503)
('read', 14.8, 14.8, 503)
('read', 14.8, 14.8, 503)
('ready', 14.8, 14.8, 503)
('read', 14.8, 14.8, 503)
('read', 14.8, 14.8, 503)
('read', 14.8, 14.8, 503)
('ready', 14.8, 14.8, 503)
('read', 14.8, 14.8, 503)
('read', 14.8, 14.8, 503)
('ready', 14.8, 14.8, 503)
('read', 14.8, 14.8, 503)
('read', 14.8, 14.8, 503)
('ready', 14.8, 14.8, 503)
('read', 14.8, 14.8, 503)
('read', 14.8, 14.8, 503)
('read', 14.8, 14.8, 503)
('ready', 14.8, 14.8, 503)
('read', 14.8, 14.8, 503)
('read', 14.8, 14.8, 503)
('read', 14.8, 14.8, 503)
('ready', 14.8, 14.8, 503)
('read', 14.8, 14.8, 503)
('read', 14.8, 14.8, 503)
('read', 14.8, 14.8, 503)
('ready', 14.8, 14.8, 503)
('read', 14.8, 14.8, 503)
('read', 14.8, 14.8, 503)
('read', 14.8, 14.8, 503)
('ready', 14.8, 14.8, 503)
('read', 14.8, 14.8, 503)
('read', 14.8, 14.8, 503)
('read', 14.8, 14.8, 503)
('ready', 14.8, 14.8, 503)
('ready', 14.8, 14.8, 503)
('read', 14.8, 14.8, 503)
('read', 14.8, 14.8, 503)
('read', 14.8, 14.8, 503)
('ready', 14.8, 14.8, 503)
('read', 14.8, 14.8, 503)
('read', 14.8, 14.8, 503)
('read', 14.8, 14.8, 503)
('ready', 14.8, 14.8, 503)
('read', 14.8, 14.8, 503)
('ready', 14.8, 14.8, 503)
('read', 14.8, 14.8, 503)
('read', 14.8, 14.9, 503)
('read', 14.8, 14.9, 503)
('read', 14.8, 14.9, 503)
('ready', 14.8, 14.9, 503)
('read', 14.9, 14.9, 503)
('read', 14.9, 14.9, 503)
('read', 14.9, 14.9, 503)
('ready', 14.9, 14.9, 503)
('read', 14.9, 14.9, 503)
('read', 14.9, 14.9, 503)
('read', 14.9, 14.9, 503)
('ready', 14.9, 14.9, 503)
('read', 14.9, 14.9, 503)
('read', 14.9, 14.9, 503)
('ready', 14.9, 14.9, 503)
('read', 14.9, 14.9, 503)
('read', 14.9, 14.9, 503)
('read', 14.9, 14.9, 503)
('read', 14.9, 14.9, 503)
('read', 14.9, 14.9, 503)
('ready', 14.9, 14.9, 503)
('read', 14.9, 14.9, 503)
('read', 14.9, 14.9, 503)
('ready', 14.9, 14.9, 503)
('read', 14.9, 14.9, 503)
('read', 14.9, 14.9, 503)
('read', 14.9, 14.9, 503)
('ready', 14.9, 14.9, 503)
('read', 14.9, 14.9, 503)
('read', 14.9, 14.9, 503)
('read', 14.9, 14.9, 503)
('read', 14.9, 14.9, 503)
('ready', 14.9, 14.9, 503)
('read', 14.9, 14.9, 503)
('read', 14.9, 14.9, 503)
('ready', 14.9, 14.9, 503)
('read', 14.9, 14.9, 503)
('read', 14.9, 14.9, 503)
('ready', 14.9, 14.9, 503)
('read', 14.9, 14.9, 503)
('read', 14.9, 14.9, 503)
('ready', 14.9, 14.9, 503)
('read', 14.9, 14.9, 503)
('read', 14.9, 14.9, 503)
('read', 14.9, 14.9, 503)
('ready', 14.9, 14.9, 503)
('read', 14.9, 14.9, 503)
('read', 14.9, 14.9, 503)
('read', 14.9, 14.9, 503)
('ready', 14.9, 14.9, 503)
('read', 14.9, 14.9, 503)
('ready', 14.9, 14.9, 503)
('read', 14.9, 14.9, 503)
('read', 14.9, 14.9, 503)
('read', 14.9, 14.9, 503)
('read', 14.9, 14.9, 503)
('read', 14.9, 14.9, 503)
('ready', 14.9, 14.9, 503)
('read', 14.9, 14.9, 503)
('ready', 14.9, 14.9, 503)
('read', 14.9, 14.9, 503)
('read', 14.9, 14.9, 503)
('read', 14.9, 14.9, 503)
('ready', 14.9, 14.9, 503)
('read', 14.9, 14.9, 503)
('read', 14.9, 14.9, 503)
('read', 14.9, 14.9, 503)
('read', 14.9, 15.0, 503)
('ready', 14.9, 15.0, 503)
('read', 14.9, 15.0, 503)
('read', 14.9, 15.0, 503)
('read', 15.0, 15.0, 503)
('ready', 15.0, 15.0, 503)
('read', 15.0, 15.0, 503)
('read', 15.0, 15.0, 503)
('read', 15.0, 15.0, 503)
('read', 15.0, 15.0, 503)
('ready', 15.0, 15.0, 503)
('read', 15.0, 15.0, 503)
('read', 15.0, 15.0, 503)
('read', 15.0, 15.0, 503)
('ready', 15.0, 15.0, 503)
('read', 15.0, 15.0, 503)
('ready', 15.0, 15.0, 503)
('read', 15.0, 15.0, 503)
('read', 15.0, 15.0, 503)
('read', 15.0, 15.0, 503)
('ready', 15.0, 15.0, 503)
('read', 15.0, 15.0, 503)
('read', 15.0, 15.0, 503)
('read', 15.0, 15.0, 503)
('ready', 15.0, 15.0, 503)
('read', 15.0, 15.0, 503)
('read', 15.0, 15.0, 503)
('read', 15.0, 15.0, 503)
('ready', 15.0, 15.0, 503)
('read', 15.0, 15.0, 503)
('read', 15.0, 15.0, 503)
('read', 15.0, 15.0, 503)
('read', 15.0, 15.0, 503)
('ready', 15.0, 15.0, 503)
('read', 15.0, 15.0, 503)
('read', 15.0, 15.0, 503)
('ready', 15.0, 15.0, 503)
('read', 15.0, 15.0, 503)
('read', 15.0, 15.0, 503)
('read', 15.0, 15.0, 503)
('ready', 15.0, 15.0, 503)
('read', 15.0, 15.0, 503)
('read', 15.0, 15.0, 503)
('read', 15.0, 15.0, 503)
('ready', 15.0, 15.0, 503)
('read', 15.0, 15.0, 503)
('read', 15.0, 15.0, 503)
('read', 15.0, 15.0, 503)
('read', 15.0, 15.0, 503)
('read', 15.0, 15.0, 503)
('ready', 15.0, 15.0, 503)
('read', 15.0, 15.0, 503)
('read', 15.0, 15.0, 503)
('read', 15.0, 15.0, 503)
('ready', 15.0, 15.0, 503)
('read', 15.0, 15.0, 503)
('read', 15.0, 15.0, 503)
('read', 15.0, 15.0, 503)
('ready', 15.0, 15.0, 503)
('read', 15.0, 15.0, 503)
('read', 15.0, 15.0, 503)
('read', 15.0, 15.0, 503)
('ready', 15.0, 15.0, 503)
('read', 15.0, 15.0, 503)
('read', 15.0, 15.1, 503)
('read', 15.0, 15.1, 503)
('read', 15.0, 15.1, 503)
('ready', 15.0, 15.1, 503)
('read', 15.1, 15.1, 503)
('ready', 15.1, 15.1, 503)
('read', 15.1, 15.1, 503)
('read', 15.1, 15.1, 503)
('read', 15.1, 15.1, 503)
('ready', 15.1, 15.1, 503)
('read', 15.1, 15.1, 503)
('read', 15.1, 15.1, 503)
('read', 15.1, 15.1, 503)
('read', 15.1, 15.1, 503)
('read', 15.1, 15.1, 503)
('ready', 15.1, 15.1, 503)
('read', 15.1, 15.1, 503)
('read', 15.1, 15.1, 503)
('read', 15.1, 15.1, 503)
('ready', 15.1, 15.1, 503)
('read', 15.1, 15.1, 503)
('ready', 15.1, 15.1, 503)
('read', 15.1, 15.1, 503)
('read', 15.1, 15.1, 503)
('read', 15.1, 15.1, 503)
('read', 15.1, 15.1, 503)
('ready', 15.1, 15.1, 503)
('read', 15.1, 15.1, 503)
('read', 15.1, 15.1, 503)
('read', 15.1, 15.1, 503)
('read', 15.1, 15.1, 503)
('read', 15.1, 15.1, 503)
('ready', 15.1, 15.1, 503)
('read', 15.1, 15.1, 503)
('read', 15.1, 15.1, 503)
('read', 15.1, 15.1, 503)
('ready', 15.1, 15.1, 503)
('read', 15.1, 15.1, 503)
('read', 15.1, 15.1, 503)
('read', 15.1, 15.1, 503)
('ready', 15.1, 15.1, 503)
('read', 15.1, 15.1, 503)
('read', 15.1, 15.1, 503)
('ready', 15.1, 15.1, 503)
('read', 15.1, 15.1, 503)
('read', 15.1, 15.1, 503)
('read', 15.1, 15.1, 503)
('ready', 15.1, 15.1, 503)
('read', 15.1, 15.1, 503)
('read', 15.1, 15.1, 503)
('read', 15.1, 15.1, 503)
('ready', 15.1, 15.1, 503)
('read', 15.1, 15.1, 503)
('read', 15.1, 15.1, 503)
('read', 15.1, 15.1, 503)
('read', 15.1, 15.1, 503)
('ready', 15.1, 15.1, 503)
('read', 15.1, 15.1, 503)
('ready', 15.1, 15.1, 503)
('read', 15.1, 15.1, 503)
('read', 15.1, 15.1, 503)
('read', 15.1, 15.2, 503)
('ready', 15.1, 15.2, 503)
('read', 15.1, 15.2, 503)
('read', 15.1, 15.2, 503)
('read', 15.2, 15.2, 503)
('ready', 15.2, 15.2, 503)
('read', 15.2, 15.2, 503)
('read', 15.2, 15.2, 503)
('read', 15.2, 15.2, 503)
('ready', 15.2, 15.2, 503)
('read', 15.2, 15.2, 503)
('read', 15.2, 15.2, 503)
('read', 15.2, 15.2, 503)
('read', 15.2, 15.2, 503)
('ready', 15.2, 15.2, 503)
('read', 15.2, 15.2, 503)
('read', 15.2, 15.2, 503)
('ready', 15.2, 15.2, 503)
('read', 15.2, 15.2, 503)
('read', 15.2, 15.2, 503)
('read', 15.2, 15.2, 503)
('ready', 15.2, 15.2, 503)
('read', 15.2, 15.2, 503)
('read', 15.2, 15.2, 503)
('read', 15.2, 15.2, 503)
('ready', 15.2, 15.2, 503)
('read', 15.2, 15.2, 503)
('read', 15.2, 15.2, 503)
('read', 15.2, 15.2, 503)
('ready', 15.2, 15.2, 503)
('read', 15.2, 15.2, 503)
('read', 15.2, 15.2, 503)
('read', 15.2, 15.2, 503)
('read', 15.2, 15.2, 503)
('ready', 15.2, 15.2, 503)
('read', 15.2, 15.2, 503)
('read', 15.2, 15.2, 503)
('read', 15.2, 15.2, 503)
('ready', 15.2, 15.2, 503)
('read', 15.2, 15.2, 503)
('read', 15.2, 15.2, 503)
('read', 15.2, 15.2, 503)
('ready', 15.2, 15.2, 503)
('read', 15.2, 15.2, 503)
('read', 15.2, 15.2, 503)
('ready', 15.2, 15.2, 503)
('read', 15.2, 15.2, 503)
('read', 15.2, 15.2, 503)
('read', 15.2, 15.2, 503)
('ready', 15.2, 15.2, 503)
('read', 15.2, 15.2, 503)
('read', 15.2, 15.2, 503)
('read', 15.2, 15.2, 503)
('ready', 15.2, 15.2, 503)
('read', 15.2, 15.2, 503)
('read', 15.2, 15.2, 503)
('ready', 15.2, 15.2, 503)
('read', 15.2, 15.2, 503)
('read', 15.2, 15.2, 503)
('read', 15.2, 15.2, 503)
('read', 15.2, 15.3, 503)
('read', 15.2, 15.3, 503)
('ready', 15.2, 15.3, 503)
('read', 15.2, 15.3, 503)
('read', 15.3, 15.3, 503)
('read', 15.3, 15.3, 503)
('ready', 15.3, 15.3, 503)
('read', 15.3, 15.3, 503)
('read', 15.3, 15.3, 503)
('read', 15.3, 15.3, 503)
('read', 15.3, 15.3, 503)
('ready', 15.3, 15.3, 503)
('read', 15.3, 15.3, 503)
('read', 15.3, 15.3, 503)
('read', 15.3, 15.3, 503)
('ready', 15.3, 15.3, 503)
('read', 15.3, 15.3, 503)
('read', 15.3, 15.3, 503)
('ready', 15.3, 15.3, 503)
('read', 15.3, 15.3, 503)
('read', 15.3, 15.3, 503)
('read', 15.3, 15.3, 503)
('ready', 15.3, 15.3, 503)
('read', 15.3, 15.3, 503)
('read', 15.3, 15.3, 503)
('read', 15.3, 15.3, 503)
('ready', 15.3, 15.3, 503)
('read', 15.3, 15.3, 503)
('read', 15.3, 15.3, 503)
('read', 15.3, 15.3, 503)
('ready', 15.3, 15.3, 503)
('read', 15.3, 15.3, 503)
('read', 15.3, 15.3, 503)
('read', 15.3, 15.3, 503)
('read', 15.3, 15.3, 503)
('ready', 15.3, 15.3, 503)
('read', 15.3, 15.3, 503)
('read', 15.3, 15.3, 503)
('ready', 15.3, 15.3, 503)
('read', 15.3, 15.3, 503)
('read', 15.3, 15.3, 503)
('read', 15.3, 15.3, 503)
('ready', 15.3, 15.3, 503)
('read', 15.3, 15.3, 503)
('read', 15.3, 15.3, 503)
('read', 15.3, 15.3, 503)
('ready', 15.3, 15.3, 503)
('read', 15.3, 15.3, 503)
('read', 15.3, 15.3, 503)
('read', 15.3, 15.3, 503)
('read', 15.3, 15.3, 503)
('ready', 15.3, 15.3, 503)
('read', 15.3, 15.3, 503)
('read', 15.3, 15.3, 503)
('ready', 15.3, 15.3, 503)
('read', 15.3, 15.3, 503)
('read', 15.3, 15.3, 503)
('read', 15.3, 15.3, 503)
('read', 15.3, 15.3, 503)
('ready', 15.3, 15.3, 503)
('read', 15.3, 15.3, 503)
('read', 15.3, 15.3, 503)
('read', 15.3, 15.4, 503)
('ready', 15.3, 15.4, 503)
('read', 15.3, 15.4, 503)
('read', 15.3, 15.4, 503)
('ready', 15.4, 15.4, 503)
('read', 15.4, 15.4, 503)
('read', 15.4, 15.4, 503)
('read', 15.4, 15.4, 503)
('ready', 15.4, 15.4, 503)
('read', 15.4, 15.4, 503)
('read', 15.4, 15.4, 503)
('read', 15.4, 15.4, 503)
('ready', 15.4, 15.4, 503)
('read', 15.4, 15.4, 503)
('read', 15.4, 15.4, 503)
('read', 15.4, 15.4, 503)
('ready', 15.4, 15.4, 503)
('read', 15.4, 15.4, 503)
('read', 15.4, 15.4, 503)
('read', 15.4, 15.4, 503)
('ready', 15.4, 15.4, 503)
('read', 15.4, 15.4, 503)
('read', 15.4, 15.4, 503)
('ready', 15.4, 15.4, 503)
('read', 15.4, 15.4, 503)
('read', 15.4, 15.4, 503)
('read', 15.4, 15.4, 503)
('ready', 15.4, 15.4, 503)
('read', 15.4, 15.4, 503)
('read', 15.4, 15.4, 503)
('read', 15.4, 15.4, 503)
('ready', 15.4, 15.4, 503)
('read', 15.4, 15.4, 503)
('read', 15.4, 15.4, 503)
('read', 15.4, 15.4, 503)
('ready', 15.4, 15.4, 503)
('read', 15.4, 15.4, 503)
('read', 15.4, 15.4, 503)
('read', 15.4, 15.4, 503)
('ready', 15.4, 15.4, 503)
('read', 15.4, 15.4, 503)
('read', 15.4, 15.4, 503)
('read', 15.4, 15.4, 503)
('ready', 15.4, 15.4, 503)
('read', 15.4, 15.4, 503)
('read', 15.4, 15.4, 503)
('ready', 15.4, 15.4, 503)
('read', 15.4, 15.4, 503)
('read', 15.4, 15.4, 503)
('read', 15.4, 15.4, 503)
('read', 15.4, 15.4, 503)
('read', 15.4, 15.4, 503)
('ready', 15.4, 15.4, 503)
('read', 15.4, 15.4, 503)
('read', 15.4, 15.4, 503)
('ready', 15.4, 15.4, 503)
('read', 15.4, 15.4, 503)
('read', 15.4, 15.4, 503)
('ready', 15.4, 15.4, 503)
('read', 15.4, 15.5, 503)
('read', 15.4, 15.5, 503)
('read', 15.4, 15.5, 503)
('ready', 15.4, 15.5, 503)
('read', 15.5, 15.5, 503)
('read', 15.5, 15.5, 503)
('read', 15.5, 15.5, 503)
('ready', 15.5, 15.5, 503)
('ready', 15.5, 15.5, 503)
('read', 15.5, 15.5, 503)
('read', 15.5, 15.5, 503)
('read', 15.5, 15.5, 503)
('read', 15.5, 15.5, 503)
('ready', 15.5, 15.5, 503)
('read', 15.5, 15.5, 503)
('read', 15.5, 15.5, 503)
('ready', 15.5, 15.5, 503)
('read', 15.5, 15.5, 503)
('read', 15.5, 15.5, 503)
('read', 15.5, 15.5, 503)
('ready', 15.5, 15.5, 503)
('read', 15.5, 15.5, 503)
('read', 15.5, 15.5, 503)
('read', 15.5, 15.5, 503)
('ready', 15.5, 15.5, 503)
('read', 15.5, 15.5, 503)
('read', 15.5, 15.5, 503)
('ready', 15.5, 15.5, 503)
('read', 15.5, 15.5, 503)
('read', 15.5, 15.5, 503)
('read', 15.5, 15.5, 503)
('read', 15.5, 15.5, 503)
('ready', 15.5, 15.5, 503)
('read', 15.5, 15.5, 503)
('ready', 15.5, 15.5, 503)
('read', 15.5, 15.5, 503)
('read', 15.5, 15.5, 503)
('read', 15.5, 15.5, 503)
('read', 15.5, 15.5, 503)
('ready', 15.5, 15.5, 503)
('read', 15.5, 15.5, 503)
('read', 15.5, 15.5, 503)
('read', 15.5, 15.5, 503)
('ready', 15.5, 15.5, 503)
('read', 15.5, 15.5, 503)
('read', 15.5, 15.5, 503)
('read', 15.5, 15.5, 503)
('ready', 15.5, 15.5, 503)
('read', 15.5, 15.5, 503)
('read', 15.5, 15.5, 503)
('read', 15.5, 15.5, 503)
('read', 15.5, 15.5, 503)
('ready', 15.5, 15.5, 503)
('read', 15.5, 15.5, 503)
('read', 15.5, 15.5, 503)
('read', 15.5, 15.5, 503)
('ready', 15.5, 15.5, 503)
('read', 15.5, 15.5, 503)
('read', 15.5, 15.5, 503)
('ready', 15.5, 15.5, 503)
('read', 15.5, 15.5, 503)
('read', 15.5, 15.5, 503)
('ready', 15.5, 15.6, 503)
('read', 15.5, 15.6, 503)
('read', 15.5, 15.6, 503)
('read', 15.5, 15.6, 503)
('ready', 15.6, 15.6, 503)
('read', 15.6, 15.6, 503)
('read', 15.6, 15.6, 503)
('read', 15.6, 15.6, 503)
('ready', 15.6, 15.6, 503)
('read', 15.6, 15.6, 503)
('read', 15.6, 15.6, 503)
('read', 15.6, 15.6, 503)
('ready', 15.6, 15.6, 503)
('read', 15.6, 15.6, 503)
('read', 15.6, 15.6, 503)
('read', 15.6, 15.6, 503)
('ready', 15.6, 15.6, 503)
('read', 15.6, 15.6, 503)
('read', 15.6, 15.6, 503)
('ready', 15.6, 15.6, 503)
('read', 15.6, 15.6, 503)
('read', 15.6, 15.6, 503)
('read', 15.6, 15.6, 503)
('read', 15.6, 15.6, 503)
('ready', 15.6, 15.6, 503)
('read', 15.6, 15.6, 503)
('read', 15.6, 15.6, 503)
('read', 15.6, 15.6, 503)
('ready', 15.6, 15.6, 503)
('read', 15.6, 15.6, 503)
('read', 15.6, 15.6, 503)
('read', 15.6, 15.6, 503)
('ready', 15.6, 15.6, 503)
('read', 15.6, 15.6, 503)
('read', 15.6, 15.6, 503)
('read', 15.6, 15.6, 503)
('ready', 15.6, 15.6, 503)
('read', 15.6, 15.6, 503)
('read', 15.6, 15.6, 503)
('ready', 15.6, 15.6, 503)
('read', 15.6, 15.6, 503)
('read', 15.6, 15.6, 503)
('read', 15.6, 15.6, 503)
('ready', 15.6, 15.6, 503)
('read', 15.6, 15.6, 503)
('read', 15.6, 15.6, 503)
('read', 15.6, 15.6, 503)
('read', 15.6, 15.6, 503)
('ready', 15.6, 15.6, 503)
('read', 15.6, 15.6, 503)
('read', 15.6, 15.6, 503)
('read', 15.6, 15.6, 503)
('ready', 15.6, 15.6, 503)
('read', 15.6, 15.6, 503)
('read', 15.6, 15.6, 503)
('read', 15.6, 15.6, 503)
('ready', 15.6, 15.6, 503)
('read', 15.6, 15.6, 503)
('read', 15.6, 15.6, 503)
('ready', 15.6, 15.6, 503)
('read', 15.6, 15.7, 503)
('read', 15.6, 15.7, 503)
('read', 15.6, 15.7, 503)
('ready', 15.6, 15.7, 503)
('read', 15.7, 15.7, 503)
('read', 15.7, 15.7, 503)
('read', 15.7, 15.7, 503)
('ready', 15.7, 15.7, 503)
('read', 15.7, 15.7, 503)
('read', 15.7, 15.7, 503)
('read', 15.7, 15.7, 503)
('ready', 15.7, 15.7, 503)
('read', 15.7, 15.7, 503)
('read', 15.7, 15.7, 503)
('ready', 15.7, 15.7, 503)
('read', 15.7, 15.7, 503)
('read', 15.7, 15.7, 503)
('read', 15.7, 15.7, 503)
('read', 15.7, 15.7, 503)
('ready', 15.7, 15.7, 503)
('read', 15.7, 15.7, 503)
('read', 15.7, 15.7, 503)
('ready', 15.7, 15.7, 503)
('read', 15.7, 15.7, 503)
('read', 15.7, 15.7, 503)
('read', 15.7, 15.7, 503)
('read', 15.7, 15.7, 503)
('ready', 15.7, 15.7, 503)
('read', 15.7, 15.7, 503)
('read', 15.7, 15.7, 503)
('read', 15.7, 15.7, 503)
('read', 15.7, 15.7, 503)
('ready', 15.7, 15.7, 503)
('read', 15.7, 15.7, 503)
('read', 15.7, 15.7, 503)
('ready', 15.7, 15.7, 503)
('read', 15.7, 15.7, 503)
('read', 15.7, 15.7, 503)
('read', 15.7, 15.7, 503)
('ready', 15.7, 15.7, 503)
('read', 15.7, 15.7, 503)
('read', 15.7, 15.7, 503)
('read', 15.7, 15.7, 503)
('read', 15.7, 15.7, 503)
('read', 15.7, 15.7, 503)
('read', 15.7, 15.7, 503)
('ready', 15.7, 15.7, 503)
('ready', 15.7, 15.7, 503)
('read', 15.7, 15.7, 503)
('read', 15.7, 15.7, 503)
('read', 15.7, 15.7, 503)
('read', 15.7, 15.7, 503)
('read', 15.7, 15.7, 503)
('read', 15.7, 15.7, 503)
('ready', 15.7, 15.7, 503)
('read', 15.7, 15.7, 503)
('ready', 15.7, 15.7, 503)
('read', 15.7, 15.7, 503)
('read', 15.7, 15.7, 503)
('read', 15.7, 15.7, 503)
('ready', 15.7, 15.7, 503)
('read', 15.7, 15.7, 503)
('read', 15.7, 15.7, 503)
('read', 15.7, 15.8, 503)
('read', 15.7, 15.8, 503)
('ready', 15.7, 15.8, 503)
('read', 15.7, 15.8, 503)
('read', 15.8, 15.8, 503)
('read', 15.8, 15.8, 503)
('read', 15.8, 15.8, 503)
('ready', 15.8, 15.8, 503)
('read', 15.8, 15.8, 503)
('read', 15.8, 15.8, 503)
('read', 15.8, 15.8, 503)
('ready', 15.8, 15.8, 503)
('read', 15.8, 15.8, 503)
('read', 15.8, 15.8, 503)
('ready', 15.8, 15.8, 503)
('read', 15.8, 15.8, 503)
('read', 15.8, 15.8, 503)
('read', 15.8, 15.8, 503)
('read', 15.8, 15.8, 503)
('ready', 15.8, 15.8, 503)
('read', 15.8, 15.8, 503)
('read', 15.8, 15.8, 503)
('read', 15.8, 15.8, 503)
('ready', 15.8, 15.8, 503)
('read', 15.8, 15.8, 503)
('read', 15.8, 15.8, 503)
('ready', 15.8, 15.8, 503)
('read', 15.8, 15.8, 503)
('read', 15.8, 15.8, 503)
('read', 15.8, 15.8, 503)
('read', 15.8, 15.8, 503)
('ready', 15.8, 15.8, 503)
('read', 15.8, 15.8, 503)
('read', 15.8, 15.8, 503)
('read', 15.8, 15.8, 503)
('ready', 15.8, 15.8, 503)
('read', 15.8, 15.8, 503)
('read', 15.8, 15.8, 503)
('read', 15.8, 15.8, 503)
('read', 15.8, 15.8, 503)
('ready', 15.8, 15.8, 503)
('read', 15.8, 15.8, 503)
('read', 15.8, 15.8, 503)
('ready', 15.8, 15.8, 503)
('read', 15.8, 15.8, 503)
('read', 15.8, 15.8, 503)
('read', 15.8, 15.8, 503)
('ready', 15.8, 15.8, 503)
('read', 15.8, 15.8, 503)
('read', 15.8, 15.8, 503)
('read', 15.8, 15.8, 503)
('ready', 15.8, 15.8, 503)
('read', 15.8, 15.8, 503)
('read', 15.8, 15.8, 503)
('read', 15.8, 15.8, 503)
('ready', 15.8, 15.8, 503)
('read', 15.8, 15.8, 503)
('read', 15.8, 15.8, 503)
('read', 15.8, 15.8, 503)
('read', 15.8, 15.8, 503)
('ready', 15.8, 15.9, 503)
('read', 15.8, 15.9, 503)
('read', 15.8, 15.9, 503)
('read', 15.8, 15.9, 503)
('ready', 15.9, 15.9, 503)
('read', 15.9, 15.9, 503)
('read', 15.9, 15.9, 503)
('ready', 15.9, 15.9, 503)
('read', 15.9, 15.9, 503)
('read', 15.9, 15.9, 503)
('read', 15.9, 15.9, 503)
('read', 15.9, 15.9, 503)
('ready', 15.9, 15.9, 503)
('read', 15.9, 15.9, 503)
('read', 15.9, 15.9, 503)
('read', 15.9, 15.9, 503)
('ready', 15.9, 15.9, 503)
('read', 15.9, 15.9, 503)
('read', 15.9, 15.9, 503)
('read', 15.9, 15.9, 503)
('read', 15.9, 15.9, 503)
('read', 15.9, 15.9, 503)
('ready', 15.9, 15.9, 503)
('ready', 15.9, 15.9, 503)
('read', 15.9, 15.9, 503)
('read', 15.9, 15.9, 503)
('read', 15.9, 15.9, 503)
('ready', 15.9, 15.9, 503)
('read', 15.9, 15.9, 503)
('read', 15.9, 15.9, 503)
('read', 15.9, 15.9, 503)
('ready', 15.9, 15.9, 503)
('read', 15.9, 15.9, 503)
('read', 15.9, 15.9, 503)
('read', 15.9, 15.9, 503)
('ready', 15.9, 15.9, 503)
('read', 15.9, 15.9, 503)
('read', 15.9, 15.9, 503)
('read', 15.9, 15.9, 503)
('ready', 15.9, 16.0, 503)
('read', 15.9, 16.0, 503)
('read', 15.9, 16.0, 503)
('read', 15.9, 16.0, 503)
('ready', 16.0, 16.0, 503)
('read', 16.0, 16.0, 503)
('read', 16.0, 16.0, 503)
('read', 16.0, 16.0, 503)
('ready', 16.0, 16.0, 503)
('read', 16.0, 16.0, 503)
('ready', 16.0, 16.0, 503)
('read', 16.0, 16.0, 503)
('read', 16.0, 16.0, 503)
('read', 16.0, 16.0, 503)
('read', 16.0, 16.0, 503)
('read', 16.0, 16.0, 503)
('ready', 16.0, 16.0, 503)
('read', 16.0, 16.0, 503)
('read', 16.0, 16.0, 503)
('read', 16.0, 16.0, 503)
('ready', 16.0, 16.0, 503)
('read', 16.0, 16.0, 503)
('read', 16.0, 16.0, 503)
('read', 16.0, 16.0, 503)
('ready', 16.0, 16.0, 503)
('read', 16.0, 16.0, 503)
('read', 16.0, 16.0, 503)
('read', 16.0, 16.0, 503)
('ready', 16.0, 16.0, 503)
('read', 16.0, 16.0, 503)
('read', 16.0, 16.0, 503)
('read', 16.0, 16.0, 503)
('ready', 16.0, 16.0, 503)
('read', 16.0, 16.0, 503)
('read', 16.0, 16.0, 503)
('ready', 16.0, 16.0, 503)
('read', 16.0, 16.0, 503)
('read', 16.0, 16.0, 503)
('read', 16.0, 16.0, 503)
('ready', 16.0, 16.0, 503)
('read', 16.0, 16.0, 503)
('read', 16.0, 16.0, 503)
('read', 16.0, 16.0, 503)
('ready', 16.0, 16.0, 503)
('read', 16.0, 16.0, 503)
('read', 16.0, 16.0, 503)
('read', 16.0, 16.0, 503)
('ready', 16.0, 16.0, 503)
('read', 16.0, 16.0, 503)
('read', 16.0, 16.0, 503)
('read', 16.0, 16.0, 503)
('ready', 16.0, 16.0, 503)
('read', 16.0, 16.0, 503)
('read', 16.0, 16.0, 503)
('read', 16.0, 16.0, 503)
('read', 16.0, 16.0, 503)
('ready', 16.0, 16.0, 503)
('read', 16.0, 16.0, 503)
('read', 16.0, 16.0, 503)
('ready', 16.0, 16.1, 503)
('read', 16.0, 16.1, 503)
('read', 16.0, 16.1, 503)
('read', 16.0, 16.1, 503)
('read', 16.1, 16.1, 503)
('ready', 16.1, 16.1, 503)
('read', 16.1, 16.1, 503)
('read', 16.1, 16.1, 503)
('ready', 16.1, 16.1, 503)
('read', 16.1, 16.1, 503)
('read', 16.1, 16.1, 503)
('read', 16.1, 16.1, 503)
('ready', 16.1, 16.1, 503)
('read', 16.1, 16.1, 503)
('read', 16.1, 16.1, 503)
('read', 16.1, 16.1, 503)
('ready', 16.1, 16.1, 503)
('read', 16.1, 16.1, 503)
('read', 16.1, 16.1, 503)
('ready', 16.1, 16.1, 503)
('read', 16.1, 16.1, 503)
('read', 16.1, 16.1, 503)
('read', 16.1, 16.1, 503)
('ready', 16.1, 16.1, 503)
('read', 16.1, 16.1, 503)
('read', 16.1, 16.1, 503)
('read', 16.1, 16.1, 503)
('read', 16.1, 16.1, 503)
('read', 16.1, 16.1, 503)
('ready', 16.1, 16.1, 503)
('read', 16.1, 16.1, 503)
('read', 16.1, 16.1, 503)
('ready', 16.1, 16.1, 503)
('read', 16.1, 16.1, 503)
('read', 16.1, 16.1, 503)
('read', 16.1, 16.1, 503)
('read', 16.1, 16.1, 503)
('ready', 16.1, 16.1, 503)
('read', 16.1, 16.1, 503)
('ready', 16.1, 16.1, 503)
('read', 16.1, 16.1, 503)
('ready', 16.1, 16.1, 503)
('read', 16.1, 16.1, 503)
('read', 16.1, 16.1, 503)
('read', 16.1, 16.1, 503)
('ready', 16.1, 16.1, 503)
('read', 16.1, 16.1, 503)
('read', 16.1, 16.1, 503)
('read', 16.1, 16.1, 503)
('read', 16.1, 16.1, 503)
('read', 16.1, 16.1, 503)
('ready', 16.1, 16.1, 503)
('ready', 16.1, 16.1, 503)
('read', 16.1, 16.1, 503)
('read', 16.1, 16.1, 503)
('read', 16.1, 16.1, 503)
('ready', 16.1, 16.1, 503)
('read', 16.1, 16.1, 503)
('read', 16.1, 16.1, 503)
('read', 16.1, 16.1, 503)
('ready', 16.1, 16.1, 503)
('read', 16.1, 16.1, 503)
('read', 16.1, 16.1, 503)
('ready', 16.1, 16.2, 503)
('read', 16.1, 16.2, 503)
('read', 16.1, 16.2, 503)
('read', 16.1, 16.2, 503)
('read', 16.2, 16.2, 503)
('ready', 16.2, 16.2, 503)
('read', 16.2, 16.2, 503)
('ready', 16.2, 16.2, 503)
('read', 16.2, 16.2, 503)
('read', 16.2, 16.2, 503)
('read', 16.2, 16.2, 503)
('read', 16.2, 16.2, 503)
('ready', 16.2, 16.2, 503)
('read', 16.2, 16.2, 503)
('read', 16.2, 16.2, 503)
('read', 16.2, 16.2, 503)
('read', 16.2, 16.2, 503)
('ready', 16.2, 16.2, 503)
('read', 16.2, 16.2, 503)
('read', 16.2, 16.2, 503)
('read', 16.2, 16.2, 503)
('ready', 16.2, 16.2, 503)
('read', 16.2, 16.2, 503)
('ready', 16.2, 16.2, 503)
('read', 16.2, 16.2, 503)
('read', 16.2, 16.2, 503)
('read', 16.2, 16.2, 503)
('read', 16.2, 16.2, 503)
('read', 16.2, 16.2, 503)
('ready', 16.2, 16.2, 503)
('read', 16.2, 16.2, 503)
('read', 16.2, 16.2, 503)
('ready', 16.2, 16.2, 503)
('read', 16.2, 16.2, 503)
('read', 16.2, 16.2, 503)
('ready', 16.2, 16.2, 503)
('read', 16.2, 16.2, 503)
('read', 16.2, 16.2, 503)
('read', 16.2, 16.2, 503)
('ready', 16.2, 16.2, 503)
('read', 16.2, 16.2, 503)
('read', 16.2, 16.2, 503)
('read', 16.2, 16.2, 503)
('ready', 16.2, 16.2, 503)
('read', 16.2, 16.2, 503)
('read', 16.2, 16.2, 503)
('read', 16.2, 16.2, 503)
('ready', 16.2, 16.2, 503)
('read', 16.2, 16.2, 503)
('read', 16.2, 16.2, 503)
('read', 16.2, 16.2, 503)
('ready', 16.2, 16.2, 503)
('read', 16.2, 16.2, 503)
('read', 16.2, 16.2, 503)
('read', 16.2, 16.2, 503)
('ready', 16.2, 16.2, 503)
('read', 16.2, 16.2, 503)
('read', 16.2, 16.2, 503)
('read', 16.2, 16.2, 503)
('ready', 16.2, 16.2, 503)
('read', 16.2, 16.2, 503)
('read', 16.2, 16.2, 503)
('read', 16.2, 16.2, 503)
('ready', 16.2, 16.3, 503)
('read', 16.2, 16.3, 503)
('read', 16.2, 16.3, 503)
('read', 16.2, 16.3, 503)
('ready', 16.3, 16.3, 503)
('read', 16.3, 16.3, 503)
('read', 16.3, 16.3, 503)
('ready', 16.3, 16.3, 503)
('read', 16.3, 16.3, 503)
('read', 16.3, 16.3, 503)
('ready', 16.3, 16.3, 503)
('read', 16.3, 16.3, 503)
('read', 16.3, 16.3, 503)
('read', 16.3, 16.3, 503)
('ready', 16.3, 16.3, 503)
('read', 16.3, 16.3, 503)
('read', 16.3, 16.3, 503)
('read', 16.3, 16.3, 503)
('ready', 16.3, 16.3, 503)
('read', 16.3, 16.3, 503)
('read', 16.3, 16.3, 503)
('read', 16.3, 16.3, 503)
('read', 16.3, 16.3, 503)
('read', 16.3, 16.3, 503)
('ready', 16.3, 16.3, 503)
('read', 16.3, 16.3, 503)
('read', 16.3, 16.3, 503)
('ready', 16.3, 16.3, 503)
('read', 16.3, 16.3, 503)
('read', 16.3, 16.3, 503)
('read', 16.3, 16.3, 503)
('ready', 16.3, 16.3, 503)
('read', 16.3, 16.3, 503)
('read', 16.3, 16.3, 503)
('read', 16.3, 16.3, 503)
('ready', 16.3, 16.3, 503)
('read', 16.3, 16.3, 503)
('read', 16.3, 16.3, 503)
('read', 16.3, 16.3, 503)
('read', 16.3, 16.3, 503)
('ready', 16.3, 16.3, 503)
('read', 16.3, 16.3, 503)
('read', 16.3, 16.3, 503)
('read', 16.3, 16.3, 503)
('ready', 16.3, 16.3, 503)
('read', 16.3, 16.3, 503)
('read', 16.3, 16.3, 503)
('ready', 16.3, 16.3, 503)
('read', 16.3, 16.3, 503)
('read', 16.3, 16.3, 503)
('read', 16.3, 16.3, 503)
('read', 16.3, 16.3, 503)
('read', 16.3, 16.3, 503)
('ready', 16.3, 16.3, 503)
('read', 16.3, 16.3, 503)
('read', 16.3, 16.3, 503)
('read', 16.3, 16.3, 503)
('ready', 16.3, 16.3, 503)
('read', 16.3, 16.3, 503)
('ready', 16.3, 16.3, 503)
('read', 16.3, 16.3, 503)
('read', 16.3, 16.3, 503)
('read', 16.3, 16.4, 503)
('read', 16.3, 16.4, 503)
('ready', 16.3, 16.4, 503)
('read', 16.3, 16.4, 503)
('read', 16.4, 16.4, 503)
('read', 16.4, 16.4, 503)
('read', 16.4, 16.4, 503)
('ready', 16.4, 16.4, 503)
('read', 16.4, 16.4, 503)
('ready', 16.4, 16.4, 503)
('read', 16.4, 16.4, 503)
('read', 16.4, 16.4, 503)
('read', 16.4, 16.4, 503)
('read', 16.4, 16.4, 503)
('read', 16.4, 16.4, 503)
('ready', 16.4, 16.4, 503)
('read', 16.4, 16.4, 503)
('read', 16.4, 16.4, 503)
('read', 16.4, 16.4, 503)
('ready', 16.4, 16.4, 503)
('read', 16.4, 16.4, 503)
('ready', 16.4, 16.4, 503)
('read', 16.4, 16.4, 503)
('read', 16.4, 16.4, 503)
('read', 16.4, 16.4, 503)
('ready', 16.4, 16.4, 503)
('read', 16.4, 16.4, 503)
('read', 16.4, 16.4, 503)
('read', 16.4, 16.4, 503)
('ready', 16.4, 16.4, 503)
('read', 16.4, 16.4, 503)
('read', 16.4, 16.4, 503)
('read', 16.4, 16.4, 503)
('ready', 16.4, 16.4, 503)
('read', 16.4, 16.4, 503)
('read', 16.4, 16.4, 503)
('read', 16.4, 16.4, 503)
('ready', 16.4, 16.4, 503)
('read', 16.4, 16.4, 503)
('read', 16.4, 16.4, 503)
('read', 16.4, 16.4, 503)
('ready', 16.4, 16.4, 503)
('read', 16.4, 16.4, 503)
('read', 16.4, 16.4, 503)
('read', 16.4, 16.4, 503)
('ready', 16.4, 16.4, 503)
('read', 16.4, 16.4, 503)
('read', 16.4, 16.4, 503)
('read', 16.4, 16.4, 503)
('ready', 16.4, 16.4, 503)
('ready', 16.4, 16.4, 503)
('read', 16.4, 16.4, 503)
('read', 16.4, 16.4, 503)
('read', 16.4, 16.4, 503)
('ready', 16.4, 16.4, 503)
('read', 16.4, 16.4, 503)
('read', 16.4, 16.4, 503)
('read', 16.4, 16.4, 503)
('ready', 16.4, 16.4, 503)
('read', 16.4, 16.4, 503)
('read', 16.4, 16.4, 503)
('read', 16.4, 16.4, 503)
('ready', 16.4, 16.5, 503)
('read', 16.4, 16.5, 503)
('read', 16.4, 16.5, 503)
('read', 16.4, 16.5, 503)
('ready', 16.5, 16.5, 503)
('read', 16.5, 16.5, 503)
('read', 16.5, 16.5, 503)
('ready', 16.5, 16.5, 503)
('read', 16.5, 16.5, 503)
('read', 16.5, 16.5, 503)
('read', 16.5, 16.5, 503)
('ready', 16.5, 16.5, 503)
('read', 16.5, 16.5, 503)
('read', 16.5, 16.5, 503)
('read', 16.5, 16.5, 503)
('read', 16.5, 16.5, 503)
('read', 16.5, 16.5, 503)
('ready', 16.5, 16.5, 503)
('read', 16.5, 16.5, 503)
('read', 16.5, 16.5, 503)
('ready', 16.5, 16.5, 503)
('read', 16.5, 16.5, 503)
('read', 16.5, 16.5, 503)
('read', 16.5, 16.5, 503)
('ready', 16.5, 16.5, 503)
('read', 16.5, 16.5, 503)
('read', 16.5, 16.5, 503)
('read', 16.5, 16.5, 503)
('ready', 16.5, 16.5, 503)
('read', 16.5, 16.5, 503)
('read', 16.5, 16.5, 503)
('read', 16.5, 16.5, 503)
('ready', 16.5, 16.5, 503)
('read', 16.5, 16.5, 503)
('read', 16.5, 16.5, 503)
('ready', 16.5, 16.5, 503)
('read', 16.5, 16.5, 503)
('read', 16.5, 16.5, 503)
('read', 16.5, 16.5, 503)
('ready', 16.5, 16.5, 503)
('read', 16.5, 16.5, 503)
('read', 16.5, 16.5, 503)
('read', 16.5, 16.5, 503)
('read', 16.5, 16.5, 503)
('ready', 16.5, 16.5, 503)
('read', 16.5, 16.5, 503)
('read', 16.5, 16.5, 503)
('read', 16.5, 16.5, 503)
('ready', 16.5, 16.5, 503)
('read', 16.5, 16.5, 503)
('read', 16.5, 16.5, 503)
('ready', 16.5, 16.5, 503)
('read', 16.5, 16.5, 503)
('read', 16.5, 16.5, 503)
('read', 16.5, 16.5, 503)
('read', 16.5, 16.5, 503)
('ready', 16.5, 16.5, 503)
('read', 16.5, 16.5, 503)
('read', 16.5, 16.5, 503)
('read', 16.5, 16.6, 503)
('ready', 16.5, 16.6, 503)
('read', 16.5, 16.6, 503)
('read', 16.5, 16.6, 503)
('ready', 16.6, 16.6, 503)
('read', 16.6, 16.6, 503)
('read', 16.6, 16.6, 503)
('read', 16.6, 16.6, 503)
('read', 16.6, 16.6, 503)
('ready', 16.6, 16.6, 503)
('read', 16.6, 16.6, 503)
('read', 16.6, 16.6, 503)
('ready', 16.6, 16.6, 503)
('read', 16.6, 16.6, 503)
('read', 16.6, 16.6, 503)
('read', 16.6, 16.6, 503)
('ready', 16.6, 16.6, 503)
('read', 16.6, 16.6, 503)
('read', 16.6, 16.6, 503)
('read', 16.6, 16.6, 503)
('read', 16.6, 16.6, 503)
('ready', 16.6, 16.6, 503)
('read', 16.6, 16.6, 503)
('read', 16.6, 16.6, 503)
('read', 16.6, 16.6, 503)
('ready', 16.6, 16.6, 503)
('read', 16.6, 16.6, 503)
('read', 16.6, 16.6, 503)
('read', 16.6, 16.6, 503)
('ready', 16.6, 16.6, 503)
('read', 16.6, 16.6, 503)
('read', 16.6, 16.6, 503)
('read', 16.6, 16.6, 503)
('ready', 16.6, 16.6, 503)
('read', 16.6, 16.6, 503)
('read', 16.6, 16.6, 503)
('read', 16.6, 16.6, 503)
('ready', 16.6, 16.6, 503)
('read', 16.6, 16.6, 503)
('read', 16.6, 16.6, 503)
('read', 16.6, 16.6, 503)
('ready', 16.6, 16.6, 503)
('read', 16.6, 16.6, 503)
('ready', 16.6, 16.6, 503)
('read', 16.6, 16.6, 503)
('read', 16.6, 16.6, 503)
('read', 16.6, 16.6, 503)
('read', 16.6, 16.6, 503)
('read', 16.6, 16.6, 503)
('ready', 16.6, 16.6, 503)
('ready', 16.6, 16.6, 503)
('read', 16.6, 16.6, 503)
('read', 16.6, 16.6, 503)
('read', 16.6, 16.6, 503)
('ready', 16.6, 16.6, 503)
('read', 16.6, 16.6, 503)
('read', 16.6, 16.6, 503)
('read', 16.6, 16.6, 503)
('ready', 16.6, 16.6, 503)
('read', 16.6, 16.6, 503)
('read', 16.6, 16.6, 503)
('read', 16.6, 16.6, 503)
('ready', 16.6, 16.7, 503)
('read', 16.6, 16.7, 503)
('read', 16.6, 16.7, 503)
('read', 16.6, 16.7, 503)
('ready', 16.7, 16.7, 503)
('read', 16.7, 16.7, 503)
('read', 16.7, 16.7, 503)
('read', 16.7, 16.7, 503)
('ready', 16.7, 16.7, 503)
('read', 16.7, 16.7, 503)
('read', 16.7, 16.7, 503)
('read', 16.7, 16.7, 503)
('ready', 16.7, 16.7, 503)
('read', 16.7, 16.7, 503)
('read', 16.7, 16.7, 503)
('read', 16.7, 16.7, 503)
('ready', 16.7, 16.7, 503)
('read', 16.7, 16.7, 503)
('read', 16.7, 16.7, 503)
('read', 16.7, 16.7, 503)
('ready', 16.7, 16.7, 503)
('read', 16.7, 16.7, 503)
('read', 16.7, 16.7, 503)
('read', 16.7, 16.7, 503)
('ready', 16.7, 16.7, 503)
('read', 16.7, 16.7, 503)
('read', 16.7, 16.7, 503)
('read', 16.7, 16.7, 503)
('ready', 16.7, 16.7, 503)
('read', 16.7, 16.7, 503)
('read', 16.7, 16.7, 503)
('ready', 16.7, 16.7, 503)
('read', 16.7, 16.7, 503)
('ready', 16.7, 16.7, 503)
('read', 16.7, 16.7, 503)
('read', 16.7, 16.7, 503)
('read', 16.7, 16.7, 503)
('ready', 16.7, 16.7, 503)
('ready', 16.7, 16.7, 503)
('read', 16.7, 16.7, 503)
('read', 16.7, 16.7, 503)
('read', 16.7, 16.7, 503)
('read', 16.7, 16.7, 503)
('read', 16.7, 16.7, 503)
('read', 16.7, 16.7, 503)
('ready', 16.7, 16.7, 503)
('read', 16.7, 16.7, 503)
('read', 16.7, 16.7, 503)
('ready', 16.7, 16.7, 503)
('read', 16.7, 16.7, 503)
('ready', 16.7, 16.7, 503)
('read', 16.7, 16.7, 503)
('read', 16.7, 16.7, 503)
('read', 16.7, 16.7, 503)
('read', 16.7, 16.7, 503)
('read', 16.7, 16.7, 503)
('read', 16.7, 16.7, 503)
('ready', 16.7, 16.7, 503)
('ready', 16.7, 16.7, 503)
('read', 16.7, 16.7, 503)
('read', 16.7, 16.7, 503)
('read', 16.7, 16.7, 503)
('ready', 16.7, 16.7, 503)
('read', 16.7, 16.7, 503)
('read', 16.7, 16.7, 503)
('read', 16.7, 16.7, 503)
('ready', 16.7, 16.8, 503)
('read', 16.7, 16.8, 503)
('read', 16.7, 16.8, 503)
('read', 16.7, 16.8, 503)
('ready', 16.8, 16.8, 503)
('read', 16.8, 16.8, 503)
('read', 16.8, 16.8, 503)
('read', 16.8, 16.8, 503)
('ready', 16.8, 16.8, 503)
('read', 16.8, 16.8, 503)
('read', 16.8, 16.8, 503)
('read', 16.8, 16.8, 503)
('ready', 16.8, 16.8, 503)
('read', 16.8, 16.8, 503)
('read', 16.8, 16.8, 503)
('read', 16.8, 16.8, 503)
('ready', 16.8, 16.8, 503)
('read', 16.8, 16.8, 503)
('read', 16.8, 16.8, 503)
('read', 16.8, 16.8, 503)
('ready', 16.8, 16.8, 503)
('read', 16.8, 16.8, 503)
('ready', 16.8, 16.8, 503)
('read', 16.8, 16.8, 503)
('read', 16.8, 16.8, 503)
('read', 16.8, 16.8, 503)
('ready', 16.8, 16.8, 503)
('read', 16.8, 16.8, 503)
('read', 16.8, 16.8, 503)
('read', 16.8, 16.8, 503)
('read', 16.8, 16.8, 503)
('read', 16.8, 16.8, 503)
('ready', 16.8, 16.8, 503)
('ready', 16.8, 16.8, 503)
('read', 16.8, 16.8, 503)
('read', 16.8, 16.8, 503)
('read', 16.8, 16.8, 503)
('read', 16.8, 16.8, 503)
('read', 16.8, 16.8, 503)
('ready', 16.8, 16.8, 503)
('read', 16.8, 16.8, 503)
('read', 16.8, 16.8, 503)
('read', 16.8, 16.8, 503)
('read', 16.8, 16.8, 503)
('ready', 16.8, 16.8, 503)
('read', 16.8, 16.8, 503)
('read', 16.8, 16.8, 503)
('read', 16.8, 16.8, 503)
('ready', 16.8, 16.8, 503)
('read', 16.8, 16.8, 503)
('read', 16.8, 16.8, 503)
('ready', 16.8, 16.8, 503)
('read', 16.8, 16.8, 503)
('read', 16.8, 16.8, 503)
('read', 16.8, 16.8, 503)
('read', 16.8, 16.8, 503)
('ready', 16.8, 16.8, 503)
('read', 16.8, 16.8, 503)
('read', 16.8, 16.8, 503)
('read', 16.8, 16.8, 503)
('ready', 16.8, 16.8, 503)
('read', 16.8, 16.8, 503)
('read', 16.8, 16.9, 503)
('ready', 16.8, 16.9, 503)
('read', 16.8, 16.9, 503)
('read', 16.8, 16.9, 503)
('read', 16.9, 16.9, 503)
('ready', 16.9, 16.9, 503)
('read', 16.9, 16.9, 503)
('read', 16.9, 16.9, 503)
('read', 16.9, 16.9, 503)
('read', 16.9, 16.9, 503)
('ready', 16.9, 16.9, 503)
('read', 16.9, 16.9, 503)
('read', 16.9, 16.9, 503)
('ready', 16.9, 16.9, 503)
('read', 16.9, 16.9, 503)
('read', 16.9, 16.9, 503)
('read', 16.9, 16.9, 503)
('read', 16.9, 16.9, 503)
('read', 16.9, 16.9, 503)
('ready', 16.9, 16.9, 503)
('read', 16.9, 16.9, 503)
('read', 16.9, 16.9, 503)
('ready', 16.9, 16.9, 503)
('read', 16.9, 16.9, 503)
('read', 16.9, 16.9, 503)
('read', 16.9, 16.9, 503)
('ready', 16.9, 16.9, 503)
('read', 16.9, 16.9, 503)
('read', 16.9, 16.9, 503)
('read', 16.9, 16.9, 503)
('ready', 16.9, 16.9, 503)
('read', 16.9, 16.9, 503)
('read', 16.9, 16.9, 503)
('read', 16.9, 16.9, 503)
('ready', 16.9, 16.9, 503)
('read', 16.9, 16.9, 503)
('read', 16.9, 16.9, 503)
('read', 16.9, 16.9, 503)
('read', 16.9, 16.9, 503)
('read', 16.9, 16.9, 503)
('ready', 16.9, 16.9, 503)
('read', 16.9, 16.9, 503)
('read', 16.9, 16.9, 503)
('read', 16.9, 16.9, 503)
('ready', 16.9, 16.9, 503)
('read', 16.9, 16.9, 503)
('read', 16.9, 16.9, 503)
('read', 16.9, 16.9, 503)
('ready', 16.9, 16.9, 503)
('read', 16.9, 16.9, 503)
('read', 16.9, 16.9, 503)
('read', 16.9, 16.9, 503)
('ready', 16.9, 16.9, 503)
('read', 16.9, 16.9, 503)
('read', 16.9, 16.9, 503)
('read', 16.9, 16.9, 503)
('read', 16.9, 16.9, 503)
('ready', 16.9, 16.9, 503)
('read', 16.9, 16.9, 503)
('read', 16.9, 16.9, 503)
('ready', 16.9, 16.9, 503)
('read', 16.9, 16.9, 503)
('read', 16.9, 17.0, 503)
('read', 16.9, 17.0, 503)
('read', 16.9, 17.0, 503)
('ready', 16.9, 17.0, 503)
('read', 17.0, 17.0, 503)
('read', 17.0, 17.0, 503)
('ready', 17.0, 17.0, 503)
('read', 17.0, 17.0, 503)
('read', 17.0, 17.0, 503)
('read', 17.0, 17.0, 503)
('ready', 17.0, 17.0, 503)
('read', 17.0, 17.0, 503)
('read', 17.0, 17.0, 503)
('read', 17.0, 17.0, 503)
('ready', 17.0, 17.0, 503)
('read', 17.0, 17.0, 503)
('read', 17.0, 17.0, 503)
('read', 17.0, 17.0, 503)
('read', 17.0, 17.0, 503)
('ready', 17.0, 17.0, 503)
('read', 17.0, 17.0, 503)
('read', 17.0, 17.0, 503)
('read', 17.0, 17.0, 503)
('ready', 17.0, 17.0, 503)
('read', 17.0, 17.0, 503)
('read', 17.0, 17.0, 503)
('ready', 17.0, 17.0, 503)
('read', 17.0, 17.0, 503)
('read', 17.0, 17.0, 503)
('ready', 17.0, 17.0, 503)
('read', 17.0, 17.0, 503)
('read', 17.0, 17.0, 503)
('read', 17.0, 17.0, 503)
('read', 17.0, 17.0, 503)
('ready', 17.0, 17.0, 503)
('read', 17.0, 17.0, 503)
('ready', 17.0, 17.0, 503)
('read', 17.0, 17.0, 503)
('read', 17.0, 17.0, 503)
('read', 17.0, 17.0, 503)
('read', 17.0, 17.0, 503)
('ready', 17.0, 17.0, 503)
('read', 17.0, 17.1, 503)
('read', 17.0, 17.1, 503)
('read', 17.0, 17.1, 503)
('ready', 17.0, 17.1, 503)
('read', 17.1, 17.1, 503)
('read', 17.1, 17.1, 503)
('ready', 17.1, 17.1, 503)
('read', 17.1, 17.1, 503)
('read', 17.1, 17.1, 503)
('read', 17.1, 17.1, 503)
('ready', 17.1, 17.1, 503)
('read', 17.1, 17.1, 503)
('read', 17.1, 17.1, 503)
('read', 17.1, 17.1, 503)
('ready', 17.1, 17.1, 503)
('read', 17.1, 17.1, 503)
('read', 17.1, 17.1, 503)
('ready', 17.1, 17.1, 503)
('read', 17.1, 17.1, 503)
('read', 17.1, 17.1, 503)
('ready', 17.1, 17.1, 503)
('read', 17.1, 17.1, 503)
('read', 17.1, 17.1, 503)
('ready', 17.1, 17.1, 503)
('read', 17.1, 17.1, 503)
('read', 17.1, 17.1, 503)
('read', 17.1, 17.1, 503)
('ready', 17.1, 17.1, 503)
('read', 17.1, 17.1, 503)
('read', 17.1, 17.1, 503)
('read', 17.1, 17.1, 503)
('ready', 17.1, 17.1, 503)
('read', 17.1, 17.1, 503)
('read', 17.1, 17.1, 503)
('read', 17.1, 17.1, 503)
('ready', 17.1, 17.1, 503)
('read', 17.1, 17.1, 503)
('read', 17.1, 17.1, 503)
('read', 17.1, 17.1, 503)
('ready', 17.1, 17.1, 503)
('read', 17.1, 17.1, 503)
('read', 17.1, 17.1, 503)
('read', 17.1, 17.1, 503)
('ready', 17.1, 17.1, 503)
('read', 17.1, 17.1, 503)
('read', 17.1, 17.1, 503)
('read', 17.1, 17.1, 503)
('ready', 17.1, 17.1, 503)
('read', 17.1, 17.1, 503)
('read', 17.1, 17.1, 503)
('read', 17.1, 17.1, 503)
('ready', 17.1, 17.2, 503)
('read', 17.1, 17.2, 503)
('read', 17.1, 17.2, 503)
('read', 17.1, 17.2, 503)
('ready', 17.2, 17.2, 503)
('read', 17.2, 17.2, 503)
('read', 17.2, 17.2, 503)
('read', 17.2, 17.2, 503)
('ready', 17.2, 17.2, 503)
('ready', 17.2, 17.2, 503)
('read', 17.2, 17.2, 503)
('read', 17.2, 17.2, 503)
('read', 17.2, 17.2, 503)
('ready', 17.2, 17.2, 503)
('read', 17.2, 17.2, 503)
('read', 17.2, 17.2, 503)
('read', 17.2, 17.2, 503)
('ready', 17.2, 17.2, 503)
('read', 17.2, 17.2, 503)
('read', 17.2, 17.2, 503)
('read', 17.2, 17.2, 503)
('ready', 17.2, 17.2, 503)
('read', 17.2, 17.2, 503)
('ready', 17.2, 17.2, 503)
('read', 17.2, 17.2, 503)
('read', 17.2, 17.2, 503)
('read', 17.2, 17.2, 503)
('read', 17.2, 17.2, 503)
('read', 17.2, 17.2, 503)
('ready', 17.2, 17.2, 503)
('read', 17.2, 17.2, 503)
('ready', 17.2, 17.2, 503)
('read', 17.2, 17.2, 503)
('read', 17.2, 17.2, 503)
('read', 17.2, 17.2, 503)
('read', 17.2, 17.2, 503)
('read', 17.2, 17.2, 503)
('ready', 17.2, 17.2, 503)
('read', 17.2, 17.2, 503)
('read', 17.2, 17.2, 503)
('read', 17.2, 17.2, 503)
('ready', 17.2, 17.2, 503)
('read', 17.2, 17.2, 503)
('read', 17.2, 17.2, 503)
('ready', 17.2, 17.2, 503)
('read', 17.2, 17.2, 503)
('read', 17.2, 17.2, 503)
('ready', 17.2, 17.2, 503)
('read', 17.2, 17.2, 503)
('read', 17.2, 17.2, 503)
('read', 17.2, 17.2, 503)
('ready', 17.2, 17.2, 503)
('read', 17.2, 17.2, 503)
('read', 17.2, 17.2, 503)
('read', 17.2, 17.2, 503)
('read', 17.2, 17.2, 503)
('ready', 17.2, 17.2, 503)
('read', 17.2, 17.2, 503)
('read', 17.2, 17.2, 503)
('read', 17.2, 17.2, 503)
('ready', 17.2, 17.2, 503)
('read', 17.2, 17.2, 503)
('read', 17.2, 17.2, 503)
('read', 17.2, 17.3, 503)
('read', 17.2, 17.3, 503)
('ready', 17.2, 17.3, 503)
('read', 17.2, 17.3, 503)
('read', 17.3, 17.3, 503)
('read', 17.3, 17.3, 503)
('ready', 17.3, 17.3, 503)
('read', 17.3, 17.3, 503)
('read', 17.3, 17.3, 503)
('read', 17.3, 17.3, 503)
('ready', 17.3, 17.3, 503)
('read', 17.3, 17.3, 503)
('read', 17.3, 17.3, 503)
('read', 17.3, 17.3, 503)
('ready', 17.3, 17.3, 503)
('read', 17.3, 17.3, 503)
('ready', 17.3, 17.3, 503)
('read', 17.3, 17.3, 503)
('read', 17.3, 17.3, 503)
('read', 17.3, 17.3, 503)
('read', 17.3, 17.3, 503)
('read', 17.3, 17.3, 503)
('ready', 17.3, 17.3, 503)
('read', 17.3, 17.3, 503)
('read', 17.3, 17.3, 503)
('ready', 17.3, 17.3, 503)
('read', 17.3, 17.3, 503)
('read', 17.3, 17.3, 503)
('read', 17.3, 17.3, 503)
('ready', 17.3, 17.3, 503)
('read', 17.3, 17.3, 503)
('read', 17.3, 17.3, 503)
('read', 17.3, 17.3, 503)
('ready', 17.3, 17.3, 503)
('read', 17.3, 17.3, 503)
('read', 17.3, 17.3, 503)
('read', 17.3, 17.3, 503)
('read', 17.3, 17.3, 503)
('read', 17.3, 17.3, 503)
('read', 17.3, 17.3, 503)
('ready', 17.3, 17.3, 503)
('read', 17.3, 17.3, 503)
('read', 17.3, 17.3, 503)
('read', 17.3, 17.3, 503)
('ready', 17.3, 17.3, 503)
('read', 17.3, 17.3, 503)
('read', 17.3, 17.3, 503)
('read', 17.3, 17.3, 503)
('ready', 17.3, 17.3, 503)
('ready', 17.3, 17.3, 503)
('read', 17.3, 17.3, 503)
('read', 17.3, 17.3, 503)
('read', 17.3, 17.3, 503)
('ready', 17.3, 17.3, 503)
('read', 17.3, 17.3, 503)
('read', 17.3, 17.3, 503)
('read', 17.3, 17.3, 503)
('ready', 17.3, 17.3, 503)
('read', 17.3, 17.3, 503)
('read', 17.3, 17.3, 503)
('ready', 17.3, 17.3, 503)
('read', 17.3, 17.3, 503)
('read', 17.3, 17.3, 503)
('read', 17.3, 17.3, 503)
('read', 17.3, 17.4, 503)
('ready', 17.3, 17.4, 503)
('read', 17.3, 17.4, 503)
('read', 17.3, 17.4, 503)
('ready', 17.4, 17.4, 503)
('read', 17.4, 17.4, 503)
('read', 17.4, 17.4, 503)
('read', 17.4, 17.4, 503)
('read', 17.4, 17.4, 503)
('ready', 17.4, 17.4, 503)
('read', 17.4, 17.4, 503)
('read', 17.4, 17.4, 503)
('read', 17.4, 17.4, 503)
('read', 17.4, 17.4, 503)
('read', 17.4, 17.4, 503)
('ready', 17.4, 17.4, 503)
('read', 17.4, 17.4, 503)
('ready', 17.4, 17.4, 503)
('read', 17.4, 17.4, 503)
('read', 17.4, 17.4, 503)
('read', 17.4, 17.4, 503)
('read', 17.4, 17.4, 503)
('read', 17.4, 17.4, 503)
('ready', 17.4, 17.4, 503)
('ready', 17.4, 17.4, 503)
('read', 17.4, 17.4, 503)
('read', 17.4, 17.4, 503)
('read', 17.4, 17.4, 503)
('read', 17.4, 17.4, 503)
('read', 17.4, 17.4, 503)
('read', 17.4, 17.4, 503)
('ready', 17.4, 17.4, 503)
('read', 17.4, 17.4, 503)
('read', 17.4, 17.4, 503)
('read', 17.4, 17.4, 503)
('read', 17.4, 17.4, 503)
('ready', 17.4, 17.4, 503)
('read', 17.4, 17.4, 503)
('read', 17.4, 17.4, 503)
('read', 17.4, 17.4, 503)
('ready', 17.4, 17.4, 503)
('read', 17.4, 17.4, 503)
('read', 17.4, 17.4, 503)
('read', 17.4, 17.4, 503)
('ready', 17.4, 17.4, 503)
('read', 17.4, 17.4, 503)
('read', 17.4, 17.4, 503)
('ready', 17.4, 17.4, 503)
('read', 17.4, 17.4, 503)
('read', 17.4, 17.4, 503)
('ready', 17.4, 17.4, 503)
('read', 17.4, 17.4, 503)
('read', 17.4, 17.4, 503)
('ready', 17.4, 17.4, 503)
('read', 17.4, 17.4, 503)
('read', 17.4, 17.4, 503)
('read', 17.4, 17.4, 503)
('ready', 17.4, 17.4, 503)
('read', 17.4, 17.4, 503)
('ready', 17.4, 17.4, 503)
('read', 17.4, 17.4, 503)
('read', 17.4, 17.4, 503)
('ready', 17.4, 17.4, 503)
('read', 17.4, 17.4, 503)
('read', 17.4, 17.4, 503)
('read', 17.4, 17.4, 503)
('read', 17.4, 17.5, 503)
('read', 17.4, 17.5, 503)
('ready', 17.4, 17.5, 503)
('read', 17.4, 17.5, 503)
('ready', 17.5, 17.5, 503)
('read', 17.5, 17.5, 503)
('read', 17.5, 17.5, 503)
('read', 17.5, 17.5, 503)
('ready', 17.5, 17.5, 503)
('read', 17.5, 17.5, 503)
('read', 17.5, 17.5, 503)
('read', 17.5, 17.5, 503)
('ready', 17.5, 17.5, 503)
('read', 17.5, 17.5, 503)
('read', 17.5, 17.5, 503)
('read', 17.5, 17.5, 503)
('ready', 17.5, 17.5, 503)
('read', 17.5, 17.5, 503)
('read', 17.5, 17.5, 503)
('read', 17.5, 17.5, 503)
('ready', 17.5, 17.5, 503)
('read', 17.5, 17.5, 503)
('read', 17.5, 17.5, 503)
('read', 17.5, 17.5, 503)
('ready', 17.5, 17.5, 503)
('read', 17.5, 17.5, 503)
('read', 17.5, 17.5, 503)
('read', 17.5, 17.5, 503)
('ready', 17.5, 17.5, 503)
('read', 17.5, 17.5, 503)
('read', 17.5, 17.5, 503)
('ready', 17.5, 17.5, 503)
('read', 17.5, 17.5, 503)
('ready', 17.5, 17.5, 503)
('read', 17.5, 17.5, 503)
('read', 17.5, 17.5, 503)
('read', 17.5, 17.5, 503)
('read', 17.5, 17.5, 503)
('ready', 17.5, 17.5, 503)
('read', 17.5, 17.5, 503)
('read', 17.5, 17.5, 503)
('read', 17.5, 17.5, 503)
('read', 17.5, 17.5, 503)
('read', 17.5, 17.5, 503)
('ready', 17.5, 17.5, 503)
('read', 17.5, 17.5, 503)
('read', 17.5, 17.5, 503)
('ready', 17.5, 17.5, 503)
('read', 17.5, 17.5, 503)
('read', 17.5, 17.5, 503)
('ready', 17.5, 17.5, 503)
('read', 17.5, 17.5, 503)
('read', 17.5, 17.5, 503)
('read', 17.5, 17.5, 503)
('ready', 17.5, 17.5, 503)
('read', 17.5, 17.5, 503)
('read', 17.5, 17.5, 503)
('ready', 17.5, 17.5, 503)
('read', 17.5, 17.5, 503)
('read', 17.5, 17.5, 503)
('read', 17.5, 17.5, 503)
('ready', 17.5, 17.5, 503)
('read', 17.5, 17.5, 503)
('read', 17.5, 17.5, 503)
('read', 17.5, 17.5, 503)
('ready', 17.5, 17.5, 503)
('read', 17.5, 17.6, 503)
('read', 17.5, 17.6, 503)
('ready', 17.5, 17.6, 503)
('read', 17.5, 17.6, 503)
('read', 17.6, 17.6, 503)
('read', 17.6, 17.6, 503)
('read', 17.6, 17.6, 503)
('ready', 17.6, 17.6, 503)
('read', 17.6, 17.6, 503)
('ready', 17.6, 17.6, 503)
('read', 17.6, 17.6, 503)
('read', 17.6, 17.6, 503)
('read', 17.6, 17.6, 503)
('ready', 17.6, 17.6, 503)
('read', 17.6, 17.6, 503)
('read', 17.6, 17.6, 503)
('read', 17.6, 17.6, 503)
('ready', 17.6, 17.6, 503)
('read', 17.6, 17.6, 503)
('read', 17.6, 17.6, 503)
('read', 17.6, 17.6, 503)
('ready', 17.6, 17.6, 503)
('read', 17.6, 17.6, 503)
('read', 17.6, 17.6, 503)
('read', 17.6, 17.6, 503)
('ready', 17.6, 17.6, 503)
('read', 17.6, 17.6, 503)
('read', 17.6, 17.6, 503)
('ready', 17.6, 17.6, 503)
('read', 17.6, 17.6, 503)
('read', 17.6, 17.6, 503)
('ready', 17.6, 17.6, 503)
('read', 17.6, 17.6, 503)
('read', 17.6, 17.6, 503)
('read', 17.6, 17.6, 503)
('read', 17.6, 17.6, 503)
('ready', 17.6, 17.6, 503)
('read', 17.6, 17.6, 503)
('read', 17.6, 17.6, 503)
('ready', 17.6, 17.6, 503)
('read', 17.6, 17.6, 503)
('read', 17.6, 17.6, 503)
('read', 17.6, 17.6, 503)
('read', 17.6, 17.6, 503)
('ready', 17.6, 17.6, 503)
('read', 17.6, 17.6, 503)
('read', 17.6, 17.6, 503)
('read', 17.6, 17.6, 503)
('read', 17.6, 17.6, 503)
('ready', 17.6, 17.6, 503)
('ready', 17.6, 17.6, 503)
('read', 17.6, 17.6, 503)
('read', 17.6, 17.6, 503)
('read', 17.6, 17.6, 503)
('ready', 17.6, 17.6, 503)
('read', 17.6, 17.6, 503)
('read', 17.6, 17.6, 503)
('read', 17.6, 17.6, 503)
('ready', 17.6, 17.6, 503)
('ready', 17.6, 17.6, 503)
('read', 17.6, 17.6, 503)
('read', 17.6, 17.6, 503)
('read', 17.6, 17.6, 503)
('ready', 17.6, 17.6, 503)
('read', 17.6, 17.7, 503)
('read', 17.6, 17.7, 503)
('read', 17.6, 17.7, 503)
('ready', 17.6, 17.7, 503)
('read', 17.7, 17.7, 503)
('read', 17.7, 17.7, 503)
('read', 17.7, 17.7, 503)
('ready', 17.7, 17.7, 503)
('read', 17.7, 17.7, 503)
('read', 17.7, 17.7, 503)
('ready', 17.7, 17.7, 503)
('read', 17.7, 17.7, 503)
('read', 17.7, 17.7, 503)
('ready', 17.7, 17.7, 503)
('read', 17.7, 17.7, 503)
('read', 17.7, 17.7, 503)
('read', 17.7, 17.7, 503)
('ready', 17.7, 17.7, 503)
('read', 17.7, 17.7, 503)
('read', 17.7, 17.7, 503)
('read', 17.7, 17.7, 503)
('read', 17.7, 17.7, 503)
('ready', 17.7, 17.7, 503)
('read', 17.7, 17.7, 503)
('read', 17.7, 17.7, 503)
('read', 17.7, 17.7, 503)
('read', 17.7, 17.7, 503)
('read', 17.7, 17.7, 503)
('ready', 17.7, 17.7, 503)
('read', 17.7, 17.7, 503)
('ready', 17.7, 17.7, 503)
('read', 17.7, 17.7, 503)
('read', 17.7, 17.7, 503)
('read', 17.7, 17.7, 503)
('ready', 17.7, 17.7, 503)
('read', 17.7, 17.7, 503)
('read', 17.7, 17.7, 503)
('read', 17.7, 17.7, 503)
('ready', 17.7, 17.7, 503)
('read', 17.7, 17.7, 503)
('read', 17.7, 17.7, 503)
('read', 17.7, 17.7, 503)
('read', 17.7, 17.7, 503)
('read', 17.7, 17.7, 503)
('read', 17.7, 17.7, 503)
('ready', 17.7, 17.7, 503)
('read', 17.7, 17.7, 503)
('read', 17.7, 17.7, 503)
('read', 17.7, 17.7, 503)
('ready', 17.7, 17.7, 503)
('ready', 17.7, 17.7, 503)
('read', 17.7, 17.7, 503)
('read', 17.7, 17.7, 503)
('read', 17.7, 17.7, 503)
('read', 17.7, 17.7, 503)
('ready', 17.7, 17.7, 503)
('read', 17.7, 17.7, 503)
('read', 17.7, 17.7, 503)
('read', 17.7, 17.7, 503)
('read', 17.7, 17.7, 503)
('ready', 17.7, 17.7, 503)
('read', 17.7, 17.7, 503)
('read', 17.7, 17.7, 503)
('read', 17.7, 17.8, 503)
('read', 17.7, 17.8, 503)
('ready', 17.7, 17.8, 503)
('read', 17.7, 17.8, 503)
('read', 17.8, 17.8, 503)
('read', 17.8, 17.8, 503)
('ready', 17.8, 17.8, 503)
('read', 17.8, 17.8, 503)
('read', 17.8, 17.8, 503)
('ready', 17.8, 17.8, 503)
('read', 17.8, 17.8, 503)
('read', 17.8, 17.8, 503)
('read', 17.8, 17.8, 503)
('ready', 17.8, 17.8, 503)
('read', 17.8, 17.8, 503)
('read', 17.8, 17.8, 503)
('read', 17.8, 17.8, 503)
('ready', 17.8, 17.8, 503)
('read', 17.8, 17.8, 503)
('read', 17.8, 17.8, 503)
('read', 17.8, 17.8, 503)
('ready', 17.8, 17.8, 503)
('read', 17.8, 17.8, 503)
('read', 17.8, 17.8, 503)
('ready', 17.8, 17.8, 503)
('read', 17.8, 17.8, 503)
('ready', 17.8, 17.8, 503)
('read', 17.8, 17.8, 503)
('read', 17.8, 17.8, 503)
('read', 17.8, 17.8, 503)
('ready', 17.8, 17.8, 503)
('read', 17.8, 17.8, 503)
('ready', 17.8, 17.8, 503)
('read', 17.8, 17.8, 503)
('read', 17.8, 17.8, 503)
('ready', 17.8, 17.8, 503)
('read', 17.8, 17.8, 503)
('read', 17.8, 17.8, 503)
('read', 17.8, 17.8, 503)
('ready', 17.8, 17.8, 503)
('read', 17.8, 17.8, 503)
('read', 17.8, 17.8, 503)
('read', 17.8, 17.8, 503)
('ready', 17.8, 17.8, 503)
('read', 17.8, 17.8, 503)
('read', 17.8, 17.8, 503)
('ready', 17.8, 17.8, 503)
('read', 17.8, 17.8, 503)
('read', 17.8, 17.8, 503)
('read', 17.8, 17.8, 503)
('read', 17.8, 17.8, 503)
('ready', 17.8, 17.8, 503)
('read', 17.8, 17.8, 503)
('read', 17.8, 17.8, 503)
('read', 17.8, 17.8, 503)
('ready', 17.8, 17.8, 503)
('read', 17.8, 17.8, 503)
('read', 17.8, 17.8, 503)
('read', 17.8, 17.8, 503)
('ready', 17.8, 17.8, 503)
('read', 17.8, 17.8, 503)
('read', 17.8, 17.9, 503)
('read', 17.8, 17.9, 503)
('read', 17.8, 17.9, 503)
('ready', 17.8, 17.9, 503)
('ready', 17.9, 17.9, 503)
('read', 17.9, 17.9, 503)
('read', 17.9, 17.9, 503)
('read', 17.9, 17.9, 503)
('ready', 17.9, 17.9, 503)
('read', 17.9, 17.9, 503)
('read', 17.9, 17.9, 503)
('read', 17.9, 17.9, 503)
('ready', 17.9, 17.9, 503)
('read', 17.9, 17.9, 503)
('ready', 17.9, 17.9, 503)
('read', 17.9, 17.9, 503)
('read', 17.9, 17.9, 503)
('read', 17.9, 17.9, 503)
('read', 17.9, 17.9, 503)
('read', 17.9, 17.9, 503)
('ready', 17.9, 17.9, 503)
('read', 17.9, 17.9, 503)
('ready', 17.9, 17.9, 503)
('read', 17.9, 17.9, 503)
('read', 17.9, 17.9, 503)
('read', 17.9, 17.9, 503)
('ready', 17.9, 17.9, 503)
('read', 17.9, 17.9, 503)
('read', 17.9, 17.9, 503)
('read', 17.9, 17.9, 503)
('ready', 17.9, 17.9, 503)
('read', 17.9, 17.9, 503)
('read', 17.9, 17.9, 503)
('read', 17.9, 17.9, 503)
('ready', 17.9, 17.9, 503)
('read', 17.9, 17.9, 503)
('read', 17.9, 17.9, 503)
('read', 17.9, 17.9, 503)
('ready', 17.9, 17.9, 503)
('ready', 17.9, 17.9, 503)
('read', 17.9, 17.9, 503)
('read', 17.9, 17.9, 503)
('read', 17.9, 17.9, 503)
('ready', 17.9, 17.9, 503)
('read', 17.9, 17.9, 503)
('read', 17.9, 17.9, 503)
('read', 17.9, 17.9, 503)
('read', 17.9, 17.9, 503)
('ready', 17.9, 17.9, 503)
('read', 17.9, 17.9, 503)
('read', 17.9, 17.9, 503)
('read', 17.9, 17.9, 503)
('read', 17.9, 17.9, 503)
('read', 17.9, 17.9, 503)
('ready', 17.9, 17.9, 503)
('read', 17.9, 17.9, 503)
('read', 17.9, 17.9, 503)
('read', 17.9, 17.9, 503)
('ready', 17.9, 17.9, 503)
('read', 17.9, 17.9, 503)
('read', 17.9, 17.9, 503)
('read', 17.9, 17.9, 503)
('ready', 17.9, 17.9, 503)
('ready', 17.9, 17.9, 503)
('read', 17.9, 17.9, 503)
('read', 17.9, 17.9, 503)
('read', 17.9, 17.9, 503)
('ready', 17.9, 18.0, 503)
('read', 17.9, 18.0, 503)
('read', 17.9, 18.0, 503)
('read', 17.9, 18.0, 503)
('ready', 18.0, 18.0, 503)
('read', 18.0, 18.0, 503)
('read', 18.0, 18.0, 503)
('read', 18.0, 18.0, 503)
('ready', 18.0, 18.0, 503)
('read', 18.0, 18.0, 503)
('read', 18.0, 18.0, 503)
('ready', 18.0, 18.0, 503)
('read', 18.0, 18.0, 503)
('read', 18.0, 18.0, 503)
('ready', 18.0, 18.0, 503)
('read', 18.0, 18.0, 503)
('read', 18.0, 18.0, 503)
('read', 18.0, 18.0, 503)
('read', 18.0, 18.0, 503)
('ready', 18.0, 18.0, 503)
('read', 18.0, 18.0, 503)
('read', 18.0, 18.0, 503)
('read', 18.0, 18.0, 503)
('read', 18.0, 18.0, 503)
('ready', 18.0, 18.0, 503)
('read', 18.0, 18.0, 503)
('ready', 18.0, 18.0, 503)
('read', 18.0, 18.0, 503)
('read', 18.0, 18.0, 503)
('read', 18.0, 18.0, 503)
('ready', 18.0, 18.0, 503)
('read', 18.0, 18.0, 503)
('read', 18.0, 18.0, 503)
('read', 18.0, 18.0, 503)
('ready', 18.0, 18.0, 503)
('read', 18.0, 18.0, 503)
('read', 18.0, 18.0, 503)
('read', 18.0, 18.0, 503)
('ready', 18.0, 18.0, 503)
('read', 18.0, 18.0, 503)
('read', 18.0, 18.0, 503)
('ready', 18.0, 18.0, 503)
('read', 18.0, 18.0, 503)
('read', 18.0, 18.0, 503)
('read', 18.0, 18.0, 503)
('read', 18.0, 18.0, 503)
('ready', 18.0, 18.0, 503)
('read', 18.0, 18.0, 503)
('read', 18.0, 18.0, 503)
('ready', 18.0, 18.0, 503)
('read', 18.0, 18.0, 503)
('read', 18.0, 18.0, 503)
('read', 18.0, 18.0, 503)
('read', 18.0, 18.0, 503)
('ready', 18.0, 18.0, 503)
('read', 18.0, 18.0, 503)
('ready', 18.0, 18.0, 503)
('read', 18.0, 18.0, 503)
('read', 18.0, 18.0, 503)
('read', 18.0, 18.0, 503)
('read', 18.0, 18.0, 503)
('ready', 18.0, 18.1, 503)
('read', 18.0, 18.1, 503)
('read', 18.0, 18.1, 503)
('read', 18.0, 18.1, 503)
('read', 18.1, 18.1, 503)
('ready', 18.1, 18.1, 503)
('read', 18.1, 18.1, 503)
('read', 18.1, 18.1, 503)
('read', 18.1, 18.1, 503)
('ready', 18.1, 18.1, 503)
('read', 18.1, 18.1, 503)
('read', 18.1, 18.1, 503)
('read', 18.1, 18.1, 503)
('read', 18.1, 18.1, 503)
('ready', 18.1, 18.1, 503)
('read', 18.1, 18.1, 503)
('read', 18.1, 18.1, 503)
('read', 18.1, 18.1, 503)
('ready', 18.1, 18.1, 503)
('read', 18.1, 18.1, 503)
('read', 18.1, 18.1, 503)
('read', 18.1, 18.1, 503)
('read', 18.1, 18.1, 503)
('ready', 18.1, 18.1, 503)
('read', 18.1, 18.1, 503)
('ready', 18.1, 18.1, 503)
('read', 18.1, 18.1, 503)
('read', 18.1, 18.1, 503)
('read', 18.1, 18.1, 503)
('ready', 18.1, 18.1, 503)
('read', 18.1, 18.1, 503)
('read', 18.1, 18.1, 503)
('read', 18.1, 18.1, 503)
('read', 18.1, 18.1, 503)
('ready', 18.1, 18.1, 503)
('read', 18.1, 18.1, 503)
('read', 18.1, 18.1, 503)
('read', 18.1, 18.1, 503)
('read', 18.1, 18.1, 503)
('ready', 18.1, 18.1, 503)
('read', 18.1, 18.1, 503)
('read', 18.1, 18.1, 503)
('ready', 18.1, 18.1, 503)
('read', 18.1, 18.2, 503)
('read', 18.1, 18.2, 503)
('read', 18.1, 18.2, 503)
('ready', 18.1, 18.2, 503)
('read', 18.2, 18.2, 503)
('read', 18.2, 18.2, 503)
('read', 18.2, 18.2, 503)
('read', 18.2, 18.2, 503)
('read', 18.2, 18.2, 503)
('ready', 18.2, 18.2, 503)
('read', 18.2, 18.2, 503)
('read', 18.2, 18.2, 503)
('read', 18.2, 18.2, 503)
('ready', 18.2, 18.2, 503)
('read', 18.2, 18.2, 503)
('read', 18.2, 18.2, 503)
('ready', 18.2, 18.2, 503)
('read', 18.2, 18.2, 503)
('read', 18.2, 18.2, 503)
('read', 18.2, 18.2, 503)
('ready', 18.2, 18.2, 503)
('read', 18.2, 18.2, 503)
('read', 18.2, 18.2, 503)
('read', 18.2, 18.2, 503)
('read', 18.2, 18.2, 503)
('read', 18.2, 18.2, 503)
('ready', 18.2, 18.2, 503)
('read', 18.2, 18.2, 503)
('read', 18.2, 18.2, 503)
('read', 18.2, 18.2, 503)
('read', 18.2, 18.2, 503)
('ready', 18.2, 18.2, 503)
('read', 18.2, 18.2, 503)
('read', 18.2, 18.2, 503)
('ready', 18.2, 18.2, 503)
('read', 18.2, 18.2, 503)
('read', 18.2, 18.2, 503)
('read', 18.2, 18.2, 503)
('ready', 18.2, 18.2, 503)
('read', 18.2, 18.2, 503)
('read', 18.2, 18.2, 503)
('read', 18.2, 18.2, 503)
('ready', 18.2, 18.2, 503)
('read', 18.2, 18.2, 503)
('read', 18.2, 18.2, 503)
('read', 18.2, 18.2, 503)
('ready', 18.2, 18.2, 503)
('read', 18.2, 18.2, 503)
('read', 18.2, 18.2, 503)
('read', 18.2, 18.2, 503)
('ready', 18.2, 18.2, 503)
('read', 18.2, 18.2, 503)
('read', 18.2, 18.2, 503)
('read', 18.2, 18.3, 503)
('ready', 18.2, 18.3, 503)
('read', 18.2, 18.3, 503)
('read', 18.2, 18.3, 503)
('ready', 18.3, 18.3, 503)
('read', 18.3, 18.3, 503)
('read', 18.3, 18.3, 503)
('read', 18.3, 18.3, 503)
('ready', 18.3, 18.3, 503)
('read', 18.3, 18.3, 503)
('read', 18.3, 18.3, 503)
('read', 18.3, 18.3, 503)
('ready', 18.3, 18.3, 503)
('read', 18.3, 18.3, 503)
('read', 18.3, 18.3, 503)
('read', 18.3, 18.3, 503)
('read', 18.3, 18.3, 503)
('ready', 18.3, 18.3, 503)
('read', 18.3, 18.3, 503)
('read', 18.3, 18.3, 503)
('read', 18.3, 18.3, 503)
('ready', 18.3, 18.3, 503)
('read', 18.3, 18.3, 503)
('read', 18.3, 18.3, 503)
('ready', 18.3, 18.3, 503)
('read', 18.3, 18.3, 503)
('read', 18.3, 18.3, 503)
('read', 18.3, 18.3, 503)
('read', 18.3, 18.3, 503)
('ready', 18.3, 18.3, 503)
('read', 18.3, 18.3, 503)
('read', 18.3, 18.3, 503)
('read', 18.3, 18.3, 503)
('ready', 18.3, 18.3, 503)
('read', 18.3, 18.3, 503)
('read', 18.3, 18.3, 503)
('ready', 18.3, 18.3, 503)
('read', 18.3, 18.3, 503)
('read', 18.3, 18.3, 503)
('read', 18.3, 18.3, 503)
('ready', 18.3, 18.3, 503)
('read', 18.3, 18.3, 503)
('read', 18.3, 18.3, 503)
('read', 18.3, 18.3, 503)
('ready', 18.3, 18.3, 503)
('read', 18.3, 18.3, 503)
('read', 18.3, 18.3, 503)
('read', 18.3, 18.3, 503)
('read', 18.3, 18.3, 503)
('ready', 18.3, 18.3, 503)
('read', 18.3, 18.3, 503)
('read', 18.3, 18.3, 503)
('ready', 18.3, 18.3, 503)
('read', 18.3, 18.3, 503)
('read', 18.3, 18.3, 503)
('read', 18.3, 18.3, 503)
('read', 18.3, 18.3, 503)
('ready', 18.3, 18.3, 503)
('read', 18.3, 18.3, 503)
('read', 18.3, 18.3, 503)
('ready', 18.3, 18.4, 503)
('read', 18.3, 18.4, 503)
('read', 18.3, 18.4, 503)
('read', 18.3, 18.4, 503)
('ready', 18.4, 18.4, 503)
('read', 18.4, 18.4, 503)
('read', 18.4, 18.4, 503)
('ready', 18.4, 18.4, 503)
('read', 18.4, 18.4, 503)
('read', 18.4, 18.4, 503)
('read', 18.4, 18.4, 503)
('ready', 18.4, 18.4, 503)
('ready', 18.4, 18.4, 503)
('read', 18.4, 18.4, 503)
('read', 18.4, 18.4, 503)
('read', 18.4, 18.4, 503)
('ready', 18.4, 18.4, 503)
('read', 18.4, 18.4, 503)
('read', 18.4, 18.4, 503)
('read', 18.4, 18.4, 503)
('ready', 18.4, 18.4, 503)
('read', 18.4, 18.4, 503)
('read', 18.4, 18.4, 503)
('read', 18.4, 18.4, 503)
('ready', 18.4, 18.4, 503)
('read', 18.4, 18.4, 503)
('read', 18.4, 18.4, 503)
('ready', 18.4, 18.4, 503)
('read', 18.4, 18.4, 503)
('read', 18.4, 18.4, 503)
('read', 18.4, 18.4, 503)
('read', 18.4, 18.4, 503)
('ready', 18.4, 18.4, 503)
('read', 18.4, 18.4, 503)
('read', 18.4, 18.4, 503)
('ready', 18.4, 18.4, 503)
('read', 18.4, 18.4, 503)
('read', 18.4, 18.4, 503)
('ready', 18.4, 18.4, 503)
('read', 18.4, 18.4, 503)
('read', 18.4, 18.4, 503)
('read', 18.4, 18.4, 503)
('ready', 18.4, 18.4, 503)
('read', 18.4, 18.4, 503)
('read', 18.4, 18.4, 503)
('read', 18.4, 18.4, 503)
('ready', 18.4, 18.4, 503)
('read', 18.4, 18.4, 503)
('read', 18.4, 18.4, 503)
('read', 18.4, 18.4, 503)
('ready', 18.4, 18.4, 503)
('read', 18.4, 18.4, 503)
('read', 18.4, 18.4, 503)
('read', 18.4, 18.4, 503)
('ready', 18.4, 18.4, 503)
('read', 18.4, 18.4, 503)
('read', 18.4, 18.4, 503)
('read', 18.4, 18.4, 503)
('ready', 18.4, 18.4, 503)
('read', 18.4, 18.4, 503)
('ready', 18.4, 18.5, 503)
('read', 18.4, 18.5, 503)
('read', 18.4, 18.5, 503)
('read', 18.4, 18.5, 503)
('read', 18.5, 18.5, 503)
('read', 18.5, 18.5, 503)
('ready', 18.5, 18.5, 503)
('read', 18.5, 18.5, 503)
('read', 18.5, 18.5, 503)
('read', 18.5, 18.5, 503)
('ready', 18.5, 18.5, 503)
('read', 18.5, 18.5, 503)
('read', 18.5, 18.5, 503)
('read', 18.5, 18.5, 503)
('read', 18.5, 18.5, 503)
('ready', 18.5, 18.5, 503)
('read', 18.5, 18.5, 503)
('ready', 18.5, 18.5, 503)
('read', 18.5, 18.5, 503)
('read', 18.5, 18.5, 503)
('read', 18.5, 18.5, 503)
('read', 18.5, 18.5, 503)
('ready', 18.5, 18.5, 503)
('read', 18.5, 18.5, 503)
('read', 18.5, 18.5, 503)
('read', 18.5, 18.5, 503)
('read', 18.5, 18.5, 503)
('ready', 18.5, 18.5, 503)
('read', 18.5, 18.5, 503)
('ready', 18.5, 18.5, 503)
('read', 18.5, 18.5, 503)
('read', 18.5, 18.5, 503)
('read', 18.5, 18.5, 503)
('read', 18.5, 18.5, 503)
('read', 18.5, 18.5, 503)
('ready', 18.5, 18.5, 503)
('read', 18.5, 18.5, 503)
('read', 18.5, 18.5, 503)
('read', 18.5, 18.5, 503)
('read', 18.5, 18.5, 503)
('ready', 18.5, 18.5, 503)
('ready', 18.5, 18.5, 503)
('read', 18.5, 18.5, 503)
('read', 18.5, 18.5, 503)
('read', 18.5, 18.5, 503)
('ready', 18.5, 18.5, 503)
('read', 18.5, 18.5, 503)
('read', 18.5, 18.5, 503)
('read', 18.5, 18.5, 503)
('ready', 18.5, 18.5, 503)
('read', 18.5, 18.5, 503)
('read', 18.5, 18.5, 503)
('read', 18.5, 18.5, 503)
('ready', 18.5, 18.5, 503)
('read', 18.5, 18.5, 503)
('read', 18.5, 18.5, 503)
('read', 18.5, 18.5, 503)
('ready', 18.5, 18.5, 503)
('read', 18.5, 18.6, 503)
('read', 18.5, 18.6, 503)
('read', 18.5, 18.6, 503)
('ready', 18.5, 18.6, 503)
('read', 18.6, 18.6, 503)
('read', 18.6, 18.6, 503)
('read', 18.6, 18.6, 503)
('ready', 18.6, 18.6, 503)
('read', 18.6, 18.6, 503)
('read', 18.6, 18.6, 503)
('read', 18.6, 18.6, 503)
('ready', 18.6, 18.6, 503)
('read', 18.6, 18.6, 503)
('ready', 18.6, 18.6, 503)
('read', 18.6, 18.6, 503)
('read', 18.6, 18.6, 503)
('read', 18.6, 18.6, 503)
('read', 18.6, 18.6, 503)
('read', 18.6, 18.6, 503)
('read', 18.6, 18.6, 503)
('ready', 18.6, 18.6, 503)
('read', 18.6, 18.6, 503)
('read', 18.6, 18.6, 503)
('read', 18.6, 18.6, 503)
('ready', 18.6, 18.6, 503)
('read', 18.6, 18.6, 503)
('read', 18.6, 18.6, 503)
('read', 18.6, 18.6, 503)
('ready', 18.6, 18.6, 503)
('ready', 18.6, 18.6, 503)
('read', 18.6, 18.6, 503)
('read', 18.6, 18.6, 503)
('read', 18.6, 18.6, 503)
('read', 18.6, 18.6, 503)
('read', 18.6, 18.6, 503)
('read', 18.6, 18.6, 503)
('ready', 18.6, 18.6, 503)
('read', 18.6, 18.6, 503)
('read', 18.6, 18.6, 503)
('read', 18.6, 18.6, 503)
('ready', 18.6, 18.6, 503)
('ready', 18.6, 18.6, 503)
('read', 18.6, 18.6, 503)
('read', 18.6, 18.6, 503)
('read', 18.6, 18.6, 503)
('ready', 18.6, 18.6, 503)
('read', 18.6, 18.6, 503)
('read', 18.6, 18.6, 503)
('read', 18.6, 18.6, 503)
('ready', 18.6, 18.6, 503)
('ready', 18.6, 18.6, 503)
('read', 18.6, 18.6, 503)
('read', 18.6, 18.6, 503)
('read', 18.6, 18.6, 503)
('read', 18.6, 18.6, 503)
('read', 18.6, 18.6, 503)
('ready', 18.6, 18.6, 503)
('read', 18.6, 18.6, 503)
('read', 18.6, 18.6, 503)
('ready', 18.6, 18.6, 503)
('read', 18.6, 18.6, 503)
('read', 18.6, 18.6, 503)
('ready', 18.6, 18.6, 503)
('read', 18.6, 18.6, 503)
('read', 18.6, 18.6, 503)
('read', 18.6, 18.6, 503)
('ready', 18.6, 18.7, 503)
('read', 18.6, 18.7, 503)
('read', 18.6, 18.7, 503)
('read', 18.6, 18.7, 503)
('ready', 18.7, 18.7, 503)
('read', 18.7, 18.7, 503)
('read', 18.7, 18.7, 503)
('read', 18.7, 18.7, 503)
('ready', 18.7, 18.7, 503)
('read', 18.7, 18.7, 503)
('read', 18.7, 18.7, 503)
('read', 18.7, 18.7, 503)
('ready', 18.7, 18.7, 503)
('read', 18.7, 18.7, 503)
('read', 18.7, 18.7, 503)
('read', 18.7, 18.7, 503)
('ready', 18.7, 18.7, 503)
('read', 18.7, 18.7, 503)
('read', 18.7, 18.7, 503)
('read', 18.7, 18.7, 503)
('ready', 18.7, 18.7, 503)
('read', 18.7, 18.7, 503)
('read', 18.7, 18.7, 503)
('read', 18.7, 18.7, 503)
('ready', 18.7, 18.7, 503)
('ready', 18.7, 18.7, 503)
('read', 18.7, 18.7, 503)
('read', 18.7, 18.7, 503)
('read', 18.7, 18.7, 503)
('ready', 18.7, 18.7, 503)
('read', 18.7, 18.7, 503)
('read', 18.7, 18.7, 503)
('read', 18.7, 18.7, 503)
('ready', 18.7, 18.7, 503)
('read', 18.7, 18.7, 503)
('read', 18.7, 18.7, 503)
('read', 18.7, 18.7, 503)
('read', 18.7, 18.7, 503)
('read', 18.7, 18.7, 503)
('ready', 18.7, 18.7, 503)
('read', 18.7, 18.7, 503)
('read', 18.7, 18.7, 503)
('read', 18.7, 18.7, 503)
('read', 18.7, 18.7, 503)
('read', 18.7, 18.7, 503)
('ready', 18.7, 18.7, 503)
('read', 18.7, 18.7, 503)
('ready', 18.7, 18.7, 503)
('read', 18.7, 18.7, 503)
('read', 18.7, 18.7, 503)
('ready', 18.7, 18.7, 503)
('read', 18.7, 18.7, 503)
('read', 18.7, 18.7, 503)
('read', 18.7, 18.7, 503)
('ready', 18.7, 18.7, 503)
('read', 18.7, 18.7, 503)
('read', 18.7, 18.7, 503)
('read', 18.7, 18.7, 503)
('read', 18.7, 18.7, 503)
('read', 18.7, 18.7, 503)
('ready', 18.7, 18.7, 503)
('read', 18.7, 18.7, 503)
('read', 18.7, 18.8, 503)
('ready', 18.7, 18.8, 503)
('read', 18.7, 18.8, 503)
('read', 18.7, 18.8, 503)
('read', 18.8, 18.8, 503)
('ready', 18.8, 18.8, 503)
('read', 18.8, 18.8, 503)
('read', 18.8, 18.8, 503)
('read', 18.8, 18.8, 503)
('ready', 18.8, 18.8, 503)
('read', 18.8, 18.8, 503)
('read', 18.8, 18.8, 503)
('read', 18.8, 18.8, 503)
('read', 18.8, 18.8, 503)
('ready', 18.8, 18.8, 503)
('read', 18.8, 18.8, 503)
('read', 18.8, 18.8, 503)
('ready', 18.8, 18.8, 503)
('read', 18.8, 18.8, 503)
('read', 18.8, 18.8, 503)
('ready', 18.8, 18.8, 503)
('read', 18.8, 18.8, 503)
('read', 18.8, 18.8, 503)
('read', 18.8, 18.8, 503)
('ready', 18.8, 18.8, 503)
('ready', 18.8, 18.8, 503)
('read', 18.8, 18.8, 503)
('read', 18.8, 18.8, 503)
('read', 18.8, 18.8, 503)
('read', 18.8, 18.8, 503)
('read', 18.8, 18.8, 503)
('read', 18.8, 18.8, 503)
('ready', 18.8, 18.8, 503)
('read', 18.8, 18.8, 503)
('read', 18.8, 18.8, 503)
('read', 18.8, 18.8, 503)
('ready', 18.8, 18.8, 503)
('read', 18.8, 18.8, 503)
('ready', 18.8, 18.8, 503)
('read', 18.8, 18.8, 503)
('read', 18.8, 18.8, 503)
('read', 18.8, 18.8, 503)
('ready', 18.8, 18.8, 503)
('read', 18.8, 18.8, 503)
('read', 18.8, 18.8, 503)
('read', 18.8, 18.8, 503)
('ready', 18.8, 18.8, 503)
('read', 18.8, 18.8, 503)
('read', 18.8, 18.8, 503)
('read', 18.8, 18.8, 503)
('read', 18.8, 18.8, 503)
('read', 18.8, 18.8, 503)
('ready', 18.8, 18.8, 503)
('read', 18.8, 18.8, 503)
('ready', 18.8, 18.8, 503)
('read', 18.8, 18.8, 503)
('read', 18.8, 18.8, 503)
('read', 18.8, 18.8, 503)
('read', 18.8, 18.8, 503)
('ready', 18.8, 18.8, 503)
('read', 18.8, 18.8, 503)
('read', 18.8, 18.8, 503)
('read', 18.8, 18.8, 503)
('read', 18.8, 18.8, 503)
('ready', 18.8, 18.8, 503)
('read', 18.8, 18.9, 503)
('read', 18.8, 18.9, 503)
('ready', 18.8, 18.9, 503)
('read', 18.8, 18.9, 503)
('read', 18.9, 18.9, 503)
('read', 18.9, 18.9, 503)
('read', 18.9, 18.9, 503)
('read', 18.9, 18.9, 503)
('ready', 18.9, 18.9, 503)
('read', 18.9, 18.9, 503)
('read', 18.9, 18.9, 503)
('read', 18.9, 18.9, 503)
('ready', 18.9, 18.9, 503)
('read', 18.9, 18.9, 503)
('read', 18.9, 18.9, 503)
('read', 18.9, 18.9, 503)
('ready', 18.9, 18.9, 503)
('read', 18.9, 18.9, 503)
('read', 18.9, 18.9, 503)
('read', 18.9, 18.9, 503)
('ready', 18.9, 18.9, 503)
('read', 18.9, 18.9, 503)
('read', 18.9, 18.9, 503)
('ready', 18.9, 18.9, 503)
('read', 18.9, 18.9, 503)
('read', 18.9, 18.9, 503)
('read', 18.9, 18.9, 503)
('ready', 18.9, 18.9, 503)
('read', 18.9, 18.9, 503)
('read', 18.9, 18.9, 503)
('ready', 18.9, 18.9, 503)
('read', 18.9, 18.9, 503)
('read', 18.9, 18.9, 503)
('read', 18.9, 18.9, 503)
('read', 18.9, 18.9, 503)
('read', 18.9, 18.9, 503)
('ready', 18.9, 18.9, 503)
('read', 18.9, 18.9, 503)
('read', 18.9, 18.9, 503)
('read', 18.9, 18.9, 503)
('ready', 18.9, 18.9, 503)
('read', 18.9, 18.9, 503)
('ready', 18.9, 18.9, 503)
('read', 18.9, 18.9, 503)
('read', 18.9, 18.9, 503)
('read', 18.9, 18.9, 503)
('read', 18.9, 18.9, 503)
('read', 18.9, 18.9, 503)
('ready', 18.9, 18.9, 503)
('read', 18.9, 18.9, 503)
('read', 18.9, 18.9, 503)
('read', 18.9, 18.9, 503)
('ready', 18.9, 18.9, 503)
('read', 18.9, 18.9, 503)
('read', 18.9, 18.9, 503)
('read', 18.9, 18.9, 503)
('ready', 18.9, 18.9, 503)
('read', 18.9, 18.9, 503)
('ready', 18.9, 18.9, 503)
('read', 18.9, 18.9, 503)
('read', 18.9, 18.9, 503)
('read', 18.9, 18.9, 503)
('ready', 18.9, 19.0, 503)
('read', 18.9, 19.0, 503)
('read', 18.9, 19.0, 503)
('read', 18.9, 19.0, 503)
('read', 19.0, 19.0, 503)
('ready', 19.0, 19.0, 503)
('read', 19.0, 19.0, 503)
('read', 19.0, 19.0, 503)
('ready', 19.0, 19.0, 503)
('read', 19.0, 19.0, 503)
('read', 19.0, 19.0, 503)
('read', 19.0, 19.0, 503)
('ready', 19.0, 19.0, 503)
('read', 19.0, 19.0, 503)
('read', 19.0, 19.0, 503)
('read', 19.0, 19.0, 503)
('ready', 19.0, 19.0, 503)
('read', 19.0, 19.0, 503)
('read', 19.0, 19.0, 503)
('ready', 19.0, 19.0, 503)
('read', 19.0, 19.0, 503)
('read', 19.0, 19.0, 503)
('read', 19.0, 19.0, 503)
('read', 19.0, 19.0, 503)
('read', 19.0, 19.0, 503)
('ready', 19.0, 19.0, 503)
('read', 19.0, 19.0, 503)
('ready', 19.0, 19.0, 503)
('read', 19.0, 19.0, 503)
('read', 19.0, 19.0, 503)
('read', 19.0, 19.0, 503)
('ready', 19.0, 19.0, 503)
('read', 19.0, 19.0, 503)
('read', 19.0, 19.0, 503)
('read', 19.0, 19.0, 503)
('read', 19.0, 19.0, 503)
('ready', 19.0, 19.0, 503)
('read', 19.0, 19.0, 503)
('read', 19.0, 19.0, 503)
('read', 19.0, 19.0, 503)
('ready', 19.0, 19.0, 503)
('read', 19.0, 19.0, 503)
('read', 19.0, 19.0, 503)
('read', 19.0, 19.0, 503)
('ready', 19.0, 19.0, 503)
('read', 19.0, 19.0, 503)
('read', 19.0, 19.0, 503)
('ready', 19.0, 19.0, 503)
('read', 19.0, 19.0, 503)
('read', 19.0, 19.0, 503)
('read', 19.0, 19.0, 503)
('read', 19.0, 19.0, 503)
('ready', 19.0, 19.0, 503)
('read', 19.0, 19.0, 503)
('read', 19.0, 19.0, 503)
('read', 19.0, 19.0, 503)
('ready', 19.0, 19.0, 503)
('read', 19.0, 19.0, 503)
('read', 19.0, 19.1, 503)
('ready', 19.0, 19.1, 503)
('read', 19.0, 19.1, 503)
('read', 19.0, 19.1, 503)
('ready', 19.1, 19.1, 503)
('read', 19.1, 19.1, 503)
('read', 19.1, 19.1, 503)
('read', 19.1, 19.1, 503)
('read', 19.1, 19.1, 503)
('read', 19.1, 19.1, 503)
('read', 19.1, 19.1, 503)
('ready', 19.1, 19.1, 503)
('read', 19.1, 19.1, 503)
('read', 19.1, 19.1, 503)
('read', 19.1, 19.1, 503)
('ready', 19.1, 19.1, 503)
('read', 19.1, 19.1, 503)
('read', 19.1, 19.1, 503)
('read', 19.1, 19.1, 503)
('ready', 19.1, 19.1, 503)
('read', 19.1, 19.1, 503)
('read', 19.1, 19.1, 503)
('read', 19.1, 19.1, 503)
('ready', 19.1, 19.1, 503)
('read', 19.1, 19.1, 503)
('read', 19.1, 19.1, 503)
('read', 19.1, 19.1, 503)
('ready', 19.1, 19.1, 503)
('read', 19.1, 19.1, 503)
('read', 19.1, 19.1, 503)
('read', 19.1, 19.1, 503)
('ready', 19.1, 19.1, 503)
('read', 19.1, 19.1, 503)
('read', 19.1, 19.1, 503)
('read', 19.1, 19.1, 503)
('read', 19.1, 19.1, 503)
('ready', 19.1, 19.1, 503)
('read', 19.1, 19.1, 503)
('read', 19.1, 19.1, 503)
('read', 19.1, 19.1, 503)
('ready', 19.1, 19.1, 503)
('read', 19.1, 19.1, 503)
('read', 19.1, 19.1, 503)
('read', 19.1, 19.1, 503)
('ready', 19.1, 19.1, 503)
('read', 19.1, 19.1, 503)
('read', 19.1, 19.1, 503)
('ready', 19.1, 19.1, 503)
('read', 19.1, 19.1, 503)
('read', 19.1, 19.1, 503)
('read', 19.1, 19.1, 503)
('read', 19.1, 19.1, 503)
('ready', 19.1, 19.1, 503)
('read', 19.1, 19.1, 503)
('read', 19.1, 19.1, 503)
('read', 19.1, 19.1, 503)
('ready', 19.1, 19.1, 503)
('read', 19.1, 19.1, 503)
('read', 19.1, 19.1, 503)
('read', 19.1, 19.2, 503)
('ready', 19.1, 19.2, 503)
('read', 19.1, 19.2, 503)
('read', 19.1, 19.2, 503)
('read', 19.2, 19.2, 503)
('read', 19.2, 19.2, 503)
('ready', 19.2, 19.2, 503)
('read', 19.2, 19.2, 503)
('read', 19.2, 19.2, 503)
('read', 19.2, 19.2, 503)
('read', 19.2, 19.2, 503)
('ready', 19.2, 19.2, 503)
('read', 19.2, 19.2, 503)
('ready', 19.2, 19.2, 503)
('read', 19.2, 19.2, 503)
('read', 19.2, 19.2, 503)
('read', 19.2, 19.2, 503)
('read', 19.2, 19.2, 503)
('read', 19.2, 19.2, 503)
('ready', 19.2, 19.2, 503)
('read', 19.2, 19.2, 503)
('read', 19.2, 19.2, 503)
('read', 19.2, 19.2, 503)
('ready', 19.2, 19.2, 503)
('read', 19.2, 19.2, 503)
('read', 19.2, 19.2, 503)
('ready', 19.2, 19.2, 503)
('read', 19.2, 19.2, 503)
('read', 19.2, 19.2, 503)
('read', 19.2, 19.2, 503)
('ready', 19.2, 19.2, 503)
('read', 19.2, 19.2, 503)
('read', 19.2, 19.2, 503)
('read', 19.2, 19.2, 503)
('ready', 19.2, 19.2, 503)
('read', 19.2, 19.2, 503)
('read', 19.2, 19.2, 503)
('ready', 19.2, 19.2, 503)
('read', 19.2, 19.2, 503)
('read', 19.2, 19.2, 503)
('ready', 19.2, 19.2, 503)
('read', 19.2, 19.2, 503)
('read', 19.2, 19.2, 503)
('read', 19.2, 19.2, 503)
('read', 19.2, 19.3, 503)
('read', 19.2, 19.3, 503)
('read', 19.2, 19.3, 503)
('ready', 19.2, 19.3, 503)
('read', 19.3, 19.3, 503)
('read', 19.3, 19.3, 503)
('ready', 19.3, 19.3, 503)
('read', 19.3, 19.3, 503)
('read', 19.3, 19.3, 503)
('read', 19.3, 19.3, 503)
('read', 19.3, 19.3, 503)
('read', 19.3, 19.3, 503)
('ready', 19.3, 19.3, 503)
('read', 19.3, 19.3, 503)
('read', 19.3, 19.3, 503)
('read', 19.3, 19.3, 503)
('ready', 19.3, 19.3, 503)
('read', 19.3, 19.3, 503)
('read', 19.3, 19.3, 503)
('read', 19.3, 19.3, 503)
('ready', 19.3, 19.3, 503)
('read', 19.3, 19.3, 503)
('read', 19.3, 19.3, 503)
('read', 19.3, 19.3, 503)
('ready', 19.3, 19.3, 503)
('read', 19.3, 19.3, 503)
('read', 19.3, 19.3, 503)
('read', 19.3, 19.3, 503)
('ready', 19.3, 19.3, 503)
('read', 19.3, 19.3, 503)
('read', 19.3, 19.3, 503)
('ready', 19.3, 19.3, 503)
('read', 19.3, 19.3, 503)
('read', 19.3, 19.3, 503)
('ready', 19.3, 19.3, 503)
('read', 19.3, 19.3, 503)
('read', 19.3, 19.3, 503)
('read', 19.3, 19.3, 503)
('ready', 19.3, 19.3, 503)
('read', 19.3, 19.3, 503)
('read', 19.3, 19.3, 503)
('read', 19.3, 19.3, 503)
('ready', 19.3, 19.3, 503)
('read', 19.3, 19.3, 503)
('ready', 19.3, 19.3, 503)
('read', 19.3, 19.3, 503)
('read', 19.3, 19.3, 503)
('read', 19.3, 19.3, 503)
('read', 19.3, 19.3, 503)
('ready', 19.3, 19.3, 503)
('read', 19.3, 19.3, 503)
('read', 19.3, 19.3, 503)
('read', 19.3, 19.3, 503)
('ready', 19.3, 19.3, 503)
('read', 19.3, 19.3, 503)
('read', 19.3, 19.3, 503)
('read', 19.3, 19.3, 503)
('read', 19.3, 19.3, 503)
('ready', 19.3, 19.3, 503)
('read', 19.3, 19.3, 503)
('read', 19.3, 19.4, 503)
('read', 19.3, 19.4, 503)
('ready', 19.3, 19.4, 503)
('read', 19.3, 19.4, 503)
('read', 19.4, 19.4, 503)
('ready', 19.4, 19.4, 503)
('read', 19.4, 19.4, 503)
('read', 19.4, 19.4, 503)
('read', 19.4, 19.4, 503)
('read', 19.4, 19.4, 503)
('ready', 19.4, 19.4, 503)
('read', 19.4, 19.4, 503)
('read', 19.4, 19.4, 503)
('read', 19.4, 19.4, 503)
('read', 19.4, 19.4, 503)
('ready', 19.4, 19.4, 503)
('read', 19.4, 19.4, 503)
('read', 19.4, 19.4, 503)
('read', 19.4, 19.4, 503)
('ready', 19.4, 19.4, 503)
('read', 19.4, 19.4, 503)
('ready', 19.4, 19.4, 503)
('read', 19.4, 19.4, 503)
('read', 19.4, 19.4, 503)
('read', 19.4, 19.4, 503)
('read', 19.4, 19.4, 503)
('ready', 19.4, 19.4, 503)
('read', 19.4, 19.4, 503)
('read', 19.4, 19.4, 503)
('read', 19.4, 19.4, 503)
('read', 19.4, 19.4, 503)
('read', 19.4, 19.4, 503)
('ready', 19.4, 19.4, 503)
('read', 19.4, 19.4, 503)
('ready', 19.4, 19.4, 503)
('read', 19.4, 19.4, 503)
('read', 19.4, 19.4, 503)
('read', 19.4, 19.4, 503)
('read', 19.4, 19.4, 503)
('ready', 19.4, 19.4, 503)
('read', 19.4, 19.4, 503)
('read', 19.4, 19.4, 503)
('read', 19.4, 19.4, 503)
('read', 19.4, 19.4, 503)
('ready', 19.4, 19.4, 503)
('read', 19.4, 19.4, 503)
('read', 19.4, 19.4, 503)
('read', 19.4, 19.4, 503)
('ready', 19.4, 19.4, 503)
('read', 19.4, 19.4, 503)
('read', 19.4, 19.4, 503)
('read', 19.4, 19.4, 503)
('ready', 19.4, 19.4, 503)
('read', 19.4, 19.4, 503)
('ready', 19.4, 19.4, 503)
('read', 19.4, 19.4, 503)
('read', 19.4, 19.4, 503)
('read', 19.4, 19.4, 503)
('read', 19.4, 19.4, 503)
('read', 19.4, 19.4, 503)
('ready', 19.4, 19.4, 503)
('read', 19.4, 19.4, 503)
('read', 19.4, 19.4, 503)
('read', 19.4, 19.4, 503)
('read', 19.4, 19.4, 503)
('read', 19.4, 19.4, 503)
('ready', 19.4, 19.4, 503)
('read', 19.4, 19.5, 503)
('read', 19.4, 19.5, 503)
('ready', 19.4, 19.5, 503)
('read', 19.4, 19.5, 503)
('read', 19.5, 19.5, 503)
('read', 19.5, 19.5, 503)
('read', 19.5, 19.5, 503)
('ready', 19.5, 19.5, 503)
('read', 19.5, 19.5, 503)
('read', 19.5, 19.5, 503)
('read', 19.5, 19.5, 503)
('ready', 19.5, 19.5, 503)
('read', 19.5, 19.5, 503)
('read', 19.5, 19.5, 503)
('ready', 19.5, 19.5, 503)
('read', 19.5, 19.5, 503)
('read', 19.5, 19.5, 503)
('read', 19.5, 19.5, 503)
('ready', 19.5, 19.5, 503)
('read', 19.5, 19.5, 503)
('read', 19.5, 19.5, 503)
('read', 19.5, 19.5, 503)
('ready', 19.5, 19.5, 503)
('read', 19.5, 19.5, 503)
('read', 19.5, 19.5, 503)
('read', 19.5, 19.5, 503)
('read', 19.5, 19.5, 503)
('ready', 19.5, 19.5, 503)
('read', 19.5, 19.5, 503)
('read', 19.5, 19.5, 503)
('ready', 19.5, 19.5, 503)
('read', 19.5, 19.5, 503)
('read', 19.5, 19.5, 503)
('read', 19.5, 19.5, 503)
('ready', 19.5, 19.5, 503)
('read', 19.5, 19.5, 503)
('read', 19.5, 19.5, 503)
('read', 19.5, 19.5, 503)
('read', 19.5, 19.5, 503)
('ready', 19.5, 19.5, 503)
('read', 19.5, 19.5, 503)
('read', 19.5, 19.5, 503)
('read', 19.5, 19.5, 503)
('ready', 19.5, 19.5, 503)
('read', 19.5, 19.5, 503)
('read', 19.5, 19.5, 503)
('read', 19.5, 19.5, 503)
('ready', 19.5, 19.5, 503)
('read', 19.5, 19.5, 503)
('read', 19.5, 19.5, 503)
('read', 19.5, 19.5, 503)
('ready', 19.5, 19.5, 503)
('read', 19.5, 19.5, 503)
('read', 19.5, 19.5, 503)
('ready', 19.5, 19.5, 503)
('read', 19.5, 19.5, 503)
('read', 19.5, 19.5, 503)
('read', 19.5, 19.5, 503)
('read', 19.5, 19.5, 503)
('ready', 19.5, 19.5, 503)
('read', 19.5, 19.6, 503)
('ready', 19.5, 19.6, 503)
('read', 19.5, 19.6, 503)
('read', 19.5, 19.6, 503)
('read', 19.6, 19.6, 503)
('read', 19.6, 19.6, 503)
('read', 19.6, 19.6, 503)
('ready', 19.6, 19.6, 503)
('ready', 19.6, 19.6, 503)
('read', 19.6, 19.6, 503)
('read', 19.6, 19.6, 503)
('read', 19.6, 19.6, 503)
('read', 19.6, 19.6, 503)
('read', 19.6, 19.6, 503)
('ready', 19.6, 19.6, 503)
('read', 19.6, 19.6, 503)
('ready', 19.6, 19.6, 503)
('read', 19.6, 19.6, 503)
('read', 19.6, 19.6, 503)
('read', 19.6, 19.6, 503)
('ready', 19.6, 19.6, 503)
('read', 19.6, 19.6, 503)
('read', 19.6, 19.6, 503)
('read', 19.6, 19.6, 503)
('ready', 19.6, 19.6, 503)
('read', 19.6, 19.6, 503)
('read', 19.6, 19.6, 503)
('read', 19.6, 19.6, 503)
('ready', 19.6, 19.6, 503)
('read', 19.6, 19.6, 503)
('read', 19.6, 19.6, 503)
('read', 19.6, 19.6, 503)
('ready', 19.6, 19.6, 503)
('read', 19.6, 19.6, 503)
('read', 19.6, 19.6, 503)
('read', 19.6, 19.6, 503)
('ready', 19.6, 19.6, 503)
('read', 19.6, 19.6, 503)
('read', 19.6, 19.6, 503)
('ready', 19.6, 19.6, 503)
('read', 19.6, 19.6, 503)
('read', 19.6, 19.6, 503)
('read', 19.6, 19.6, 503)
('ready', 19.6, 19.6, 503)
('read', 19.6, 19.6, 503)
('read', 19.6, 19.6, 503)
('read', 19.6, 19.6, 503)
('ready', 19.6, 19.6, 503)
('read', 19.6, 19.6, 503)
('read', 19.6, 19.6, 503)
('ready', 19.6, 19.6, 503)
('read', 19.6, 19.6, 503)
('read', 19.6, 19.6, 503)
('read', 19.6, 19.6, 503)
('ready', 19.6, 19.6, 503)
('read', 19.6, 19.6, 503)
('read', 19.6, 19.6, 503)
('read', 19.6, 19.6, 503)
('ready', 19.6, 19.6, 503)
('read', 19.6, 19.6, 503)
('read', 19.6, 19.6, 503)
('read', 19.6, 19.6, 503)
('ready', 19.6, 19.6, 503)
('read', 19.6, 19.6, 503)
('read', 19.6, 19.6, 503)
('ready', 19.6, 19.6, 503)
('read', 19.6, 19.6, 503)
('ready', 19.6, 19.7, 503)
('read', 19.6, 19.7, 503)
('read', 19.6, 19.7, 503)
('read', 19.6, 19.7, 503)
('read', 19.7, 19.7, 503)
('read', 19.7, 19.7, 503)
('ready', 19.7, 19.7, 503)
('read', 19.7, 19.7, 503)
('read', 19.7, 19.7, 503)
('read', 19.7, 19.7, 503)
('read', 19.7, 19.7, 503)
('ready', 19.7, 19.7, 503)
('read', 19.7, 19.7, 503)
('read', 19.7, 19.7, 503)
('read', 19.7, 19.7, 503)
('ready', 19.7, 19.7, 503)
('read', 19.7, 19.7, 503)
('read', 19.7, 19.7, 503)
('read', 19.7, 19.7, 503)
('ready', 19.7, 19.7, 503)
('read', 19.7, 19.7, 503)
('read', 19.7, 19.7, 503)
('read', 19.7, 19.7, 503)
('ready', 19.7, 19.7, 503)
('read', 19.7, 19.7, 503)
('read', 19.7, 19.7, 503)
('ready', 19.7, 19.7, 503)
('read', 19.7, 19.7, 503)
('read', 19.7, 19.7, 503)
('read', 19.7, 19.7, 503)
('ready', 19.7, 19.7, 503)
('read', 19.7, 19.7, 503)
('read', 19.7, 19.7, 503)
('read', 19.7, 19.7, 503)
('read', 19.7, 19.7, 503)
('read', 19.7, 19.7, 503)
('ready', 19.7, 19.7, 503)
('read', 19.7, 19.7, 503)
('read', 19.7, 19.7, 503)
('ready', 19.7, 19.7, 503)
('read', 19.7, 19.7, 503)
('read', 19.7, 19.7, 503)
('ready', 19.7, 19.7, 503)
('read', 19.7, 19.7, 503)
('read', 19.7, 19.7, 503)
('read', 19.7, 19.7, 503)
('read', 19.7, 19.7, 503)
('read', 19.7, 19.7, 503)
('read', 19.7, 19.7, 503)
('ready', 19.7, 19.7, 503)
('read', 19.7, 19.7, 503)
('read', 19.7, 19.7, 503)
('ready', 19.7, 19.7, 503)
('read', 19.7, 19.7, 503)
('ready', 19.7, 19.7, 503)
('read', 19.7, 19.7, 503)
('read', 19.7, 19.7, 503)
('read', 19.7, 19.7, 503)
('ready', 19.7, 19.7, 503)
('read', 19.7, 19.7, 503)
('read', 19.7, 19.7, 503)
('read', 19.7, 19.7, 503)
('ready', 19.7, 19.7, 503)
('read', 19.7, 19.8, 503)
('read', 19.7, 19.8, 503)
('read', 19.7, 19.8, 503)
('ready', 19.7, 19.8, 503)
('ready', 19.8, 19.8, 503)
('read', 19.8, 19.8, 503)
('read', 19.8, 19.8, 503)
('read', 19.8, 19.8, 503)
('ready', 19.8, 19.8, 503)
('read', 19.8, 19.8, 503)
('read', 19.8, 19.8, 503)
('read', 19.8, 19.8, 503)
('ready', 19.8, 19.8, 503)
('read', 19.8, 19.8, 503)
('read', 19.8, 19.8, 503)
('read', 19.8, 19.8, 503)
('ready', 19.8, 19.8, 503)
('ready', 19.8, 19.8, 503)
('read', 19.8, 19.8, 503)
('read', 19.8, 19.8, 503)
('read', 19.8, 19.8, 503)
('ready', 19.8, 19.8, 503)
('read', 19.8, 19.8, 503)
('read', 19.8, 19.8, 503)
('read', 19.8, 19.8, 503)
('ready', 19.8, 19.8, 503)
('read', 19.8, 19.8, 503)
('read', 19.8, 19.8, 503)
('read', 19.8, 19.8, 503)
('ready', 19.8, 19.8, 503)
('read', 19.8, 19.8, 503)
('read', 19.8, 19.8, 503)
('read', 19.8, 19.8, 503)
('ready', 19.8, 19.8, 503)
('read', 19.8, 19.8, 503)
('read', 19.8, 19.8, 503)
('read', 19.8, 19.8, 503)
('ready', 19.8, 19.8, 503)
('ready', 19.8, 19.8, 503)
('read', 19.8, 19.8, 503)
('read', 19.8, 19.8, 503)
('read', 19.8, 19.8, 503)
('ready', 19.8, 19.8, 503)
('read', 19.8, 19.8, 503)
('read', 19.8, 19.8, 503)
('read', 19.8, 19.8, 503)
('ready', 19.8, 19.8, 503)
('read', 19.8, 19.8, 503)
('read', 19.8, 19.8, 503)
('read', 19.8, 19.8, 503)
('ready', 19.8, 19.8, 503)
('read', 19.8, 19.8, 503)
('read', 19.8, 19.8, 503)
('read', 19.8, 19.8, 503)
('ready', 19.8, 19.8, 503)
('read', 19.8, 19.8, 503)
('read', 19.8, 19.8, 503)
('ready', 19.8, 19.8, 503)
('read', 19.8, 19.8, 503)
('read', 19.8, 19.8, 503)
('ready', 19.8, 19.8, 503)
('read', 19.8, 19.8, 503)
('read', 19.8, 19.8, 503)
('read', 19.8, 19.8, 503)
('read', 19.8, 19.9, 503)
('read', 19.8, 19.9, 503)
('read', 19.8, 19.9, 503)
('ready', 19.8, 19.9, 503)
('read', 19.9, 19.9, 503)
('read', 19.9, 19.9, 503)
('ready', 19.9, 19.9, 503)
('read', 19.9, 19.9, 503)
('read', 19.9, 19.9, 503)
('read', 19.9, 19.9, 503)
('read', 19.9, 19.9, 503)
('ready', 19.9, 19.9, 503)
('read', 19.9, 19.9, 503)
('read', 19.9, 19.9, 503)
('read', 19.9, 19.9, 503)
('ready', 19.9, 19.9, 503)
('read', 19.9, 19.9, 503)
('read', 19.9, 19.9, 503)
('ready', 19.9, 19.9, 503)
('read', 19.9, 19.9, 503)
('read', 19.9, 19.9, 503)
('ready', 19.9, 19.9, 503)
('read', 19.9, 19.9, 503)
('read', 19.9, 19.9, 503)
('read', 19.9, 19.9, 503)
('ready', 19.9, 19.9, 503)
('read', 19.9, 19.9, 503)
('read', 19.9, 19.9, 503)
('read', 19.9, 19.9, 503)
('ready', 19.9, 19.9, 503)
('read', 19.9, 19.9, 503)
('read', 19.9, 19.9, 503)
('read', 19.9, 19.9, 503)
('ready', 19.9, 19.9, 503)
('ready', 19.9, 19.9, 503)
('read', 19.9, 19.9, 503)
('read', 19.9, 19.9, 503)
('read', 19.9, 19.9, 503)
('ready', 19.9, 19.9, 503)
('read', 19.9, 19.9, 503)
('read', 19.9, 19.9, 503)
('read', 19.9, 19.9, 503)
('ready', 19.9, 19.9, 503)
('read', 19.9, 19.9, 503)
('read', 19.9, 19.9, 503)
('read', 19.9, 19.9, 503)
('ready', 19.9, 19.9, 503)
('read', 19.9, 19.9, 503)
('read', 19.9, 19.9, 503)
('read', 19.9, 19.9, 503)
('ready', 19.9, 19.9, 503)
('read', 19.9, 19.9, 503)
('ready', 19.9, 19.9, 503)
('read', 19.9, 19.9, 503)
('read', 19.9, 19.9, 503)
('read', 19.9, 19.9, 503)
('read', 19.9, 19.9, 503)
('read', 19.9, 19.9, 503)
('ready', 19.9, 19.9, 503)
('read', 19.9, 19.9, 503)
('read', 19.9, 19.9, 503)
('ready', 19.9, 19.9, 503)
('read', 19.9, 19.9, 503)
('read', 19.9, 20.0, 503)
('read', 19.9, 20.0, 503)
('ready', 19.9, 20.0, 503)
('read', 19.9, 20.0, 503)
('read', 20.0, 20.0, 503)
('read', 20.0, 20.0, 503)
('read', 20.0, 20.0, 503)
('ready', 20.0, 20.0, 503)
('read', 20.0, 20.0, 503)
('read', 20.0, 20.0, 503)
('ready', 20.0, 20.0, 503)
('read', 20.0, 20.0, 503)
('read', 20.0, 20.0, 503)
('ready', 20.0, 20.0, 503)
('read', 20.0, 20.0, 503)
('read', 20.0, 20.0, 503)
('read', 20.0, 20.0, 503)
('ready', 20.0, 20.0, 503)
('read', 20.0, 20.0, 503)
('read', 20.0, 20.0, 503)
('read', 20.0, 20.0, 503)
('read', 20.0, 20.0, 503)
('read', 20.0, 20.0, 503)
('ready', 20.0, 20.0, 503)
('read', 20.0, 20.0, 503)
('read', 20.0, 20.0, 503)
('ready', 20.0, 20.0, 503)
('read', 20.0, 20.0, 503)
('read', 20.0, 20.0, 503)
('read', 20.0, 20.0, 503)
('ready', 20.0, 20.0, 503)
('read', 20.0, 20.0, 503)
('read', 20.0, 20.0, 503)
('read', 20.0, 20.0, 503)
('read', 20.0, 20.0, 503)
('read', 20.0, 20.0, 503)
('ready', 20.0, 20.0, 503)
('read', 20.0, 20.0, 503)
('read', 20.0, 20.0, 503)
('ready', 20.0, 20.0, 503)
('read', 20.0, 20.0, 503)
('read', 20.0, 20.0, 503)
('read', 20.0, 20.0, 503)
('read', 20.0, 20.0, 503)
('ready', 20.0, 20.0, 503)
('read', 20.0, 20.0, 503)
('read', 20.0, 20.0, 503)
('read', 20.0, 20.0, 503)
('read', 20.0, 20.0, 503)
('ready', 20.0, 20.0, 503)
('read', 20.0, 20.0, 503)
('ready', 20.0, 20.0, 503)
('read', 20.0, 20.0, 503)
('read', 20.0, 20.0, 503)
('read', 20.0, 20.0, 503)
('read', 20.0, 20.0, 503)
('read', 20.0, 20.0, 503)
('ready', 20.0, 20.0, 503)
('read', 20.0, 20.0, 503)
('read', 20.0, 20.0, 503)
('read', 20.0, 20.0, 503)
('ready', 20.0, 20.0, 503)
('read', 20.0, 20.0, 503)
('read', 20.0, 20.0, 503)
('read', 20.0, 20.0, 503)
('ready', 20.0, 20.0, 503)
('read', 20.0, 20.1, 503)
('ready', 20.0, 20.1, 503)
('read', 20.0, 20.1, 503)
('read', 20.0, 20.1, 503)
('read', 20.1, 20.1, 503)
('read', 20.1, 20.1, 503)
('ready', 20.1, 20.1, 503)
('read', 20.1, 20.1, 503)
('ready', 20.1, 20.1, 503)
('read', 20.1, 20.1, 503)
('read', 20.1, 20.1, 503)
('read', 20.1, 20.1, 503)
('ready', 20.1, 20.1, 503)
('read', 20.1, 20.1, 503)
('read', 20.1, 20.1, 503)
('read', 20.1, 20.1, 503)
('ready', 20.1, 20.1, 503)
('read', 20.1, 20.1, 503)
('read', 20.1, 20.1, 503)
('read', 20.1, 20.1, 503)
('ready', 20.1, 20.1, 503)
('read', 20.1, 20.1, 503)
('ready', 20.1, 20.1, 503)
('read', 20.1, 20.1, 503)
('read', 20.1, 20.1, 503)
('read', 20.1, 20.1, 503)
('read', 20.1, 20.1, 503)
('read', 20.1, 20.1, 503)
('ready', 20.1, 20.1, 503)
('ready', 20.1, 20.1, 503)
('read', 20.1, 20.1, 503)
('read', 20.1, 20.1, 503)
('read', 20.1, 20.1, 503)
('read', 20.1, 20.1, 503)
('ready', 20.1, 20.1, 503)
('read', 20.1, 20.1, 503)
('read', 20.1, 20.1, 503)
('read', 20.1, 20.1, 503)
('read', 20.1, 20.1, 503)
('read', 20.1, 20.1, 503)
('ready', 20.1, 20.1, 503)
('read', 20.1, 20.1, 503)
('read', 20.1, 20.1, 503)
('read', 20.1, 20.1, 503)
('ready', 20.1, 20.1, 503)
('read', 20.1, 20.1, 503)
('read', 20.1, 20.1, 503)
('ready', 20.1, 20.1, 503)
('read', 20.1, 20.1, 503)
('read', 20.1, 20.1, 503)
('read', 20.1, 20.1, 503)
('ready', 20.1, 20.1, 503)
('read', 20.1, 20.1, 503)
('read', 20.1, 20.1, 503)
('read', 20.1, 20.1, 503)
('ready', 20.1, 20.1, 503)
('read', 20.1, 20.1, 503)
('read', 20.1, 20.1, 503)
('read', 20.1, 20.1, 503)
('read', 20.1, 20.1, 503)
('ready', 20.1, 20.1, 503)
('read', 20.1, 20.1, 503)
('read', 20.1, 20.1, 503)
('read', 20.1, 20.1, 503)
('ready', 20.1, 20.2, 503)
('read', 20.1, 20.2, 503)
('read', 20.1, 20.2, 503)
('read', 20.1, 20.2, 503)
('ready', 20.2, 20.2, 503)
('read', 20.2, 20.2, 503)
('read', 20.2, 20.2, 503)
('read', 20.2, 20.2, 503)
('read', 20.2, 20.2, 503)
('ready', 20.2, 20.2, 503)
('read', 20.2, 20.2, 503)
('read', 20.2, 20.2, 503)
('read', 20.2, 20.2, 503)
('ready', 20.2, 20.2, 503)
('read', 20.2, 20.2, 503)
('read', 20.2, 20.2, 503)
('read', 20.2, 20.2, 503)
('ready', 20.2, 20.2, 503)
('read', 20.2, 20.2, 503)
('read', 20.2, 20.2, 503)
('read', 20.2, 20.2, 503)
('ready', 20.2, 20.2, 503)
('read', 20.2, 20.2, 503)
('read', 20.2, 20.2, 503)
('ready', 20.2, 20.2, 503)
('read', 20.2, 20.2, 503)
('read', 20.2, 20.2, 503)
('read', 20.2, 20.2, 503)
('ready', 20.2, 20.2, 503)
('read', 20.2, 20.2, 503)
('read', 20.2, 20.2, 503)
('read', 20.2, 20.2, 503)
('ready', 20.2, 20.2, 503)
('read', 20.2, 20.2, 503)
('read', 20.2, 20.2, 503)
('read', 20.2, 20.2, 503)
('ready', 20.2, 20.2, 503)
('read', 20.2, 20.2, 503)
('read', 20.2, 20.2, 503)
('read', 20.2, 20.2, 503)
('read', 20.2, 20.2, 503)
('ready', 20.2, 20.2, 503)
('read', 20.2, 20.2, 503)
('read', 20.2, 20.2, 503)
('read', 20.2, 20.2, 503)
('ready', 20.2, 20.2, 503)
('read', 20.2, 20.2, 503)
('read', 20.2, 20.2, 503)
('read', 20.2, 20.2, 503)
('ready', 20.2, 20.2, 503)
('read', 20.2, 20.2, 503)
('read', 20.2, 20.2, 503)
('ready', 20.2, 20.2, 503)
('read', 20.2, 20.2, 503)
('read', 20.2, 20.2, 503)
('read', 20.2, 20.2, 503)
('ready', 20.2, 20.2, 503)
('read', 20.2, 20.2, 503)
('read', 20.2, 20.2, 503)
('read', 20.2, 20.2, 503)
('ready', 20.2, 20.2, 503)
('read', 20.2, 20.2, 503)
('read', 20.2, 20.3, 503)
('ready', 20.2, 20.3, 503)
('read', 20.2, 20.3, 503)
('read', 20.2, 20.3, 503)
('read', 20.3, 20.3, 503)
('ready', 20.3, 20.3, 503)
('read', 20.3, 20.3, 503)
('read', 20.3, 20.3, 503)
('read', 20.3, 20.3, 503)
('read', 20.3, 20.3, 503)
('read', 20.3, 20.3, 503)
('ready', 20.3, 20.3, 503)
('ready', 20.3, 20.3, 503)
('read', 20.3, 20.3, 503)
('read', 20.3, 20.3, 503)
('read', 20.3, 20.3, 503)
('ready', 20.3, 20.3, 503)
('read', 20.3, 20.3, 503)
('read', 20.3, 20.3, 503)
('read', 20.3, 20.3, 503)
('ready', 20.3, 20.3, 503)
('read', 20.3, 20.3, 503)
('read', 20.3, 20.3, 503)
('read', 20.3, 20.3, 503)
('ready', 20.3, 20.3, 503)
('read', 20.3, 20.3, 503)
('read', 20.3, 20.3, 503)
('ready', 20.3, 20.3, 503)
('read', 20.3, 20.3, 503)
('read', 20.3, 20.3, 503)
('read', 20.3, 20.3, 503)
('read', 20.3, 20.3, 503)
('read', 20.3, 20.3, 503)
('ready', 20.3, 20.3, 503)
('read', 20.3, 20.3, 503)
('read', 20.3, 20.3, 503)
('ready', 20.3, 20.3, 503)
('read', 20.3, 20.3, 503)
('read', 20.3, 20.3, 503)
('read', 20.3, 20.4, 503)
('ready', 20.3, 20.4, 503)
('read', 20.3, 20.4, 503)
('read', 20.3, 20.4, 503)
('ready', 20.4, 20.4, 503)
('read', 20.4, 20.4, 503)
('read', 20.4, 20.4, 503)
('read', 20.4, 20.4, 503)
('read', 20.4, 20.4, 503)
('ready', 20.4, 20.4, 503)
('read', 20.4, 20.4, 503)
('read', 20.4, 20.4, 503)
('ready', 20.4, 20.4, 503)
('read', 20.4, 20.4, 503)
('read', 20.4, 20.4, 503)
('read', 20.4, 20.4, 503)
('ready', 20.4, 20.4, 503)
('read', 20.4, 20.4, 503)
('read', 20.4, 20.4, 503)
('read', 20.4, 20.4, 503)
('ready', 20.4, 20.4, 503)
('read', 20.4, 20.4, 503)
('read', 20.4, 20.4, 503)
('read', 20.4, 20.4, 503)
('ready', 20.4, 20.4, 503)
('read', 20.4, 20.4, 503)
('read', 20.4, 20.4, 503)
('read', 20.4, 20.4, 503)
('ready', 20.4, 20.4, 503)
('read', 20.4, 20.4, 503)
('ready', 20.4, 20.4, 503)
('read', 20.4, 20.4, 503)
('read', 20.4, 20.4, 503)
('read', 20.4, 20.4, 503)
('ready', 20.4, 20.4, 503)
('read', 20.4, 20.4, 503)
('read', 20.4, 20.4, 503)
('read', 20.4, 20.4, 503)
('ready', 20.4, 20.4, 503)
('read', 20.4, 20.4, 503)
('read', 20.4, 20.4, 503)
('read', 20.4, 20.4, 503)
('ready', 20.4, 20.4, 503)
('read', 20.4, 20.4, 503)
('read', 20.4, 20.4, 503)
('read', 20.4, 20.4, 503)
('read', 20.4, 20.4, 503)
('read', 20.4, 20.4, 503)
('ready', 20.4, 20.4, 503)
('read', 20.4, 20.4, 503)
('read', 20.4, 20.4, 503)
('read', 20.4, 20.4, 503)
('read', 20.4, 20.4, 503)
('ready', 20.4, 20.4, 503)
('read', 20.4, 20.4, 503)
('read', 20.4, 20.4, 503)
('ready', 20.4, 20.4, 503)
('read', 20.4, 20.4, 503)
('read', 20.4, 20.4, 503)
('read', 20.4, 20.4, 503)
('read', 20.4, 20.4, 503)
('ready', 20.4, 20.4, 503)
('read', 20.4, 20.5, 503)
('read', 20.4, 20.5, 503)
('read', 20.4, 20.5, 503)
('ready', 20.4, 20.5, 503)
('read', 20.5, 20.5, 503)
('read', 20.5, 20.5, 503)
('read', 20.5, 20.5, 503)
('read', 20.5, 20.5, 503)
('read', 20.5, 20.5, 503)
('ready', 20.5, 20.5, 503)
('read', 20.5, 20.5, 503)
('read', 20.5, 20.5, 503)
('read', 20.5, 20.5, 503)
('ready', 20.5, 20.5, 503)
('read', 20.5, 20.5, 503)
('read', 20.5, 20.5, 503)
('read', 20.5, 20.5, 503)
('read', 20.5, 20.5, 503)
('ready', 20.5, 20.5, 503)
('ready', 20.5, 20.5, 503)
('read', 20.5, 20.5, 503)
('read', 20.5, 20.5, 503)
('read', 20.5, 20.5, 503)
('read', 20.5, 20.5, 503)
('ready', 20.5, 20.5, 503)
('read', 20.5, 20.5, 503)
('read', 20.5, 20.5, 503)
('ready', 20.5, 20.5, 503)
('read', 20.5, 20.5, 503)
('read', 20.5, 20.5, 503)
('read', 20.5, 20.5, 503)
('ready', 20.5, 20.5, 503)
('read', 20.5, 20.5, 503)
('read', 20.5, 20.5, 503)
('read', 20.5, 20.5, 503)
('ready', 20.5, 20.5, 503)
('read', 20.5, 20.5, 503)
('read', 20.5, 20.5, 503)
('read', 20.5, 20.5, 503)
('ready', 20.5, 20.5, 503)
('read', 20.5, 20.5, 503)
('read', 20.5, 20.5, 503)
('read', 20.5, 20.5, 503)
('ready', 20.5, 20.5, 503)
('read', 20.5, 20.5, 503)
('read', 20.5, 20.5, 503)
('ready', 20.5, 20.5, 503)
('read', 20.5, 20.5, 503)
('read', 20.5, 20.5, 503)
('read', 20.5, 20.5, 503)
('ready', 20.5, 20.5, 503)
('read', 20.5, 20.5, 503)
('read', 20.5, 20.5, 503)
('read', 20.5, 20.5, 503)
('read', 20.5, 20.5, 503)
('read', 20.5, 20.5, 503)
('ready', 20.5, 20.5, 503)
('read', 20.5, 20.5, 503)
('read', 20.5, 20.5, 503)
('read', 20.5, 20.5, 503)
('ready', 20.5, 20.5, 503)
('read', 20.5, 20.6, 503)
('ready', 20.5, 20.6, 503)
('read', 20.5, 20.6, 503)
('read', 20.5, 20.6, 503)
('read', 20.6, 20.6, 503)
('ready', 20.6, 20.6, 503)
('read', 20.6, 20.6, 503)
('read', 20.6, 20.6, 503)
('read', 20.6, 20.6, 503)
('read', 20.6, 20.6, 503)
('read', 20.6, 20.6, 503)
('ready', 20.6, 20.6, 503)
('read', 20.6, 20.6, 503)
('ready', 20.6, 20.6, 503)
('read', 20.6, 20.6, 503)
('read', 20.6, 20.6, 503)
('read', 20.6, 20.6, 503)
('ready', 20.6, 20.6, 503)
('read', 20.6, 20.6, 503)
('read', 20.6, 20.6, 503)
('read', 20.6, 20.6, 503)
('ready', 20.6, 20.6, 503)
('read', 20.6, 20.6, 503)
('read', 20.6, 20.6, 503)
('read', 20.6, 20.6, 503)
('ready', 20.6, 20.6, 503)
('read', 20.6, 20.6, 503)
('read', 20.6, 20.6, 503)
('read', 20.6, 20.6, 503)
('ready', 20.6, 20.6, 503)
('read', 20.6, 20.6, 503)
('read', 20.6, 20.6, 503)
('read', 20.6, 20.6, 503)
('ready', 20.6, 20.6, 503)
('read', 20.6, 20.6, 503)
('read', 20.6, 20.6, 503)
('read', 20.6, 20.6, 503)
('ready', 20.6, 20.6, 503)
('read', 20.6, 20.6, 503)
('read', 20.6, 20.6, 503)
('ready', 20.6, 20.6, 503)
('read', 20.6, 20.6, 503)
('read', 20.6, 20.6, 503)
('ready', 20.6, 20.6, 503)
('read', 20.6, 20.6, 503)
('read', 20.6, 20.6, 503)
('read', 20.6, 20.6, 503)
('read', 20.6, 20.6, 503)
('read', 20.6, 20.6, 503)
('read', 20.6, 20.6, 503)
('ready', 20.6, 20.6, 503)
('read', 20.6, 20.6, 503)
('read', 20.6, 20.6, 503)
('ready', 20.6, 20.6, 503)
('read', 20.6, 20.6, 503)
('read', 20.6, 20.6, 503)
('ready', 20.6, 20.6, 503)
('read', 20.6, 20.6, 503)
('read', 20.6, 20.6, 503)
('read', 20.6, 20.6, 503)
('ready', 20.6, 20.6, 503)
('read', 20.6, 20.6, 503)
('read', 20.6, 20.6, 503)
('ready', 20.6, 20.6, 503)
('read', 20.6, 20.7, 503)
('read', 20.6, 20.7, 503)
('read', 20.6, 20.7, 503)
('ready', 20.6, 20.7, 503)
('read', 20.7, 20.7, 503)
('read', 20.7, 20.7, 503)
('read', 20.7, 20.7, 503)
('ready', 20.7, 20.7, 503)
('read', 20.7, 20.7, 503)
('read', 20.7, 20.7, 503)
('read', 20.7, 20.7, 503)
('ready', 20.7, 20.7, 503)
('read', 20.7, 20.7, 503)
('ready', 20.7, 20.7, 503)
('read', 20.7, 20.7, 503)
('read', 20.7, 20.7, 503)
('read', 20.7, 20.7, 503)
('read', 20.7, 20.7, 503)
('read', 20.7, 20.7, 503)
('ready', 20.7, 20.7, 503)
('read', 20.7, 20.7, 503)
('read', 20.7, 20.7, 503)
('read', 20.7, 20.7, 503)
('ready', 20.7, 20.7, 503)
('read', 20.7, 20.7, 503)
('read', 20.7, 20.7, 503)
('read', 20.7, 20.7, 503)
('ready', 20.7, 20.7, 503)
('ready', 20.7, 20.7, 503)
('read', 20.7, 20.7, 503)
('read', 20.7, 20.7, 503)
('read', 20.7, 20.7, 503)
('read', 20.7, 20.7, 503)
('read', 20.7, 20.7, 503)
('read', 20.7, 20.7, 503)
('ready', 20.7, 20.7, 503)
('read', 20.7, 20.7, 503)
('ready', 20.7, 20.7, 503)
('read', 20.7, 20.7, 503)
('read', 20.7, 20.7, 503)
('read', 20.7, 20.7, 503)
('read', 20.7, 20.7, 503)
('read', 20.7, 20.7, 503)
('ready', 20.7, 20.7, 503)
('read', 20.7, 20.7, 503)
('read', 20.7, 20.7, 503)
('read', 20.7, 20.7, 503)
('read', 20.7, 20.7, 503)
('ready', 20.7, 20.7, 503)
('ready', 20.7, 20.7, 503)
('read', 20.7, 20.7, 503)
('read', 20.7, 20.7, 503)
('read', 20.7, 20.7, 503)
('ready', 20.7, 20.7, 503)
('read', 20.7, 20.7, 503)
('read', 20.7, 20.7, 503)
('read', 20.7, 20.7, 503)
('ready', 20.7, 20.7, 503)
('read', 20.7, 20.7, 503)
('read', 20.7, 20.7, 503)
('read', 20.7, 20.7, 503)
('ready', 20.7, 20.7, 503)
('ready', 20.7, 20.7, 503)
('read', 20.7, 20.7, 503)
('read', 20.7, 20.7, 503)
('read', 20.7, 20.7, 503)
('ready', 20.7, 20.8, 503)
('read', 20.7, 20.8, 503)
('read', 20.7, 20.8, 503)
('read', 20.7, 20.8, 503)
('ready', 20.8, 20.8, 503)
('ready', 20.8, 20.8, 503)
('read', 20.8, 20.8, 503)
('read', 20.8, 20.8, 503)
('read', 20.8, 20.8, 503)
('ready', 20.8, 20.8, 503)
('read', 20.8, 20.8, 503)
('read', 20.8, 20.8, 503)
('read', 20.8, 20.8, 503)
('ready', 20.8, 20.8, 503)
('read', 20.8, 20.8, 503)
('read', 20.8, 20.8, 503)
('read', 20.8, 20.8, 503)
('ready', 20.8, 20.8, 503)
('read', 20.8, 20.8, 503)
('read', 20.8, 20.8, 503)
('ready', 20.8, 20.8, 503)
('read', 20.8, 20.8, 503)
('read', 20.8, 20.8, 503)
('read', 20.8, 20.8, 503)
('ready', 20.8, 20.8, 503)
('read', 20.8, 20.8, 503)
('read', 20.8, 20.8, 503)
('read', 20.8, 20.8, 503)
('read', 20.8, 20.8, 503)
('ready', 20.8, 20.8, 503)
('read', 20.8, 20.8, 503)
('read', 20.8, 20.8, 503)
('read', 20.8, 20.8, 503)
('ready', 20.8, 20.8, 503)
('read', 20.8, 20.8, 503)
('read', 20.8, 20.8, 503)
('ready', 20.8, 20.8, 503)
('read', 20.8, 20.8, 503)
('read', 20.8, 20.8, 503)
('read', 20.8, 20.8, 503)
('ready', 20.8, 20.8, 503)
('read', 20.8, 20.8, 503)
('read', 20.8, 20.8, 503)
('read', 20.8, 20.8, 503)
('ready', 20.8, 20.8, 503)
('read', 20.8, 20.8, 503)
('read', 20.8, 20.8, 503)
('read', 20.8, 20.8, 503)
('read', 20.8, 20.8, 503)
('read', 20.8, 20.8, 503)
('ready', 20.8, 20.8, 503)
('read', 20.8, 20.8, 503)
('ready', 20.8, 20.8, 503)
('read', 20.8, 20.8, 503)
('read', 20.8, 20.8, 503)
('read', 20.8, 20.8, 503)
('read', 20.8, 20.8, 503)
('read', 20.8, 20.8, 503)
('read', 20.8, 20.8, 503)
('ready', 20.8, 20.8, 503)
('ready', 20.8, 20.9, 503)
('read', 20.8, 20.9, 503)
('read', 20.8, 20.9, 503)
('read', 20.8, 20.9, 503)
('ready', 20.9, 20.9, 503)
('read', 20.9, 20.9, 503)
('read', 20.9, 20.9, 503)
('read', 20.9, 20.9, 503)
('ready', 20.9, 20.9, 503)
('read', 20.9, 20.9, 503)
('ready', 20.9, 20.9, 503)
('read', 20.9, 20.9, 503)
('read', 20.9, 20.9, 503)
('read', 20.9, 20.9, 503)
('read', 20.9, 20.9, 503)
('ready', 20.9, 20.9, 503)
('read', 20.9, 20.9, 503)
('ready', 20.9, 20.9, 503)
('read', 20.9, 20.9, 503)
('read', 20.9, 20.9, 503)
('read', 20.9, 20.9, 503)
('ready', 20.9, 20.9, 503)
('read', 20.9, 20.9, 503)
('read', 20.9, 20.9, 503)
('read', 20.9, 20.9, 503)
('ready', 20.9, 20.9, 503)
('read', 20.9, 20.9, 503)
('read', 20.9, 20.9, 503)
('read', 20.9, 20.9, 503)
('ready', 20.9, 20.9, 503)
('ready', 20.9, 20.9, 503)
('read', 20.9, 20.9, 503)
('read', 20.9, 20.9, 503)
('read', 20.9, 20.9, 503)
('ready', 20.9, 20.9, 503)
('read', 20.9, 20.9, 503)
('read', 20.9, 20.9, 503)
('read', 20.9, 20.9, 503)
('ready', 20.9, 20.9, 503)
('read', 20.9, 20.9, 503)
('read', 20.9, 20.9, 503)
('read', 20.9, 20.9, 503)
('ready', 20.9, 20.9, 503)
('read', 20.9, 20.9, 503)
('read', 20.9, 20.9, 503)
('read', 20.9, 20.9, 503)
('ready', 20.9, 20.9, 503)
('read', 20.9, 20.9, 503)
('read', 20.9, 20.9, 503)
('read', 20.9, 20.9, 503)
('ready', 20.9, 20.9, 503)
('read', 20.9, 20.9, 503)
('ready', 20.9, 20.9, 503)
('read', 20.9, 20.9, 503)
('read', 20.9, 20.9, 503)
('read', 20.9, 20.9, 503)
('read', 20.9, 20.9, 503)
('ready', 20.9, 20.9, 503)
('read', 20.9, 20.9, 503)
('read', 20.9, 20.9, 503)
('read', 20.9, 20.9, 503)
('read', 20.9, 20.9, 503)
('ready', 20.9, 20.9, 503)
('read', 20.9, 20.9, 503)
('read', 20.9, 21.0, 503)
('read', 20.9, 21.0, 503)
('read', 20.9, 21.0, 503)
('ready', 20.9, 21.0, 503)
('read', 21.0, 21.0, 503)
('ready', 21.0, 21.0, 503)
('read', 21.0, 21.0, 503)
('read', 21.0, 21.0, 503)
('read', 21.0, 21.0, 503)
('read', 21.0, 21.0, 503)
('read', 21.0, 21.0, 503)
('ready', 21.0, 21.0, 503)
('read', 21.0, 21.0, 503)
('read', 21.0, 21.0, 503)
('ready', 21.0, 21.0, 503)
('read', 21.0, 21.0, 503)
('read', 21.0, 21.0, 503)
('read', 21.0, 21.0, 503)
('ready', 21.0, 21.0, 503)
('read', 21.0, 21.0, 503)
('read', 21.0, 21.0, 503)
('ready', 21.0, 21.0, 503)
('read', 21.0, 21.0, 503)
('read', 21.0, 21.0, 503)
('read', 21.0, 21.0, 503)
('ready', 21.0, 21.0, 503)
('read', 21.0, 21.0, 503)
('read', 21.0, 21.0, 503)
('read', 21.0, 21.0, 503)
('ready', 21.0, 21.0, 503)
('read', 21.0, 21.0, 503)
('read', 21.0, 21.0, 503)
('read', 21.0, 21.0, 503)
('ready', 21.0, 21.0, 503)
('read', 21.0, 21.0, 503)
('read', 21.0, 21.0, 503)
('read', 21.0, 21.0, 503)
('ready', 21.0, 21.0, 503)
('read', 21.0, 21.0, 503)
('read', 21.0, 21.0, 503)
('read', 21.0, 21.0, 503)
('ready', 21.0, 21.0, 503)
('read', 21.0, 21.0, 503)
('read', 21.0, 21.0, 503)
('read', 21.0, 21.0, 503)
('ready', 21.0, 21.0, 503)
('read', 21.0, 21.0, 503)
('read', 21.0, 21.0, 503)
('read', 21.0, 21.0, 503)
('ready', 21.0, 21.0, 503)
('read', 21.0, 21.0, 503)
('read', 21.0, 21.0, 503)
('read', 21.0, 21.0, 503)
('ready', 21.0, 21.0, 503)
('read', 21.0, 21.0, 503)
('read', 21.0, 21.0, 503)
('ready', 21.0, 21.0, 503)
('read', 21.0, 21.0, 503)
('read', 21.0, 21.0, 503)
('read', 21.0, 21.0, 503)
('read', 21.0, 21.0, 503)
('ready', 21.0, 21.0, 503)
('read', 21.0, 21.0, 503)
('read', 21.0, 21.0, 503)
('ready', 21.0, 21.0, 503)
('read', 21.0, 21.0, 503)
('read', 21.0, 21.1, 503)
('read', 21.0, 21.1, 503)
('read', 21.0, 21.1, 503)
('ready', 21.0, 21.1, 503)
('ready', 21.1, 21.1, 503)
('read', 21.1, 21.1, 503)
('read', 21.1, 21.1, 503)
('read', 21.1, 21.1, 503)
('ready', 21.1, 21.1, 503)
('read', 21.1, 21.1, 503)
('read', 21.1, 21.1, 503)
('read', 21.1, 21.1, 503)
('ready', 21.1, 21.1, 503)
('ready', 21.1, 21.1, 503)
('read', 21.1, 21.1, 503)
('read', 21.1, 21.1, 503)
('read', 21.1, 21.1, 503)
('ready', 21.1, 21.1, 503)
('read', 21.1, 21.1, 503)
('read', 21.1, 21.1, 503)
('read', 21.1, 21.1, 503)
('ready', 21.1, 21.1, 503)
('ready', 21.1, 21.1, 503)
('read', 21.1, 21.1, 503)
('read', 21.1, 21.1, 503)
('read', 21.1, 21.1, 503)
('ready', 21.1, 21.1, 503)
('read', 21.1, 21.1, 503)
('read', 21.1, 21.1, 503)
('read', 21.1, 21.1, 503)
('ready', 21.1, 21.1, 503)
('read', 21.1, 21.1, 503)
('read', 21.1, 21.1, 503)
('read', 21.1, 21.1, 503)
('ready', 21.1, 21.1, 503)
('read', 21.1, 21.1, 503)
('read', 21.1, 21.1, 503)
('ready', 21.1, 21.1, 503)
('read', 21.1, 21.1, 503)
('read', 21.1, 21.1, 503)
('read', 21.1, 21.1, 503)
('read', 21.1, 21.1, 503)
('ready', 21.1, 21.1, 503)
('read', 21.1, 21.1, 503)
('read', 21.1, 21.1, 503)
('read', 21.1, 21.1, 503)
('read', 21.1, 21.1, 503)
('ready', 21.1, 21.1, 503)
('ready', 21.1, 21.1, 503)
('read', 21.1, 21.1, 503)
('read', 21.1, 21.1, 503)
('read', 21.1, 21.1, 503)
('ready', 21.1, 21.1, 503)
('read', 21.1, 21.1, 503)
('read', 21.1, 21.1, 503)
('read', 21.1, 21.1, 503)
('ready', 21.1, 21.1, 503)
('ready', 21.1, 21.1, 503)
('read', 21.1, 21.1, 503)
('read', 21.1, 21.1, 503)
('read', 21.1, 21.1, 503)
('read', 21.1, 21.1, 503)
('read', 21.1, 21.2, 503)
('read', 21.1, 21.2, 503)
('ready', 21.1, 21.2, 503)
('read', 21.1, 21.2, 503)
('read', 21.2, 21.2, 503)
('read', 21.2, 21.2, 503)
('ready', 21.2, 21.2, 503)
('read', 21.2, 21.2, 503)
('read', 21.2, 21.2, 503)
('read', 21.2, 21.2, 503)
('ready', 21.2, 21.2, 503)
('read', 21.2, 21.2, 503)
('read', 21.2, 21.2, 503)
('ready', 21.2, 21.2, 503)
('read', 21.2, 21.2, 503)
('read', 21.2, 21.2, 503)
('read', 21.2, 21.2, 503)
('read', 21.2, 21.2, 503)
('ready', 21.2, 21.2, 503)
('read', 21.2, 21.2, 503)
('read', 21.2, 21.2, 503)
('read', 21.2, 21.2, 503)
('ready', 21.2, 21.2, 503)
('read', 21.2, 21.2, 503)
('read', 21.2, 21.2, 503)
('read', 21.2, 21.2, 503)
('ready', 21.2, 21.2, 503)
('read', 21.2, 21.2, 503)
('ready', 21.2, 21.2, 503)
('read', 21.2, 21.2, 503)
('read', 21.2, 21.2, 503)
('read', 21.2, 21.2, 503)
('ready', 21.2, 21.2, 503)
('read', 21.2, 21.2, 503)
('read', 21.2, 21.2, 503)
('read', 21.2, 21.2, 503)
('ready', 21.2, 21.2, 503)
('read', 21.2, 21.2, 503)
('read', 21.2, 21.2, 503)
('read', 21.2, 21.2, 503)
('ready', 21.2, 21.2, 503)
('ready', 21.2, 21.2, 503)
('read', 21.2, 21.2, 503)
('read', 21.2, 21.2, 503)
('read', 21.2, 21.2, 503)
('ready', 21.2, 21.2, 503)
('read', 21.2, 21.2, 503)
('read', 21.2, 21.2, 503)
('read', 21.2, 21.2, 503)
('ready', 21.2, 21.2, 503)
('read', 21.2, 21.2, 503)
('read', 21.2, 21.2, 503)
('read', 21.2, 21.2, 503)
('ready', 21.2, 21.2, 503)
('ready', 21.2, 21.2, 503)
('read', 21.2, 21.2, 503)
('read', 21.2, 21.2, 503)
('read', 21.2, 21.2, 503)
('read', 21.2, 21.2, 503)
('read', 21.2, 21.2, 503)
('ready', 21.2, 21.2, 503)
('read', 21.2, 21.2, 503)
('read', 21.2, 21.3, 503)
('read', 21.2, 21.3, 503)
('read', 21.2, 21.3, 503)
('ready', 21.2, 21.3, 503)
('read', 21.3, 21.3, 503)
('read', 21.3, 21.3, 503)
('read', 21.3, 21.3, 503)
('ready', 21.3, 21.3, 503)
('read', 21.3, 21.3, 503)
('read', 21.3, 21.3, 503)
('read', 21.3, 21.3, 503)
('ready', 21.3, 21.3, 503)
('read', 21.3, 21.3, 503)
('read', 21.3, 21.3, 503)
('read', 21.3, 21.3, 503)
('ready', 21.3, 21.3, 503)
('read', 21.3, 21.3, 503)
('read', 21.3, 21.3, 503)
('read', 21.3, 21.3, 503)
('ready', 21.3, 21.3, 503)
('read', 21.3, 21.3, 503)
('read', 21.3, 21.3, 503)
('ready', 21.3, 21.3, 503)
('read', 21.3, 21.3, 503)
('read', 21.3, 21.3, 503)
('read', 21.3, 21.3, 503)
('ready', 21.3, 21.3, 503)
('read', 21.3, 21.3, 503)
('read', 21.3, 21.3, 503)
('read', 21.3, 21.3, 503)
('ready', 21.3, 21.3, 503)
('read', 21.3, 21.3, 503)
('read', 21.3, 21.3, 503)
('read', 21.3, 21.3, 503)
('read', 21.3, 21.3, 503)
('ready', 21.3, 21.3, 503)
('read', 21.3, 21.3, 503)
('read', 21.3, 21.3, 503)
('read', 21.3, 21.3, 503)
('ready', 21.3, 21.3, 503)
('read', 21.3, 21.3, 503)
('read', 21.3, 21.3, 503)
('ready', 21.3, 21.3, 503)
('read', 21.3, 21.3, 503)
('read', 21.3, 21.3, 503)
('read', 21.3, 21.3, 503)
('ready', 21.3, 21.3, 503)
('read', 21.3, 21.3, 503)
('read', 21.3, 21.3, 503)
('read', 21.3, 21.3, 503)
('ready', 21.3, 21.3, 503)
('read', 21.3, 21.3, 503)
('read', 21.3, 21.3, 503)
('read', 21.3, 21.3, 503)
('ready', 21.3, 21.3, 503)
('read', 21.3, 21.3, 503)
('read', 21.3, 21.3, 503)
('read', 21.3, 21.3, 503)
('ready', 21.3, 21.3, 503)
('read', 21.3, 21.3, 503)
('read', 21.3, 21.4, 503)
('ready', 21.3, 21.4, 503)
('read', 21.3, 21.4, 503)
('read', 21.3, 21.4, 503)
('read', 21.4, 21.4, 503)
('read', 21.4, 21.4, 503)
('ready', 21.4, 21.4, 503)
('read', 21.4, 21.4, 503)
('read', 21.4, 21.4, 503)
('ready', 21.4, 21.4, 503)
('read', 21.4, 21.4, 503)
('read', 21.4, 21.4, 503)
('read', 21.4, 21.4, 503)
('read', 21.4, 21.4, 503)
('read', 21.4, 21.4, 503)
('ready', 21.4, 21.4, 503)
('read', 21.4, 21.4, 503)
('read', 21.4, 21.4, 503)
('ready', 21.4, 21.4, 503)
('read', 21.4, 21.4, 503)
('read', 21.4, 21.4, 503)
('read', 21.4, 21.4, 503)
('ready', 21.4, 21.4, 503)
('read', 21.4, 21.4, 503)
('read', 21.4, 21.4, 503)
('read', 21.4, 21.4, 503)
('read', 21.4, 21.4, 503)
('ready', 21.4, 21.4, 503)
('read', 21.4, 21.4, 503)
('read', 21.4, 21.4, 503)
('ready', 21.4, 21.4, 503)
('read', 21.4, 21.4, 503)
('read', 21.4, 21.4, 503)
('read', 21.4, 21.4, 503)
('read', 21.4, 21.4, 503)
('ready', 21.4, 21.4, 503)
('read', 21.4, 21.4, 503)
('read', 21.4, 21.4, 503)
('ready', 21.4, 21.4, 503)
('read', 21.4, 21.4, 503)
('read', 21.4, 21.4, 503)
('read', 21.4, 21.4, 503)
('ready', 21.4, 21.5, 503)
('read', 21.4, 21.5, 503)
('read', 21.4, 21.5, 503)
('read', 21.4, 21.5, 503)
('ready', 21.5, 21.5, 503)
('read', 21.5, 21.5, 503)
('read', 21.5, 21.5, 503)
('read', 21.5, 21.5, 503)
('read', 21.5, 21.5, 503)
('ready', 21.5, 21.5, 503)
('read', 21.5, 21.5, 503)
('read', 21.5, 21.5, 503)
('read', 21.5, 21.5, 503)
('ready', 21.5, 21.5, 503)
('read', 21.5, 21.5, 503)
('read', 21.5, 21.5, 503)
('read', 21.5, 21.5, 503)
('ready', 21.5, 21.5, 503)
('read', 21.5, 21.5, 503)
('read', 21.5, 21.5, 503)
('read', 21.5, 21.5, 503)
('ready', 21.5, 21.5, 503)
('read', 21.5, 21.5, 503)
('read', 21.5, 21.5, 503)
('read', 21.5, 21.5, 503)
('read', 21.5, 21.5, 503)
('read', 21.5, 21.5, 503)
('read', 21.5, 21.5, 503)
('ready', 21.5, 21.5, 503)
('read', 21.5, 21.5, 503)
('read', 21.5, 21.5, 503)
('read', 21.5, 21.5, 503)
('ready', 21.5, 21.5, 503)
('read', 21.5, 21.5, 503)
('read', 21.5, 21.5, 503)
('ready', 21.5, 21.5, 503)
('read', 21.5, 21.5, 503)
('read', 21.5, 21.5, 503)
('read', 21.5, 21.5, 503)
('ready', 21.5, 21.5, 503)
('read', 21.5, 21.5, 503)
('read', 21.5, 21.5, 503)
('read', 21.5, 21.5, 503)
('ready', 21.5, 21.5, 503)
('read', 21.5, 21.5, 503)
('read', 21.5, 21.5, 503)
('read', 21.5, 21.5, 503)
('ready', 21.5, 21.5, 503)
('read', 21.5, 21.5, 503)
('read', 21.5, 21.5, 503)
('read', 21.5, 21.5, 503)
('read', 21.5, 21.5, 503)
('ready', 21.5, 21.5, 503)
('read', 21.5, 21.5, 503)
('ready', 21.5, 21.5, 503)
('read', 21.5, 21.5, 503)
('read', 21.5, 21.5, 503)
('read', 21.5, 21.5, 503)
('read', 21.5, 21.5, 503)
('read', 21.5, 21.5, 503)
('ready', 21.5, 21.5, 503)
('read', 21.5, 21.5, 503)
('read', 21.5, 21.5, 503)
('ready', 21.5, 21.5, 503)
('read', 21.5, 21.5, 503)
('read', 21.5, 21.5, 503)
('read', 21.5, 21.6, 503)
('read', 21.5, 21.6, 503)
('ready', 21.5, 21.6, 503)
('read', 21.5, 21.6, 503)
('ready', 21.6, 21.6, 503)
('read', 21.6, 21.6, 503)
('read', 21.6, 21.6, 503)
('read', 21.6, 21.6, 503)
('ready', 21.6, 21.6, 503)
('read', 21.6, 21.6, 503)
('read', 21.6, 21.6, 503)
('read', 21.6, 21.6, 503)
('ready', 21.6, 21.6, 503)
('read', 21.6, 21.6, 503)
('read', 21.6, 21.6, 503)
('read', 21.6, 21.6, 503)
('ready', 21.6, 21.6, 503)
('read', 21.6, 21.6, 503)
('read', 21.6, 21.6, 503)
('read', 21.6, 21.6, 503)
('ready', 21.6, 21.6, 503)
('read', 21.6, 21.6, 503)
('read', 21.6, 21.6, 503)
('read', 21.6, 21.6, 503)
('ready', 21.6, 21.6, 503)
('read', 21.6, 21.6, 503)
('read', 21.6, 21.6, 503)
('read', 21.6, 21.6, 503)
('ready', 21.6, 21.6, 503)
('ready', 21.6, 21.6, 503)
('read', 21.6, 21.6, 503)
('read', 21.6, 21.6, 503)
('read', 21.6, 21.6, 503)
('ready', 21.6, 21.6, 503)
('read', 21.6, 21.6, 503)
('read', 21.6, 21.6, 503)
('read', 21.6, 21.6, 503)
('ready', 21.6, 21.6, 503)
('read', 21.6, 21.6, 503)
('read', 21.6, 21.6, 503)
('read', 21.6, 21.6, 503)
('ready', 21.6, 21.6, 503)
('read', 21.6, 21.6, 503)
('read', 21.6, 21.6, 503)
('read', 21.6, 21.6, 503)
('ready', 21.6, 21.6, 503)
('read', 21.6, 21.6, 503)
('read', 21.6, 21.6, 503)
('ready', 21.6, 21.6, 503)
('read', 21.6, 21.6, 503)
('read', 21.6, 21.6, 503)
('read', 21.6, 21.6, 503)
('ready', 21.6, 21.6, 503)
('read', 21.6, 21.6, 503)
('read', 21.6, 21.6, 503)
('read', 21.6, 21.6, 503)
('ready', 21.6, 21.6, 503)
('read', 21.6, 21.6, 503)
('read', 21.6, 21.6, 503)
('read', 21.6, 21.6, 503)
('ready', 21.6, 21.6, 503)
('read', 21.6, 21.7, 503)
('read', 21.6, 21.7, 503)
('read', 21.6, 21.7, 503)
('ready', 21.6, 21.7, 503)
('read', 21.7, 21.7, 503)
('read', 21.7, 21.7, 503)
('read', 21.7, 21.7, 503)
('read', 21.7, 21.7, 503)
('ready', 21.7, 21.7, 503)
('read', 21.7, 21.7, 503)
('read', 21.7, 21.7, 503)
('read', 21.7, 21.7, 503)
('ready', 21.7, 21.7, 503)
('read', 21.7, 21.7, 503)
('read', 21.7, 21.7, 503)
('read', 21.7, 21.7, 503)
('ready', 21.7, 21.7, 503)
('ready', 21.7, 21.7, 503)
('read', 21.7, 21.7, 503)
('read', 21.7, 21.7, 503)
('read', 21.7, 21.7, 503)
('read', 21.7, 21.7, 503)
('read', 21.7, 21.7, 503)
('ready', 21.7, 21.7, 503)
('read', 21.7, 21.7, 503)
('read', 21.7, 21.7, 503)
('read', 21.7, 21.7, 503)
('ready', 21.7, 21.7, 503)
('read', 21.7, 21.7, 503)
('read', 21.7, 21.7, 503)
('read', 21.7, 21.7, 503)
('read', 21.7, 21.7, 503)
('ready', 21.7, 21.7, 503)
('read', 21.7, 21.7, 503)
('read', 21.7, 21.7, 503)
('read', 21.7, 21.7, 503)
('ready', 21.7, 21.7, 503)
('read', 21.7, 21.7, 503)
('read', 21.7, 21.7, 503)
('read', 21.7, 21.7, 503)
('ready', 21.7, 21.7, 503)
('ready', 21.7, 21.7, 503)
('read', 21.7, 21.7, 503)
('read', 21.7, 21.7, 503)
('read', 21.7, 21.7, 503)
('read', 21.7, 21.7, 503)
('read', 21.7, 21.7, 503)
('read', 21.7, 21.7, 503)
('ready', 21.7, 21.7, 503)
('read', 21.7, 21.7, 503)
('read', 21.7, 21.7, 503)
('read', 21.7, 21.7, 503)
('read', 21.7, 21.7, 503)
('ready', 21.7, 21.7, 503)
('read', 21.7, 21.7, 503)
('read', 21.7, 21.7, 503)
('ready', 21.7, 21.7, 503)
('read', 21.7, 21.7, 503)
('ready', 21.7, 21.7, 503)
('read', 21.7, 21.7, 503)
('read', 21.7, 21.7, 503)
('read', 21.7, 21.7, 503)
('read', 21.7, 21.8, 503)
('read', 21.7, 21.8, 503)
('read', 21.7, 21.8, 503)
('ready', 21.7, 21.8, 503)
('ready', 21.8, 21.8, 503)
('read', 21.8, 21.8, 503)
('read', 21.8, 21.8, 503)
('read', 21.8, 21.8, 503)
('ready', 21.8, 21.8, 503)
('read', 21.8, 21.8, 503)
('read', 21.8, 21.8, 503)
('read', 21.8, 21.8, 503)
('ready', 21.8, 21.8, 503)
('ready', 21.8, 21.8, 503)
('read', 21.8, 21.8, 503)
('read', 21.8, 21.8, 503)
('read', 21.8, 21.8, 503)
('ready', 21.8, 21.8, 503)
('read', 21.8, 21.8, 503)
('read', 21.8, 21.8, 503)
('read', 21.8, 21.8, 503)
('ready', 21.8, 21.8, 503)
('read', 21.8, 21.8, 503)
('read', 21.8, 21.8, 503)
('read', 21.8, 21.8, 503)
('ready', 21.8, 21.8, 503)
('read', 21.8, 21.8, 503)
('read', 21.8, 21.8, 503)
('read', 21.8, 21.8, 503)
('ready', 21.8, 21.8, 503)
('read', 21.8, 21.8, 503)
('read', 21.8, 21.8, 503)
('read', 21.8, 21.8, 503)
('ready', 21.8, 21.8, 503)
('read', 21.8, 21.8, 503)
('read', 21.8, 21.8, 503)
('read', 21.8, 21.8, 503)
('ready', 21.8, 21.8, 503)
('read', 21.8, 21.8, 503)
('read', 21.8, 21.8, 503)
('ready', 21.8, 21.8, 503)
('read', 21.8, 21.8, 503)
('read', 21.8, 21.8, 503)
('ready', 21.8, 21.8, 503)
('read', 21.8, 21.8, 503)
('read', 21.8, 21.8, 503)
('read', 21.8, 21.8, 503)
('ready', 21.8, 21.8, 503)
('read', 21.8, 21.8, 503)
('read', 21.8, 21.8, 503)
('read', 21.8, 21.8, 503)
('read', 21.8, 21.8, 503)
('read', 21.8, 21.8, 503)
('ready', 21.8, 21.8, 503)
('read', 21.8, 21.8, 503)
('read', 21.8, 21.8, 503)
('ready', 21.8, 21.8, 503)
('read', 21.8, 21.8, 503)
('read', 21.8, 21.8, 503)
('read', 21.8, 21.8, 503)
('ready', 21.8, 21.8, 503)
('read', 21.8, 21.8, 503)
('read', 21.8, 21.8, 503)
('read', 21.8, 21.8, 503)
('ready', 21.8, 21.8, 503)
('read', 21.8, 21.8, 503)
('read', 21.8, 21.8, 503)
('read', 21.8, 21.9, 503)
('read', 21.8, 21.9, 503)
('ready', 21.8, 21.9, 503)
('read', 21.8, 21.9, 503)
('read', 21.9, 21.9, 503)
('read', 21.9, 21.9, 503)
('read', 21.9, 21.9, 503)
('ready', 21.9, 21.9, 503)
('read', 21.9, 21.9, 503)
('ready', 21.9, 21.9, 503)
('read', 21.9, 21.9, 503)
('read', 21.9, 21.9, 503)
('read', 21.9, 21.9, 503)
('ready', 21.9, 21.9, 503)
('read', 21.9, 21.9, 503)
('read', 21.9, 21.9, 503)
('read', 21.9, 21.9, 503)
('ready', 21.9, 21.9, 503)
('read', 21.9, 21.9, 503)
('read', 21.9, 21.9, 503)
('read', 21.9, 21.9, 503)
('ready', 21.9, 21.9, 503)
('read', 21.9, 21.9, 503)
('read', 21.9, 21.9, 503)
('read', 21.9, 21.9, 503)
('ready', 21.9, 21.9, 503)
('read', 21.9, 21.9, 503)
('read', 21.9, 21.9, 503)
('read', 21.9, 21.9, 503)
('ready', 21.9, 21.9, 503)
('read', 21.9, 21.9, 503)
('read', 21.9, 21.9, 503)
('read', 21.9, 21.9, 503)
('ready', 21.9, 21.9, 503)
('read', 21.9, 21.9, 503)
('read', 21.9, 21.9, 503)
('ready', 21.9, 21.9, 503)
('read', 21.9, 21.9, 503)
('read', 21.9, 21.9, 503)
('read', 21.9, 21.9, 503)
('ready', 21.9, 21.9, 503)
('read', 21.9, 21.9, 503)
('read', 21.9, 21.9, 503)
('read', 21.9, 21.9, 503)
('read', 21.9, 21.9, 503)
('ready', 21.9, 21.9, 503)
('read', 21.9, 21.9, 503)
('read', 21.9, 21.9, 503)
('read', 21.9, 21.9, 503)
('ready', 21.9, 21.9, 503)
('read', 21.9, 21.9, 503)
('read', 21.9, 21.9, 503)
('ready', 21.9, 21.9, 503)
('read', 21.9, 21.9, 503)
('read', 21.9, 21.9, 503)
('read', 21.9, 21.9, 503)
('ready', 21.9, 21.9, 503)
('read', 21.9, 21.9, 503)
('read', 21.9, 21.9, 503)
('read', 21.9, 21.9, 503)
('read', 21.9, 21.9, 503)
('ready', 21.9, 22.0, 503)
('read', 21.9, 22.0, 503)
('read', 21.9, 22.0, 503)
('read', 21.9, 22.0, 503)
('ready', 22.0, 22.0, 503)
('read', 22.0, 22.0, 503)
('read', 22.0, 22.0, 503)
('read', 22.0, 22.0, 503)
('ready', 22.0, 22.0, 503)
('read', 22.0, 22.0, 503)
('read', 22.0, 22.0, 503)
('ready', 22.0, 22.0, 503)
('read', 22.0, 22.0, 503)
('read', 22.0, 22.0, 503)
('read', 22.0, 22.0, 503)
('read', 22.0, 22.0, 503)
('ready', 22.0, 22.0, 503)
('read', 22.0, 22.0, 503)
('read', 22.0, 22.0, 503)
('ready', 22.0, 22.0, 503)
('read', 22.0, 22.0, 503)
('read', 22.0, 22.0, 503)
('read', 22.0, 22.0, 503)
('read', 22.0, 22.0, 503)
('ready', 22.0, 22.0, 503)
('read', 22.0, 22.0, 503)
('read', 22.0, 22.0, 503)
('ready', 22.0, 22.0, 503)
('read', 22.0, 22.0, 503)
('read', 22.0, 22.0, 503)
('read', 22.0, 22.0, 503)
('ready', 22.0, 22.0, 503)
('read', 22.0, 22.0, 503)
('read', 22.0, 22.0, 503)
('read', 22.0, 22.0, 503)
('ready', 22.0, 22.0, 503)
('read', 22.0, 22.0, 503)
('read', 22.0, 22.0, 503)
('read', 22.0, 22.0, 503)
('read', 22.0, 22.0, 503)
('ready', 22.0, 22.0, 503)
('read', 22.0, 22.0, 503)
('read', 22.0, 22.0, 503)
('read', 22.0, 22.0, 503)
('ready', 22.0, 22.0, 503)
('read', 22.0, 22.0, 503)
('read', 22.0, 22.0, 503)
('ready', 22.0, 22.0, 503)
('read', 22.0, 22.0, 503)
('read', 22.0, 22.0, 503)
('read', 22.0, 22.0, 503)
('ready', 22.0, 22.0, 503)
('read', 22.0, 22.0, 503)
('read', 22.0, 22.0, 503)
('read', 22.0, 22.0, 503)
('ready', 22.0, 22.0, 503)
('read', 22.0, 22.0, 503)
('read', 22.0, 22.0, 503)
('ready', 22.0, 22.0, 503)
('read', 22.0, 22.0, 503)
('read', 22.0, 22.0, 503)
('read', 22.0, 22.1, 503)
('ready', 22.0, 22.1, 503)
('read', 22.0, 22.1, 503)
('read', 22.0, 22.1, 503)
('read', 22.1, 22.1, 503)
('ready', 22.1, 22.1, 503)
('read', 22.1, 22.1, 503)
('read', 22.1, 22.1, 503)
('read', 22.1, 22.1, 503)
('read', 22.1, 22.1, 503)
('read', 22.1, 22.1, 503)
('ready', 22.1, 22.1, 503)
('read', 22.1, 22.1, 503)
('read', 22.1, 22.1, 503)
('read', 22.1, 22.1, 503)
('ready', 22.1, 22.1, 503)
('read', 22.1, 22.1, 503)
('read', 22.1, 22.1, 503)
('read', 22.1, 22.1, 503)
('ready', 22.1, 22.1, 503)
('read', 22.1, 22.1, 503)
('read', 22.1, 22.1, 503)
('read', 22.1, 22.1, 503)
('ready', 22.1, 22.1, 503)
('read', 22.1, 22.1, 503)
('read', 22.1, 22.1, 503)
('read', 22.1, 22.1, 503)
('ready', 22.1, 22.1, 503)
('read', 22.1, 22.1, 503)
('read', 22.1, 22.1, 503)
('read', 22.1, 22.1, 503)
('ready', 22.1, 22.1, 503)
('read', 22.1, 22.1, 503)
('read', 22.1, 22.1, 503)
('read', 22.1, 22.1, 503)
('ready', 22.1, 22.1, 503)
('read', 22.1, 22.1, 503)
('read', 22.1, 22.1, 503)
('read', 22.1, 22.1, 503)
('ready', 22.1, 22.1, 503)
('read', 22.1, 22.1, 503)
('read', 22.1, 22.1, 503)
('ready', 22.1, 22.1, 503)
('read', 22.1, 22.1, 503)
('read', 22.1, 22.1, 503)
('read', 22.1, 22.1, 503)
('read', 22.1, 22.1, 503)
('ready', 22.1, 22.1, 503)
('read', 22.1, 22.1, 503)
('read', 22.1, 22.1, 503)
('read', 22.1, 22.1, 503)
('ready', 22.1, 22.1, 503)
('read', 22.1, 22.1, 503)
('ready', 22.1, 22.1, 503)
('read', 22.1, 22.1, 503)
('read', 22.1, 22.1, 503)
('read', 22.1, 22.1, 503)
('ready', 22.1, 22.1, 503)
('read', 22.1, 22.1, 503)
('read', 22.1, 22.1, 503)
('read', 22.1, 22.1, 503)
('ready', 22.1, 22.1, 503)
('read', 22.1, 22.2, 503)
('read', 22.1, 22.2, 503)
('read', 22.1, 22.2, 503)
('ready', 22.1, 22.2, 503)
('read', 22.2, 22.2, 503)
('read', 22.2, 22.2, 503)
('ready', 22.2, 22.2, 503)
('read', 22.2, 22.2, 503)
('read', 22.2, 22.2, 503)
('read', 22.2, 22.2, 503)
('read', 22.2, 22.2, 503)
('ready', 22.2, 22.2, 503)
('read', 22.2, 22.2, 503)
('ready', 22.2, 22.2, 503)
('read', 22.2, 22.2, 503)
('read', 22.2, 22.2, 503)
('read', 22.2, 22.2, 503)
('read', 22.2, 22.2, 503)
('read', 22.2, 22.2, 503)
('ready', 22.2, 22.2, 503)
('read', 22.2, 22.2, 503)
('read', 22.2, 22.2, 503)
('ready', 22.2, 22.2, 503)
('read', 22.2, 22.2, 503)
('read', 22.2, 22.2, 503)
('ready', 22.2, 22.2, 503)
('read', 22.2, 22.2, 503)
('read', 22.2, 22.2, 503)
('read', 22.2, 22.2, 503)
('read', 22.2, 22.2, 503)
('read', 22.2, 22.2, 503)
('ready', 22.2, 22.2, 503)
('read', 22.2, 22.2, 503)
('read', 22.2, 22.2, 503)
('read', 22.2, 22.2, 503)
('ready', 22.2, 22.2, 503)
('read', 22.2, 22.2, 503)
('read', 22.2, 22.2, 503)
('read', 22.2, 22.2, 503)
('ready', 22.2, 22.2, 503)
('read', 22.2, 22.2, 503)
('ready', 22.2, 22.2, 503)
('read', 22.2, 22.2, 503)
('read', 22.2, 22.2, 503)
('read', 22.2, 22.2, 503)
('ready', 22.2, 22.2, 503)
('read', 22.2, 22.2, 503)
('read', 22.2, 22.2, 503)
('read', 22.2, 22.2, 503)
('ready', 22.2, 22.2, 503)
('read', 22.2, 22.2, 503)
('read', 22.2, 22.2, 503)
('read', 22.2, 22.2, 503)
('ready', 22.2, 22.2, 503)
('read', 22.2, 22.2, 503)
('read', 22.2, 22.2, 503)
('read', 22.2, 22.2, 503)
('ready', 22.2, 22.2, 503)
('ready', 22.2, 22.2, 503)
('read', 22.2, 22.2, 503)
('read', 22.2, 22.2, 503)
('read', 22.2, 22.2, 503)
('ready', 22.2, 22.3, 503)
('read', 22.2, 22.3, 503)
('read', 22.2, 22.3, 503)
('read', 22.2, 22.3, 503)
('ready', 22.3, 22.3, 503)
('read', 22.3, 22.3, 503)
('read', 22.3, 22.3, 503)
('read', 22.3, 22.3, 503)
('ready', 22.3, 22.3, 503)
('read', 22.3, 22.3, 503)
('ready', 22.3, 22.3, 503)
('read', 22.3, 22.3, 503)
('read', 22.3, 22.3, 503)
('read', 22.3, 22.3, 503)
('ready', 22.3, 22.3, 503)
('read', 22.3, 22.3, 503)
('read', 22.3, 22.3, 503)
('read', 22.3, 22.3, 503)
('read', 22.3, 22.3, 503)
('ready', 22.3, 22.3, 503)
('read', 22.3, 22.3, 503)
('read', 22.3, 22.3, 503)
('ready', 22.3, 22.3, 503)
('read', 22.3, 22.3, 503)
('read', 22.3, 22.3, 503)
('read', 22.3, 22.3, 503)
('read', 22.3, 22.3, 503)
('read', 22.3, 22.3, 503)
('read', 22.3, 22.3, 503)
('ready', 22.3, 22.3, 503)
('read', 22.3, 22.3, 503)
('read', 22.3, 22.3, 503)
('read', 22.3, 22.3, 503)
('ready', 22.3, 22.3, 503)
('ready', 22.3, 22.3, 503)
('read', 22.3, 22.3, 503)
('read', 22.3, 22.3, 503)
('read', 22.3, 22.3, 503)
('ready', 22.3, 22.3, 503)
('read', 22.3, 22.3, 503)
('read', 22.3, 22.3, 503)
('read', 22.3, 22.3, 503)
('ready', 22.3, 22.3, 503)
('read', 22.3, 22.3, 503)
('read', 22.3, 22.3, 503)
('read', 22.3, 22.3, 503)
('ready', 22.3, 22.3, 503)
('read', 22.3, 22.3, 503)
('read', 22.3, 22.3, 503)
('ready', 22.3, 22.3, 503)
('read', 22.3, 22.3, 503)
('ready', 22.3, 22.3, 503)
('read', 22.3, 22.3, 503)
('read', 22.3, 22.3, 503)
('read', 22.3, 22.3, 503)
('ready', 22.3, 22.3, 503)
('read', 22.3, 22.3, 503)
('read', 22.3, 22.3, 503)
('read', 22.3, 22.3, 503)
('ready', 22.3, 22.3, 503)
('read', 22.3, 22.3, 503)
('read', 22.3, 22.3, 503)
('read', 22.3, 22.3, 503)
('ready', 22.3, 22.3, 503)
('read', 22.3, 22.4, 503)
('ready', 22.3, 22.4, 503)
('read', 22.3, 22.4, 503)
('read', 22.3, 22.4, 503)
('ready', 22.4, 22.4, 503)
('read', 22.4, 22.4, 503)
('read', 22.4, 22.4, 503)
('read', 22.4, 22.4, 503)
('read', 22.4, 22.4, 503)
('ready', 22.4, 22.4, 503)
('read', 22.4, 22.4, 503)
('read', 22.4, 22.4, 503)
('read', 22.4, 22.4, 503)
('read', 22.4, 22.4, 503)
('read', 22.4, 22.4, 503)
('ready', 22.4, 22.4, 503)
('read', 22.4, 22.4, 503)
('read', 22.4, 22.4, 503)
('ready', 22.4, 22.4, 503)
('read', 22.4, 22.4, 503)
('read', 22.4, 22.4, 503)
('read', 22.4, 22.4, 503)
('ready', 22.4, 22.4, 503)
('read', 22.4, 22.4, 503)
('read', 22.4, 22.4, 503)
('read', 22.4, 22.4, 503)
('read', 22.4, 22.4, 503)
('ready', 22.4, 22.4, 503)
('read', 22.4, 22.4, 503)
('read', 22.4, 22.4, 503)
('read', 22.4, 22.4, 503)
('ready', 22.4, 22.4, 503)
('read', 22.4, 22.4, 503)
('read', 22.4, 22.4, 503)
('read', 22.4, 22.4, 503)
('ready', 22.4, 22.4, 503)
('read', 22.4, 22.4, 503)
('read', 22.4, 22.4, 503)
('ready', 22.4, 22.4, 503)
('read', 22.4, 22.4, 503)
('read', 22.4, 22.4, 503)
('read', 22.4, 22.4, 503)
('ready', 22.4, 22.4, 503)
('read', 22.4, 22.4, 503)
('read', 22.4, 22.4, 503)
('read', 22.4, 22.4, 503)
('ready', 22.4, 22.4, 503)
('read', 22.4, 22.4, 503)
('read', 22.4, 22.4, 503)
('ready', 22.4, 22.4, 503)
('read', 22.4, 22.4, 503)
('ready', 22.4, 22.4, 503)
('read', 22.4, 22.4, 503)
('read', 22.4, 22.4, 503)
('read', 22.4, 22.4, 503)
('read', 22.4, 22.4, 503)
('read', 22.4, 22.4, 503)
('read', 22.4, 22.4, 503)
('ready', 22.4, 22.4, 503)
('ready', 22.4, 22.4, 503)
('read', 22.4, 22.4, 503)
('read', 22.4, 22.4, 503)
('read', 22.4, 22.4, 503)
('ready', 22.4, 22.4, 503)
('read', 22.4, 22.5, 503)
('read', 22.4, 22.5, 503)
('read', 22.4, 22.5, 503)
('ready', 22.4, 22.5, 503)
('read', 22.5, 22.5, 503)
('read', 22.5, 22.5, 503)
('read', 22.5, 22.5, 503)
('ready', 22.5, 22.5, 503)
('read', 22.5, 22.5, 503)
('read', 22.5, 22.5, 503)
('read', 22.5, 22.5, 503)
('ready', 22.5, 22.5, 503)
('read', 22.5, 22.5, 503)
('read', 22.5, 22.5, 503)
('read', 22.5, 22.5, 503)
('ready', 22.5, 22.5, 503)
('read', 22.5, 22.5, 503)
('ready', 22.5, 22.5, 503)
('read', 22.5, 22.5, 503)
('read', 22.5, 22.5, 503)
('read', 22.5, 22.5, 503)
('read', 22.5, 22.5, 503)
('ready', 22.5, 22.5, 503)
('read', 22.5, 22.5, 503)
('read', 22.5, 22.5, 503)
('read', 22.5, 22.5, 503)
('read', 22.5, 22.5, 503)
('ready', 22.5, 22.5, 503)
('read', 22.5, 22.5, 503)
('read', 22.5, 22.5, 503)
('read', 22.5, 22.5, 503)
('ready', 22.5, 22.5, 503)
('read', 22.5, 22.5, 503)
('read', 22.5, 22.5, 503)
('read', 22.5, 22.5, 503)
('ready', 22.5, 22.5, 503)
('read', 22.5, 22.5, 503)
('read', 22.5, 22.5, 503)
('read', 22.5, 22.5, 503)
('ready', 22.5, 22.5, 503)
('read', 22.5, 22.5, 503)
('read', 22.5, 22.5, 503)
('read', 22.5, 22.5, 503)
('ready', 22.5, 22.5, 503)
('read', 22.5, 22.5, 503)
('read', 22.5, 22.5, 503)
('read', 22.5, 22.5, 503)
('read', 22.5, 22.5, 503)
('ready', 22.5, 22.5, 503)
('read', 22.5, 22.5, 503)
('read', 22.5, 22.5, 503)
('read', 22.5, 22.5, 503)
('ready', 22.5, 22.5, 503)
('read', 22.5, 22.6, 503)
('read', 22.5, 22.6, 503)
('ready', 22.5, 22.6, 503)
('read', 22.5, 22.6, 503)
('read', 22.6, 22.6, 503)
('read', 22.6, 22.6, 503)
('read', 22.6, 22.6, 503)
('ready', 22.6, 22.6, 503)
('read', 22.6, 22.6, 503)
('read', 22.6, 22.6, 503)
('ready', 22.6, 22.6, 503)
('read', 22.6, 22.6, 503)
('read', 22.6, 22.6, 503)
('ready', 22.6, 22.6, 503)
('read', 22.6, 22.6, 503)
('read', 22.6, 22.6, 503)
('read', 22.6, 22.6, 503)
('read', 22.6, 22.6, 503)
('read', 22.6, 22.6, 503)
('ready', 22.6, 22.6, 503)
('read', 22.6, 22.6, 503)
('read', 22.6, 22.6, 503)
('read', 22.6, 22.6, 503)
('ready', 22.6, 22.6, 503)
('read', 22.6, 22.6, 503)
('read', 22.6, 22.6, 503)
('read', 22.6, 22.6, 503)
('read', 22.6, 22.6, 503)
('ready', 22.6, 22.6, 503)
('read', 22.6, 22.6, 503)
('read', 22.6, 22.6, 503)
('ready', 22.6, 22.6, 503)
('read', 22.6, 22.6, 503)
('read', 22.6, 22.6, 503)
('read', 22.6, 22.6, 503)
('read', 22.6, 22.6, 503)
('ready', 22.6, 22.6, 503)
('read', 22.6, 22.6, 503)
('read', 22.6, 22.6, 503)
('ready', 22.6, 22.6, 503)
('read', 22.6, 22.6, 503)
('read', 22.6, 22.6, 503)
('read', 22.6, 22.6, 503)
('read', 22.6, 22.6, 503)
('ready', 22.6, 22.6, 503)
('read', 22.6, 22.7, 503)
('read', 22.6, 22.7, 503)
('ready', 22.6, 22.7, 503)
('read', 22.6, 22.7, 503)
('read', 22.7, 22.7, 503)
('ready', 22.7, 22.7, 503)
('read', 22.7, 22.7, 503)
('read', 22.7, 22.7, 503)
('read', 22.7, 22.7, 503)
('ready', 22.7, 22.7, 503)
('read', 22.7, 22.7, 503)
('read', 22.7, 22.7, 503)
('read', 22.7, 22.7, 503)
('read', 22.7, 22.7, 503)
('read', 22.7, 22.7, 503)
('ready', 22.7, 22.7, 503)
('read', 22.7, 22.7, 503)
('read', 22.7, 22.7, 503)
('read', 22.7, 22.7, 503)
('read', 22.7, 22.7, 503)
('ready', 22.7, 22.7, 503)
('read', 22.7, 22.7, 503)
('read', 22.7, 22.7, 503)
('read', 22.7, 22.7, 503)
('ready', 22.7, 22.7, 503)
('read', 22.7, 22.7, 503)
('read', 22.7, 22.7, 503)
('ready', 22.7, 22.7, 503)
('read', 22.7, 22.7, 503)
('ready', 22.7, 22.7, 503)
('read', 22.7, 22.7, 503)
('read', 22.7, 22.7, 503)
('read', 22.7, 22.7, 503)
('read', 22.7, 22.7, 503)
('read', 22.7, 22.7, 503)
('ready', 22.7, 22.7, 503)
('read', 22.7, 22.7, 503)
('read', 22.7, 22.7, 503)
('ready', 22.7, 22.7, 503)
('read', 22.7, 22.7, 503)
('read', 22.7, 22.7, 503)
('read', 22.7, 22.7, 503)
('ready', 22.7, 22.7, 503)
('read', 22.7, 22.7, 503)
('read', 22.7, 22.7, 503)
('read', 22.7, 22.7, 503)
('ready', 22.7, 22.7, 503)
('read', 22.7, 22.7, 503)
('read', 22.7, 22.7, 503)
('read', 22.7, 22.7, 503)
('read', 22.7, 22.7, 503)
('ready', 22.7, 22.7, 503)
('read', 22.7, 22.7, 503)
('read', 22.7, 22.7, 503)
('ready', 22.7, 22.7, 503)
('read', 22.7, 22.7, 503)
('read', 22.7, 22.7, 503)
('read', 22.7, 22.7, 503)
('ready', 22.7, 22.7, 503)
('read', 22.7, 22.8, 503)
('read', 22.7, 22.8, 503)
('read', 22.7, 22.8, 503)
('ready', 22.7, 22.8, 503)
('read', 22.8, 22.8, 503)
('read', 22.8, 22.8, 503)
('read', 22.8, 22.8, 503)
('ready', 22.8, 22.8, 503)
('read', 22.8, 22.8, 503)
('read', 22.8, 22.8, 503)
('read', 22.8, 22.8, 503)
('ready', 22.8, 22.8, 503)
('read', 22.8, 22.8, 503)
('read', 22.8, 22.8, 503)
('ready', 22.8, 22.8, 503)
('read', 22.8, 22.8, 503)
('ready', 22.8, 22.8, 503)
('read', 22.8, 22.8, 503)
('read', 22.8, 22.8, 503)
('read', 22.8, 22.8, 503)
('ready', 22.8, 22.8, 503)
('read', 22.8, 22.8, 503)
('read', 22.8, 22.8, 503)
('read', 22.8, 22.8, 503)
('ready', 22.8, 22.8, 503)
('read', 22.8, 22.8, 503)
('read', 22.8, 22.8, 503)
('read', 22.8, 22.8, 503)
('ready', 22.8, 22.8, 503)
('read', 22.8, 22.8, 503)
('read', 22.8, 22.8, 503)
('ready', 22.8, 22.8, 503)
('read', 22.8, 22.8, 503)
('read', 22.8, 22.8, 503)
('read', 22.8, 22.8, 503)
('read', 22.8, 22.8, 503)
('ready', 22.8, 22.8, 503)
('read', 22.8, 22.8, 503)
('read', 22.8, 22.8, 503)
('ready', 22.8, 22.8, 503)
('read', 22.8, 22.8, 503)
('read', 22.8, 22.8, 503)
('ready', 22.8, 22.8, 503)
('read', 22.8, 22.8, 503)
('read', 22.8, 22.8, 503)
('read', 22.8, 22.8, 503)
('ready', 22.8, 22.8, 503)
('read', 22.8, 22.8, 503)
('read', 22.8, 22.8, 503)
('ready', 22.8, 22.8, 503)
('read', 22.8, 22.8, 503)
('read', 22.8, 22.8, 503)
('read', 22.8, 22.8, 503)
('ready', 22.8, 22.8, 503)
('read', 22.8, 22.8, 503)
('read', 22.8, 22.8, 503)
('read', 22.8, 22.8, 503)
('read', 22.8, 22.8, 503)
('ready', 22.8, 22.8, 503)
('read', 22.8, 22.8, 503)
('read', 22.8, 22.8, 503)
('read', 22.8, 22.8, 503)
('ready', 22.8, 22.8, 503)
('read', 22.8, 22.8, 503)
('read', 22.8, 22.8, 503)
('ready', 22.8, 22.9, 503)
('read', 22.8, 22.9, 503)
('read', 22.8, 22.9, 503)
('read', 22.8, 22.9, 503)
('ready', 22.9, 22.9, 503)
('read', 22.9, 22.9, 503)
('read', 22.9, 22.9, 503)
('read', 22.9, 22.9, 503)
('ready', 22.9, 22.9, 503)
('read', 22.9, 22.9, 503)
('read', 22.9, 22.9, 503)
('read', 22.9, 22.9, 503)
('ready', 22.9, 22.9, 503)
('read', 22.9, 22.9, 503)
('read', 22.9, 22.9, 503)
('read', 22.9, 22.9, 503)
('ready', 22.9, 22.9, 503)
('read', 22.9, 22.9, 503)
('read', 22.9, 22.9, 503)
('read', 22.9, 22.9, 503)
('ready', 22.9, 22.9, 503)
('ready', 22.9, 22.9, 503)
('read', 22.9, 22.9, 503)
('read', 22.9, 22.9, 503)
('read', 22.9, 22.9, 503)
('read', 22.9, 22.9, 503)
('read', 22.9, 22.9, 503)
('ready', 22.9, 22.9, 503)
('read', 22.9, 22.9, 503)
('ready', 22.9, 22.9, 503)
('read', 22.9, 22.9, 503)
('read', 22.9, 22.9, 503)
('read', 22.9, 22.9, 503)
('ready', 22.9, 22.9, 503)
('read', 22.9, 22.9, 503)
('read', 22.9, 22.9, 503)
('read', 22.9, 22.9, 503)
('ready', 22.9, 22.9, 503)
('read', 22.9, 22.9, 503)
('read', 22.9, 22.9, 503)
('read', 22.9, 22.9, 503)
('ready', 22.9, 22.9, 503)
('read', 22.9, 22.9, 503)
('read', 22.9, 22.9, 503)
('read', 22.9, 22.9, 503)
('ready', 22.9, 22.9, 503)
('read', 22.9, 22.9, 503)
('read', 22.9, 22.9, 503)
('read', 22.9, 22.9, 503)
('ready', 22.9, 22.9, 503)
('read', 22.9, 22.9, 503)
('read', 22.9, 22.9, 503)
('read', 22.9, 22.9, 503)
('ready', 22.9, 22.9, 503)
('read', 22.9, 22.9, 503)
('read', 22.9, 22.9, 503)
('read', 22.9, 22.9, 503)
('read', 22.9, 22.9, 503)
('ready', 22.9, 22.9, 503)
('read', 22.9, 22.9, 503)
('read', 22.9, 23.0, 503)
('read', 22.9, 23.0, 503)
('ready', 22.9, 23.0, 503)
('read', 22.9, 23.0, 503)
('read', 23.0, 23.0, 503)
('read', 23.0, 23.0, 503)
('ready', 23.0, 23.0, 503)
('read', 23.0, 23.0, 503)
('read', 23.0, 23.0, 503)
('read', 23.0, 23.0, 503)
('ready', 23.0, 23.0, 503)
('read', 23.0, 23.0, 503)
('read', 23.0, 23.0, 503)
('read', 23.0, 23.0, 503)
('ready', 23.0, 23.0, 503)
('ready', 23.0, 23.0, 503)
('read', 23.0, 23.0, 503)
('read', 23.0, 23.0, 503)
('read', 23.0, 23.0, 503)
('read', 23.0, 23.0, 503)
('read', 23.0, 23.0, 503)
('ready', 23.0, 23.0, 503)
('read', 23.0, 23.0, 503)
('read', 23.0, 23.0, 503)
('ready', 23.0, 23.0, 503)
('read', 23.0, 23.0, 503)
('read', 23.0, 23.0, 503)
('read', 23.0, 23.0, 503)
('read', 23.0, 23.0, 503)
('read', 23.0, 23.0, 503)
('ready', 23.0, 23.0, 503)
('read', 23.0, 23.0, 503)
('read', 23.0, 23.0, 503)
('ready', 23.0, 23.0, 503)
('read', 23.0, 23.0, 503)
('read', 23.0, 23.0, 503)
('ready', 23.0, 23.0, 503)
('read', 23.0, 23.0, 503)
('read', 23.0, 23.0, 503)
('read', 23.0, 23.0, 503)
('read', 23.0, 23.0, 503)
('read', 23.0, 23.0, 503)
('ready', 23.0, 23.0, 503)
('read', 23.0, 23.0, 503)
('read', 23.0, 23.0, 503)
('read', 23.0, 23.0, 503)
('ready', 23.0, 23.0, 503)
('read', 23.0, 23.0, 503)
('ready', 23.0, 23.0, 503)
('read', 23.0, 23.0, 503)
('read', 23.0, 23.0, 503)
('read', 23.0, 23.0, 503)
('read', 23.0, 23.0, 503)
('read', 23.0, 23.0, 503)
('ready', 23.0, 23.0, 503)
('read', 23.0, 23.0, 503)
('read', 23.0, 23.0, 503)
('ready', 23.0, 23.0, 503)
('read', 23.0, 23.0, 503)
('read', 23.0, 23.0, 503)
('read', 23.0, 23.1, 503)
('read', 23.0, 23.1, 503)
('read', 23.0, 23.1, 503)
('ready', 23.0, 23.1, 503)
('read', 23.1, 23.1, 503)
('ready', 23.1, 23.1, 503)
('read', 23.1, 23.1, 503)
('read', 23.1, 23.1, 503)
('ready', 23.1, 23.1, 503)
('read', 23.1, 23.1, 503)
('read', 23.1, 23.1, 503)
('read', 23.1, 23.1, 503)
('read', 23.1, 23.1, 503)
('ready', 23.1, 23.1, 503)
('read', 23.1, 23.1, 503)
('read', 23.1, 23.1, 503)
('ready', 23.1, 23.1, 503)
('read', 23.1, 23.1, 503)
('read', 23.1, 23.1, 503)
('read', 23.1, 23.1, 503)
('ready', 23.1, 23.1, 503)
('read', 23.1, 23.1, 503)
('read', 23.1, 23.1, 503)
('read', 23.1, 23.1, 503)
('read', 23.1, 23.1, 503)
('ready', 23.1, 23.1, 503)
('read', 23.1, 23.1, 503)
('read', 23.1, 23.1, 503)
('read', 23.1, 23.1, 503)
('read', 23.1, 23.1, 503)
('read', 23.1, 23.1, 503)
('ready', 23.1, 23.1, 503)
('read', 23.1, 23.1, 503)
('read', 23.1, 23.1, 503)
('ready', 23.1, 23.1, 503)
('read', 23.1, 23.1, 503)
('read', 23.1, 23.1, 503)
('read', 23.1, 23.1, 503)
('read', 23.1, 23.1, 503)
('ready', 23.1, 23.1, 503)
('read', 23.1, 23.1, 503)
('read', 23.1, 23.1, 503)
('ready', 23.1, 23.1, 503)
('read', 23.1, 23.1, 503)
('read', 23.1, 23.1, 503)
('ready', 23.1, 23.1, 503)
('read', 23.1, 23.1, 503)
('read', 23.1, 23.1, 503)
('read', 23.1, 23.1, 503)
('read', 23.1, 23.1, 503)
('ready', 23.1, 23.1, 503)
('read', 23.1, 23.1, 503)
('read', 23.1, 23.1, 503)
('read', 23.1, 23.1, 503)
('read', 23.1, 23.1, 503)
('ready', 23.1, 23.1, 503)
('read', 23.1, 23.1, 503)
('read', 23.1, 23.1, 503)
('read', 23.1, 23.1, 503)
('ready', 23.1, 23.1, 503)
('read', 23.1, 23.1, 503)
('read', 23.1, 23.1, 503)
('read', 23.1, 23.1, 503)
('read', 23.1, 23.1, 503)
('ready', 23.1, 23.1, 503)
('read', 23.1, 23.1, 503)
('ready', 23.1, 23.1, 503)
('read', 23.1, 23.2, 503)
('read', 23.1, 23.2, 503)
('read', 23.1, 23.2, 503)
('ready', 23.1, 23.2, 503)
('read', 23.2, 23.2, 503)
('read', 23.2, 23.2, 503)
('read', 23.2, 23.2, 503)
('read', 23.2, 23.2, 503)
('ready', 23.2, 23.2, 503)
('read', 23.2, 23.2, 503)
('read', 23.2, 23.2, 503)
('ready', 23.2, 23.2, 503)
('read', 23.2, 23.2, 503)
('read', 23.2, 23.2, 503)
('read', 23.2, 23.2, 503)
('ready', 23.2, 23.2, 503)
('read', 23.2, 23.2, 503)
('read', 23.2, 23.2, 503)
('read', 23.2, 23.2, 503)
('ready', 23.2, 23.2, 503)
('read', 23.2, 23.2, 503)
('read', 23.2, 23.2, 503)
('read', 23.2, 23.2, 503)
('ready', 23.2, 23.2, 503)
('read', 23.2, 23.2, 503)
('read', 23.2, 23.2, 503)
('read', 23.2, 23.2, 503)
('read', 23.2, 23.2, 503)
('ready', 23.2, 23.2, 503)
('read', 23.2, 23.2, 503)
('read', 23.2, 23.2, 503)
('ready', 23.2, 23.2, 503)
('read', 23.2, 23.2, 503)
('read', 23.2, 23.2, 503)
('read', 23.2, 23.2, 503)
('read', 23.2, 23.2, 503)
('ready', 23.2, 23.2, 503)
('read', 23.2, 23.2, 503)
('read', 23.2, 23.2, 503)
('read', 23.2, 23.2, 503)
('ready', 23.2, 23.2, 503)
('read', 23.2, 23.2, 503)
('read', 23.2, 23.2, 503)
('read', 23.2, 23.2, 503)
('ready', 23.2, 23.2, 503)
('read', 23.2, 23.2, 503)
('read', 23.2, 23.2, 503)
('read', 23.2, 23.2, 503)
('ready', 23.2, 23.2, 503)
('read', 23.2, 23.2, 503)
('read', 23.2, 23.2, 503)
('read', 23.2, 23.2, 503)
('ready', 23.2, 23.2, 503)
('read', 23.2, 23.2, 503)
('read', 23.2, 23.2, 503)
('ready', 23.2, 23.2, 503)
('read', 23.2, 23.2, 503)
('read', 23.2, 23.2, 503)
('read', 23.2, 23.2, 503)
('read', 23.2, 23.3, 503)
('ready', 23.2, 23.3, 503)
('read', 23.2, 23.3, 503)
('read', 23.2, 23.3, 503)
('read', 23.3, 23.3, 503)
('ready', 23.3, 23.3, 503)
('read', 23.3, 23.3, 503)
('read', 23.3, 23.3, 503)
('read', 23.3, 23.3, 503)
('ready', 23.3, 23.3, 503)
('read', 23.3, 23.3, 503)
('read', 23.3, 23.3, 503)
('read', 23.3, 23.3, 503)
('ready', 23.3, 23.3, 503)
('read', 23.3, 23.3, 503)
('read', 23.3, 23.3, 503)
('read', 23.3, 23.3, 503)
('ready', 23.3, 23.3, 503)
('read', 23.3, 23.3, 503)
('read', 23.3, 23.3, 503)
('read', 23.3, 23.3, 503)
('ready', 23.3, 23.3, 503)
('read', 23.3, 23.3, 503)
('read', 23.3, 23.3, 503)
('ready', 23.3, 23.3, 503)
('read', 23.3, 23.3, 503)
('read', 23.3, 23.3, 503)
('read', 23.3, 23.3, 503)
('ready', 23.3, 23.3, 503)
('read', 23.3, 23.3, 503)
('read', 23.3, 23.3, 503)
('ready', 23.3, 23.3, 503)
('read', 23.3, 23.3, 503)
('read', 23.3, 23.3, 503)
('read', 23.3, 23.3, 503)
('ready', 23.3, 23.3, 503)
('read', 23.3, 23.3, 503)
('read', 23.3, 23.3, 503)
('read', 23.3, 23.3, 503)
('ready', 23.3, 23.3, 503)
('read', 23.3, 23.3, 503)
('ready', 23.3, 23.3, 503)
('read', 23.3, 23.3, 503)
('read', 23.3, 23.3, 503)
('read', 23.3, 23.3, 503)
('read', 23.3, 23.3, 503)
('ready', 23.3, 23.3, 503)
('read', 23.3, 23.3, 503)
('read', 23.3, 23.3, 503)
('read', 23.3, 23.3, 503)
('read', 23.3, 23.3, 503)
('ready', 23.3, 23.3, 503)
('read', 23.3, 23.3, 503)
('read', 23.3, 23.3, 503)
('read', 23.3, 23.3, 503)
('ready', 23.3, 23.3, 503)
('read', 23.3, 23.3, 503)
('ready', 23.3, 23.3, 503)
('read', 23.3, 23.3, 503)
('read', 23.3, 23.3, 503)
('read', 23.3, 23.3, 503)
('read', 23.3, 23.4, 503)
('read', 23.3, 23.4, 503)
('ready', 23.3, 23.4, 503)
('read', 23.3, 23.4, 503)
('read', 23.4, 23.4, 503)
('read', 23.4, 23.4, 503)
('read', 23.4, 23.4, 503)
('ready', 23.4, 23.4, 503)
('read', 23.4, 23.4, 503)
('read', 23.4, 23.4, 503)
('read', 23.4, 23.4, 503)
('ready', 23.4, 23.4, 503)
('read', 23.4, 23.4, 503)
('ready', 23.4, 23.4, 503)
('read', 23.4, 23.4, 503)
('read', 23.4, 23.4, 503)
('read', 23.4, 23.4, 503)
('ready', 23.4, 23.4, 503)
('read', 23.4, 23.4, 503)
('read', 23.4, 23.4, 503)
('read', 23.4, 23.4, 503)
('ready', 23.4, 23.4, 503)
('read', 23.4, 23.4, 503)
('ready', 23.4, 23.4, 503)
('read', 23.4, 23.4, 503)
('read', 23.4, 23.4, 503)
('ready', 23.4, 23.4, 503)
('read', 23.4, 23.4, 503)
('read', 23.4, 23.4, 503)
('read', 23.4, 23.4, 503)
('read', 23.4, 23.4, 503)
('read', 23.4, 23.4, 503)
('read', 23.4, 23.4, 503)
('ready', 23.4, 23.4, 503)
('read', 23.4, 23.4, 503)
('ready', 23.4, 23.4, 503)
('read', 23.4, 23.4, 503)
('read', 23.4, 23.4, 503)
('read', 23.4, 23.4, 503)
('read', 23.4, 23.4, 503)
('read', 23.4, 23.4, 503)
('ready', 23.4, 23.4, 503)
('read', 23.4, 23.4, 503)
('ready', 23.4, 23.4, 503)
('read', 23.4, 23.4, 503)
('read', 23.4, 23.4, 503)
('read', 23.4, 23.4, 503)
('ready', 23.4, 23.4, 503)
('read', 23.4, 23.4, 503)
('read', 23.4, 23.4, 503)
('ready', 23.4, 23.4, 503)
('read', 23.4, 23.4, 503)
('read', 23.4, 23.4, 503)
('read', 23.4, 23.4, 503)
('ready', 23.4, 23.4, 503)
('read', 23.4, 23.4, 503)
('read', 23.4, 23.4, 503)
('read', 23.4, 23.4, 503)
('ready', 23.4, 23.4, 503)
('read', 23.4, 23.4, 503)
('read', 23.4, 23.4, 503)
('read', 23.4, 23.4, 503)
('read', 23.4, 23.4, 503)
('ready', 23.4, 23.4, 503)
('read', 23.4, 23.5, 503)
('read', 23.4, 23.5, 503)
('read', 23.4, 23.5, 503)
('ready', 23.4, 23.5, 503)
('read', 23.5, 23.5, 503)
('read', 23.5, 23.5, 503)
('read', 23.5, 23.5, 503)
('ready', 23.5, 23.5, 503)
('read', 23.5, 23.5, 503)
('read', 23.5, 23.5, 503)
('read', 23.5, 23.5, 503)
('ready', 23.5, 23.5, 503)
('read', 23.5, 23.5, 503)
('read', 23.5, 23.5, 503)
('ready', 23.5, 23.5, 503)
('read', 23.5, 23.5, 503)
('read', 23.5, 23.5, 503)
('read', 23.5, 23.5, 503)
('ready', 23.5, 23.5, 503)
('read', 23.5, 23.5, 503)
('read', 23.5, 23.5, 503)
('read', 23.5, 23.5, 503)
('ready', 23.5, 23.5, 503)
('read', 23.5, 23.5, 503)
('read', 23.5, 23.5, 503)
('read', 23.5, 23.5, 503)
('read', 23.5, 23.5, 503)
('ready', 23.5, 23.5, 503)
('read', 23.5, 23.5, 503)
('read', 23.5, 23.5, 503)
('ready', 23.5, 23.5, 503)
('read', 23.5, 23.5, 503)
('read', 23.5, 23.5, 503)
('read', 23.5, 23.5, 503)
('read', 23.5, 23.5, 503)
('ready', 23.5, 23.5, 503)
('read', 23.5, 23.5, 503)
('read', 23.5, 23.5, 503)
('read', 23.5, 23.5, 503)
('ready', 23.5, 23.5, 503)
('read', 23.5, 23.5, 503)
('read', 23.5, 23.5, 503)
('ready', 23.5, 23.5, 503)
('read', 23.5, 23.5, 503)
('read', 23.5, 23.5, 503)
('read', 23.5, 23.5, 503)
('ready', 23.5, 23.5, 503)
('read', 23.5, 23.5, 503)
('read', 23.5, 23.5, 503)
('read', 23.5, 23.5, 503)
('read', 23.5, 23.5, 503)
('ready', 23.5, 23.5, 503)
('read', 23.5, 23.5, 503)
('read', 23.5, 23.5, 503)
('read', 23.5, 23.5, 503)
('ready', 23.5, 23.5, 503)
('read', 23.5, 23.5, 503)
('read', 23.5, 23.5, 503)
('read', 23.5, 23.5, 503)
('ready', 23.5, 23.5, 503)
('read', 23.5, 23.6, 503)
('read', 23.5, 23.6, 503)
('read', 23.5, 23.6, 503)
('ready', 23.5, 23.6, 503)
('read', 23.6, 23.6, 503)
('read', 23.6, 23.6, 503)
('ready', 23.6, 23.6, 503)
('read', 23.6, 23.6, 503)
('read', 23.6, 23.6, 503)
('read', 23.6, 23.6, 503)
('ready', 23.6, 23.6, 503)
('read', 23.6, 23.6, 503)
('read', 23.6, 23.6, 503)
('read', 23.6, 23.6, 503)
('ready', 23.6, 23.6, 503)
('read', 23.6, 23.6, 503)
('read', 23.6, 23.6, 503)
('read', 23.6, 23.6, 503)
('ready', 23.6, 23.6, 503)
('read', 23.6, 23.6, 503)
('read', 23.6, 23.6, 503)
('read', 23.6, 23.6, 503)
('ready', 23.6, 23.6, 503)
('read', 23.6, 23.6, 503)
('ready', 23.6, 23.6, 503)
('read', 23.6, 23.6, 503)
('read', 23.6, 23.6, 503)
('read', 23.6, 23.6, 503)
('read', 23.6, 23.6, 503)
('ready', 23.6, 23.6, 503)
('read', 23.6, 23.6, 503)
('ready', 23.6, 23.6, 503)
('read', 23.6, 23.6, 503)
('read', 23.6, 23.6, 503)
('read', 23.6, 23.6, 503)
('read', 23.6, 23.6, 503)
('read', 23.6, 23.6, 503)
('read', 23.6, 23.6, 503)
('ready', 23.6, 23.6, 503)
('read', 23.6, 23.6, 503)
('read', 23.6, 23.6, 503)
('read', 23.6, 23.6, 503)
('ready', 23.6, 23.6, 503)
('read', 23.6, 23.7, 503)
('ready', 23.6, 23.7, 503)
('read', 23.6, 23.7, 503)
('read', 23.6, 23.7, 503)
('read', 23.7, 23.7, 503)
('read', 23.7, 23.7, 503)
('read', 23.7, 23.7, 503)
('ready', 23.7, 23.7, 503)
('read', 23.7, 23.7, 503)
('read', 23.7, 23.7, 503)
('read', 23.7, 23.7, 503)
('read', 23.7, 23.7, 503)
('ready', 23.7, 23.7, 503)
('read', 23.7, 23.7, 503)
('read', 23.7, 23.7, 503)
('ready', 23.7, 23.7, 503)
('read', 23.7, 23.7, 503)
('read', 23.7, 23.7, 503)
('read', 23.7, 23.7, 503)
('read', 23.7, 23.7, 503)
('ready', 23.7, 23.7, 503)
('read', 23.7, 23.7, 503)
('read', 23.7, 23.7, 503)
('ready', 23.7, 23.7, 503)
('read', 23.7, 23.7, 503)
('read', 23.7, 23.7, 503)
('ready', 23.7, 23.7, 503)
('read', 23.7, 23.7, 503)
('read', 23.7, 23.7, 503)
('ready', 23.7, 23.7, 503)
('read', 23.7, 23.7, 503)
('read', 23.7, 23.7, 503)
('read', 23.7, 23.7, 503)
('read', 23.7, 23.7, 503)
('ready', 23.7, 23.7, 503)
('read', 23.7, 23.7, 503)
('read', 23.7, 23.7, 503)
('ready', 23.7, 23.7, 503)
('read', 23.7, 23.7, 503)
('read', 23.7, 23.7, 503)
('read', 23.7, 23.7, 503)
('ready', 23.7, 23.7, 503)
('read', 23.7, 23.7, 503)
('read', 23.7, 23.7, 503)
('read', 23.7, 23.7, 503)
('read', 23.7, 23.7, 503)
('ready', 23.7, 23.7, 503)
('read', 23.7, 23.7, 503)
('read', 23.7, 23.7, 503)
('read', 23.7, 23.7, 503)
('read', 23.7, 23.7, 503)
('read', 23.7, 23.7, 503)
('ready', 23.7, 23.7, 503)
('read', 23.7, 23.7, 503)
('read', 23.7, 23.7, 503)
('ready', 23.7, 23.7, 503)
('read', 23.7, 23.7, 503)
('read', 23.7, 23.7, 503)
('ready', 23.7, 23.7, 503)
('read', 23.7, 23.7, 503)
('read', 23.7, 23.8, 503)
('ready', 23.7, 23.8, 503)
('read', 23.7, 23.8, 503)
('read', 23.7, 23.8, 503)
('read', 23.8, 23.8, 503)
('ready', 23.8, 23.8, 503)
('read', 23.8, 23.8, 503)
('read', 23.8, 23.8, 503)
('read', 23.8, 23.8, 503)
('ready', 23.8, 23.8, 503)
('read', 23.8, 23.8, 503)
('read', 23.8, 23.8, 503)
('read', 23.8, 23.8, 503)
('read', 23.8, 23.8, 503)
('ready', 23.8, 23.8, 503)
('read', 23.8, 23.8, 503)
('read', 23.8, 23.8, 503)
('ready', 23.8, 23.8, 503)
('read', 23.8, 23.8, 503)
('read', 23.8, 23.8, 503)
('read', 23.8, 23.8, 503)
('ready', 23.8, 23.8, 503)
('read', 23.8, 23.8, 503)
('read', 23.8, 23.8, 503)
('read', 23.8, 23.8, 503)
('ready', 23.8, 23.8, 503)
('read', 23.8, 23.8, 503)
('read', 23.8, 23.8, 503)
('read', 23.8, 23.8, 503)
('ready', 23.8, 23.8, 503)
('read', 23.8, 23.8, 503)
('read', 23.8, 23.8, 503)
('read', 23.8, 23.8, 503)
('ready', 23.8, 23.8, 503)
('read', 23.8, 23.8, 503)
('read', 23.8, 23.8, 503)
('read', 23.8, 23.8, 503)
('read', 23.8, 23.8, 503)
('ready', 23.8, 23.8, 503)
('read', 23.8, 23.8, 503)
('read', 23.8, 23.8, 503)
('ready', 23.8, 23.8, 503)
('read', 23.8, 23.8, 503)
('read', 23.8, 23.8, 503)
('read', 23.8, 23.8, 503)
('read', 23.8, 23.8, 503)
('ready', 23.8, 23.8, 503)
('read', 23.8, 23.8, 503)
('read', 23.8, 23.8, 503)
('read', 23.8, 23.8, 503)
('ready', 23.8, 23.8, 503)
('read', 23.8, 23.8, 503)
('read', 23.8, 23.8, 503)
('read', 23.8, 23.8, 503)
('ready', 23.8, 23.8, 503)
('read', 23.8, 23.8, 503)
('read', 23.8, 23.8, 503)
('read', 23.8, 23.8, 503)
('ready', 23.8, 23.8, 503)
('read', 23.8, 23.8, 503)
('read', 23.8, 23.8, 503)
('read', 23.8, 23.9, 503)
('ready', 23.8, 23.9, 503)
('read', 23.8, 23.9, 503)
('read', 23.8, 23.9, 503)
('read', 23.9, 23.9, 503)
('ready', 23.9, 23.9, 503)
('read', 23.9, 23.9, 503)
('read', 23.9, 23.9, 503)
('read', 23.9, 23.9, 503)
('ready', 23.9, 23.9, 503)
('read', 23.9, 23.9, 503)
('read', 23.9, 23.9, 503)
('read', 23.9, 23.9, 503)
('ready', 23.9, 23.9, 503)
('read', 23.9, 23.9, 503)
('read', 23.9, 23.9, 503)
('ready', 23.9, 23.9, 503)
('read', 23.9, 23.9, 503)
('read', 23.9, 23.9, 503)
('read', 23.9, 23.9, 503)
('ready', 23.9, 23.9, 503)
('read', 23.9, 23.9, 503)
('read', 23.9, 23.9, 503)
('read', 23.9, 23.9, 503)
('read', 23.9, 23.9, 503)
('ready', 23.9, 23.9, 503)
('read', 23.9, 23.9, 503)
('read', 23.9, 23.9, 503)
('read', 23.9, 23.9, 503)
('read', 23.9, 23.9, 503)
('ready', 23.9, 23.9, 503)
('read', 23.9, 23.9, 503)
('read', 23.9, 23.9, 503)
('read', 23.9, 23.9, 503)
('read', 23.9, 23.9, 503)
('ready', 23.9, 23.9, 503)
('read', 23.9, 23.9, 503)
('read', 23.9, 23.9, 503)
('ready', 23.9, 23.9, 503)
('read', 23.9, 23.9, 503)
('read', 23.9, 23.9, 503)
('ready', 23.9, 23.9, 503)
('read', 23.9, 23.9, 503)
('read', 23.9, 23.9, 503)
('read', 23.9, 23.9, 503)
('ready', 23.9, 23.9, 503)
('read', 23.9, 23.9, 503)
('read', 23.9, 23.9, 503)
('read', 23.9, 23.9, 503)
('ready', 23.9, 23.9, 503)
('read', 23.9, 23.9, 503)
('read', 23.9, 23.9, 503)
('read', 23.9, 23.9, 503)
('ready', 23.9, 23.9, 503)
('read', 23.9, 23.9, 503)
('read', 23.9, 23.9, 503)
('read', 23.9, 23.9, 503)
('ready', 23.9, 23.9, 503)
('ready', 23.9, 23.9, 503)
('read', 23.9, 24.0, 503)
('read', 23.9, 24.0, 503)
('read', 23.9, 24.0, 503)
('ready', 23.9, 24.0, 503)
('read', 24.0, 24.0, 503)
('read', 24.0, 24.0, 503)
('read', 24.0, 24.0, 503)
('read', 24.0, 24.0, 503)
('ready', 24.0, 24.0, 503)
('read', 24.0, 24.0, 503)
('read', 24.0, 24.0, 503)
('ready', 24.0, 24.0, 503)
('read', 24.0, 24.0, 503)
('read', 24.0, 24.0, 503)
('read', 24.0, 24.0, 503)
('ready', 24.0, 24.0, 503)
('read', 24.0, 24.0, 503)
('read', 24.0, 24.0, 503)
('read', 24.0, 24.0, 503)
('ready', 24.0, 24.0, 503)
('read', 24.0, 24.0, 503)
('read', 24.0, 24.0, 503)
('read', 24.0, 24.0, 503)
('ready', 24.0, 24.0, 503)
('read', 24.0, 24.0, 503)
('read', 24.0, 24.0, 503)
('read', 24.0, 24.0, 503)
('ready', 24.0, 24.0, 503)
('read', 24.0, 24.0, 503)
('read', 24.0, 24.0, 503)
('read', 24.0, 24.0, 503)
('ready', 24.0, 24.0, 503)
('read', 24.0, 24.0, 503)
('read', 24.0, 24.0, 503)
('read', 24.0, 24.0, 503)
('read', 24.0, 24.0, 503)
('ready', 24.0, 24.0, 503)
('read', 24.0, 24.0, 503)
('read', 24.0, 24.0, 503)
('ready', 24.0, 24.0, 503)
('read', 24.0, 24.0, 503)
('read', 24.0, 24.0, 503)
('read', 24.0, 24.0, 503)
('ready', 24.0, 24.0, 503)
('read', 24.0, 24.0, 503)
('read', 24.0, 24.0, 503)
('read', 24.0, 24.0, 503)
('read', 24.0, 24.0, 503)
('ready', 24.0, 24.0, 503)
('read', 24.0, 24.0, 503)
('read', 24.0, 24.0, 503)
('read', 24.0, 24.0, 503)
('ready', 24.0, 24.0, 503)
('read', 24.0, 24.0, 503)
('read', 24.0, 24.0, 503)
('ready', 24.0, 24.0, 503)
('read', 24.0, 24.0, 503)
('read', 24.0, 24.0, 503)
('read', 24.0, 24.0, 503)
('read', 24.0, 24.0, 503)
('ready', 24.0, 24.0, 503)
('read', 24.0, 24.0, 503)
('read', 24.0, 24.0, 503)
('ready', 24.0, 24.1, 503)
('read', 24.0, 24.1, 503)
('read', 24.0, 24.1, 503)
('read', 24.0, 24.1, 503)
('read', 24.1, 24.1, 503)
('ready', 24.1, 24.1, 503)
('read', 24.1, 24.1, 503)
('ready', 24.1, 24.1, 503)
('read', 24.1, 24.1, 503)
('read', 24.1, 24.1, 503)
('read', 24.1, 24.1, 503)
('ready', 24.1, 24.1, 503)
('read', 24.1, 24.1, 503)
('read', 24.1, 24.1, 503)
('read', 24.1, 24.1, 503)
('ready', 24.1, 24.1, 503)
('read', 24.1, 24.1, 503)
('ready', 24.1, 24.1, 503)
('read', 24.1, 24.1, 503)
('read', 24.1, 24.1, 503)
('read', 24.1, 24.1, 503)
('read', 24.1, 24.1, 503)
('ready', 24.1, 24.1, 503)
('read', 24.1, 24.1, 503)
('ready', 24.1, 24.1, 503)
('read', 24.1, 24.1, 503)
('read', 24.1, 24.1, 503)
('read', 24.1, 24.1, 503)
('ready', 24.1, 24.1, 503)
('read', 24.1, 24.1, 503)
('read', 24.1, 24.1, 503)
('read', 24.1, 24.1, 503)
('read', 24.1, 24.1, 503)
('read', 24.1, 24.1, 503)
('ready', 24.1, 24.1, 503)
('read', 24.1, 24.1, 503)
('read', 24.1, 24.1, 503)
('read', 24.1, 24.1, 503)
('ready', 24.1, 24.1, 503)
('read', 24.1, 24.1, 503)
('ready', 24.1, 24.1, 503)
('read', 24.1, 24.1, 503)
('read', 24.1, 24.1, 503)
('read', 24.1, 24.1, 503)
('ready', 24.1, 24.1, 503)
('read', 24.1, 24.1, 503)
('read', 24.1, 24.1, 503)
('ready', 24.1, 24.1, 503)
('read', 24.1, 24.1, 503)
('read', 24.1, 24.1, 503)
('read', 24.1, 24.1, 503)
('ready', 24.1, 24.1, 503)
('read', 24.1, 24.1, 503)
('read', 24.1, 24.1, 503)
('ready', 24.1, 24.1, 503)
('read', 24.1, 24.1, 503)
('read', 24.1, 24.1, 503)
('read', 24.1, 24.1, 503)
('read', 24.1, 24.1, 503)
('read', 24.1, 24.1, 503)
('ready', 24.1, 24.1, 503)
('read', 24.1, 24.1, 503)
('read', 24.1, 24.2, 503)
('read', 24.1, 24.2, 503)
('ready', 24.1, 24.2, 503)
('read', 24.1, 24.2, 503)
('read', 24.2, 24.2, 503)
('read', 24.2, 24.2, 503)
('ready', 24.2, 24.2, 503)
('read', 24.2, 24.2, 503)
('read', 24.2, 24.2, 503)
('ready', 24.2, 24.2, 503)
('read', 24.2, 24.2, 503)
('read', 24.2, 24.2, 503)
('read', 24.2, 24.2, 503)
('ready', 24.2, 24.2, 503)
('read', 24.2, 24.2, 503)
('read', 24.2, 24.2, 503)
('read', 24.2, 24.2, 503)
('read', 24.2, 24.2, 503)
('read', 24.2, 24.2, 503)
('ready', 24.2, 24.2, 503)
('read', 24.2, 24.2, 503)
('read', 24.2, 24.2, 503)
('ready', 24.2, 24.2, 503)
('read', 24.2, 24.2, 503)
('read', 24.2, 24.2, 503)
('read', 24.2, 24.2, 503)
('read', 24.2, 24.2, 503)
('ready', 24.2, 24.2, 503)
('read', 24.2, 24.2, 503)
('read', 24.2, 24.2, 503)
('read', 24.2, 24.2, 503)
('read', 24.2, 24.2, 503)
('ready', 24.2, 24.2, 503)
('read', 24.2, 24.2, 503)
('read', 24.2, 24.2, 503)
('read', 24.2, 24.2, 503)
('ready', 24.2, 24.2, 503)
('read', 24.2, 24.2, 503)
('read', 24.2, 24.2, 503)
('read', 24.2, 24.2, 503)
('read', 24.2, 24.2, 503)
('ready', 24.2, 24.2, 503)
('read', 24.2, 24.2, 503)
('read', 24.2, 24.2, 503)
('read', 24.2, 24.2, 503)
('ready', 24.2, 24.2, 503)
('read', 24.2, 24.2, 503)
('read', 24.2, 24.2, 503)
('read', 24.2, 24.2, 503)
('read', 24.2, 24.2, 503)
('ready', 24.2, 24.2, 503)
('read', 24.2, 24.2, 503)
('read', 24.2, 24.2, 503)
('read', 24.2, 24.2, 503)
('ready', 24.2, 24.2, 503)
('read', 24.2, 24.2, 503)
('read', 24.2, 24.2, 503)
('ready', 24.2, 24.2, 503)
('read', 24.2, 24.2, 503)
('read', 24.2, 24.2, 503)
('read', 24.2, 24.3, 503)
('ready', 24.2, 24.3, 503)
('read', 24.2, 24.3, 503)
('read', 24.2, 24.3, 503)
('read', 24.3, 24.3, 503)
('ready', 24.3, 24.3, 503)
('read', 24.3, 24.3, 503)
('read', 24.3, 24.3, 503)
('read', 24.3, 24.3, 503)
('ready', 24.3, 24.3, 503)
('read', 24.3, 24.3, 503)
('read', 24.3, 24.3, 503)
('ready', 24.3, 24.3, 503)
('read', 24.3, 24.3, 503)
('read', 24.3, 24.3, 503)
('read', 24.3, 24.3, 503)
('ready', 24.3, 24.3, 503)
('ready', 24.3, 24.3, 503)
('read', 24.3, 24.3, 503)
('read', 24.3, 24.3, 503)
('read', 24.3, 24.3, 503)
('read', 24.3, 24.3, 503)
('read', 24.3, 24.3, 503)
('read', 24.3, 24.3, 503)
('ready', 24.3, 24.3, 503)
('read', 24.3, 24.3, 503)
('read', 24.3, 24.3, 503)
('read', 24.3, 24.3, 503)
('ready', 24.3, 24.3, 503)
('ready', 24.3, 24.3, 503)
('read', 24.3, 24.3, 503)
('read', 24.3, 24.3, 503)
('read', 24.3, 24.3, 503)
('read', 24.3, 24.3, 503)
('ready', 24.3, 24.3, 503)
('read', 24.3, 24.3, 503)
('read', 24.3, 24.3, 503)
('read', 24.3, 24.3, 503)
('read', 24.3, 24.3, 503)
('read', 24.3, 24.3, 503)
('ready', 24.3, 24.3, 503)
('read', 24.3, 24.3, 503)
('ready', 24.3, 24.3, 503)
('read', 24.3, 24.3, 503)
('read', 24.3, 24.3, 503)
('read', 24.3, 24.3, 503)
('ready', 24.3, 24.3, 503)
('read', 24.3, 24.3, 503)
('read', 24.3, 24.3, 503)
('read', 24.3, 24.3, 503)
('read', 24.3, 24.3, 503)
('read', 24.3, 24.3, 503)
('ready', 24.3, 24.3, 503)
('read', 24.3, 24.3, 503)
('read', 24.3, 24.3, 503)
('read', 24.3, 24.3, 503)
('ready', 24.3, 24.3, 503)
('read', 24.3, 24.3, 503)
('ready', 24.3, 24.3, 503)
('read', 24.3, 24.3, 503)
('read', 24.3, 24.3, 503)
('read', 24.3, 24.3, 503)
('read', 24.3, 24.4, 503)
('read', 24.3, 24.4, 503)
('ready', 24.3, 24.4, 503)
('read', 24.3, 24.4, 503)
('read', 24.4, 24.4, 503)
('read', 24.4, 24.4, 503)
('ready', 24.4, 24.4, 503)
('read', 24.4, 24.4, 503)
('read', 24.4, 24.4, 503)
('read', 24.4, 24.4, 503)
('read', 24.4, 24.4, 503)
('ready', 24.4, 24.4, 503)
('read', 24.4, 24.4, 503)
('read', 24.4, 24.4, 503)
('ready', 24.4, 24.4, 503)
('read', 24.4, 24.4, 503)
('read', 24.4, 24.4, 503)
('ready', 24.4, 24.4, 503)
('read', 24.4, 24.4, 503)
('read', 24.4, 24.4, 503)
('read', 24.4, 24.4, 503)
('read', 24.4, 24.4, 503)
('read', 24.4, 24.4, 503)
('ready', 24.4, 24.4, 503)
('read', 24.4, 24.4, 503)
('read', 24.4, 24.4, 503)
('read', 24.4, 24.4, 503)
('read', 24.4, 24.4, 503)
('ready', 24.4, 24.4, 503)
('read', 24.4, 24.4, 503)
('read', 24.4, 24.4, 503)
('ready', 24.4, 24.4, 503)
('read', 24.4, 24.4, 503)
('read', 24.4, 24.4, 503)
('read', 24.4, 24.4, 503)
('ready', 24.4, 24.4, 503)
('read', 24.4, 24.4, 503)
('ready', 24.4, 24.4, 503)
('read', 24.4, 24.4, 503)
('read', 24.4, 24.4, 503)
('read', 24.4, 24.4, 503)
('ready', 24.4, 24.4, 503)
('read', 24.4, 24.4, 503)
('read', 24.4, 24.4, 503)
('read', 24.4, 24.4, 503)
('ready', 24.4, 24.4, 503)
('read', 24.4, 24.4, 503)
('read', 24.4, 24.4, 503)
('read', 24.4, 24.4, 503)
('ready', 24.4, 24.4, 503)
('ready', 24.4, 24.4, 503)
('read', 24.4, 24.4, 503)
('read', 24.4, 24.4, 503)
('read', 24.4, 24.4, 503)
('ready', 24.4, 24.4, 503)
('read', 24.4, 24.4, 503)
('read', 24.4, 24.4, 503)
('read', 24.4, 24.4, 503)
('ready', 24.4, 24.4, 503)
('read', 24.4, 24.4, 503)
('read', 24.4, 24.4, 503)
('read', 24.4, 24.4, 503)
('ready', 24.4, 24.4, 503)
('read', 24.4, 24.5, 503)
('read', 24.4, 24.5, 503)
('read', 24.4, 24.5, 503)
('ready', 24.4, 24.5, 503)
('read', 24.5, 24.5, 503)
('read', 24.5, 24.5, 503)
('ready', 24.5, 24.5, 503)
('read', 24.5, 24.5, 503)
('read', 24.5, 24.5, 503)
('read', 24.5, 24.5, 503)
('ready', 24.5, 24.5, 503)
('read', 24.5, 24.5, 503)
('read', 24.5, 24.5, 503)
('ready', 24.5, 24.5, 503)
('read', 24.5, 24.5, 503)
('read', 24.5, 24.5, 503)
('read', 24.5, 24.5, 503)
('ready', 24.5, 24.5, 503)
('read', 24.5, 24.5, 503)
('read', 24.5, 24.5, 503)
('read', 24.5, 24.5, 503)
('read', 24.5, 24.5, 503)
('ready', 24.5, 24.5, 503)
('read', 24.5, 24.5, 503)
('read', 24.5, 24.5, 503)
('read', 24.5, 24.5, 503)
('ready', 24.5, 24.5, 503)
('read', 24.5, 24.5, 503)
('read', 24.5, 24.5, 503)
('read', 24.5, 24.5, 503)
('ready', 24.5, 24.5, 503)
('read', 24.5, 24.5, 503)
('read', 24.5, 24.5, 503)
('read', 24.5, 24.5, 503)
('ready', 24.5, 24.5, 503)
('read', 24.5, 24.5, 503)
('read', 24.5, 24.5, 503)
('read', 24.5, 24.5, 503)
('ready', 24.5, 24.5, 503)
('read', 24.5, 24.5, 503)
('read', 24.5, 24.5, 503)
('ready', 24.5, 24.5, 503)
('read', 24.5, 24.5, 503)
('read', 24.5, 24.5, 503)
('ready', 24.5, 24.5, 503)
('read', 24.5, 24.5, 503)
('read', 24.5, 24.5, 503)
('read', 24.5, 24.5, 503)
('ready', 24.5, 24.5, 503)
('read', 24.5, 24.5, 503)
('read', 24.5, 24.5, 503)
('read', 24.5, 24.5, 503)
('ready', 24.5, 24.5, 503)
('read', 24.5, 24.5, 503)
('read', 24.5, 24.5, 503)
('read', 24.5, 24.5, 503)
('read', 24.5, 24.5, 503)
('ready', 24.5, 24.5, 503)
('read', 24.5, 24.5, 503)
('read', 24.5, 24.5, 503)
('ready', 24.5, 24.5, 503)
('read', 24.5, 24.5, 503)
('read', 24.5, 24.6, 503)
('read', 24.5, 24.6, 503)
('read', 24.5, 24.6, 503)
('ready', 24.5, 24.6, 503)
('read', 24.6, 24.6, 503)
('read', 24.6, 24.6, 503)
('read', 24.6, 24.6, 503)
('read', 24.6, 24.6, 503)
('ready', 24.6, 24.6, 503)
('read', 24.6, 24.6, 503)
('read', 24.6, 24.6, 503)
('read', 24.6, 24.6, 503)
('read', 24.6, 24.6, 503)
('read', 24.6, 24.6, 503)
('ready', 24.6, 24.6, 503)
('ready', 24.6, 24.6, 503)
('read', 24.6, 24.6, 503)
('read', 24.6, 24.6, 503)
('read', 24.6, 24.6, 503)
('ready', 24.6, 24.6, 503)
('ready', 24.6, 24.6, 503)
('read', 24.6, 24.6, 503)
('read', 24.6, 24.6, 503)
('read', 24.6, 24.6, 503)
('ready', 24.6, 24.6, 503)
('read', 24.6, 24.6, 503)
('read', 24.6, 24.6, 503)
('read', 24.6, 24.6, 503)
('read', 24.6, 24.6, 503)
('ready', 24.6, 24.6, 503)
('read', 24.6, 24.6, 503)
('read', 24.6, 24.6, 503)
('read', 24.6, 24.6, 503)
('ready', 24.6, 24.6, 503)
('read', 24.6, 24.6, 503)
('read', 24.6, 24.6, 503)
('read', 24.6, 24.6, 503)
('ready', 24.6, 24.6, 503)
('read', 24.6, 24.6, 503)
('read', 24.6, 24.6, 503)
('read', 24.6, 24.6, 503)
('ready', 24.6, 24.6, 503)
('read', 24.6, 24.6, 503)
('read', 24.6, 24.6, 503)
('read', 24.6, 24.6, 503)
('read', 24.6, 24.6, 503)
('read', 24.6, 24.6, 503)
('ready', 24.6, 24.6, 503)
('ready', 24.6, 24.6, 503)
('read', 24.6, 24.6, 503)
('read', 24.6, 24.6, 503)
('read', 24.6, 24.6, 503)
('ready', 24.6, 24.6, 503)
('read', 24.6, 24.6, 503)
('read', 24.6, 24.6, 503)
('read', 24.6, 24.6, 503)
('ready', 24.6, 24.6, 503)
('ready', 24.6, 24.6, 503)
('read', 24.6, 24.6, 503)
('read', 24.6, 24.6, 503)
('read', 24.6, 24.6, 503)
('read', 24.6, 24.7, 503)
('read', 24.6, 24.7, 503)
('ready', 24.6, 24.7, 503)
('read', 24.6, 24.7, 503)
('read', 24.7, 24.7, 503)
('ready', 24.7, 24.7, 503)
('read', 24.7, 24.7, 503)
('read', 24.7, 24.7, 503)
('read', 24.7, 24.7, 503)
('read', 24.7, 24.7, 503)
('ready', 24.7, 24.7, 503)
('read', 24.7, 24.7, 503)
('read', 24.7, 24.7, 503)
('ready', 24.7, 24.7, 503)
('read', 24.7, 24.7, 503)
('read', 24.7, 24.7, 503)
('ready', 24.7, 24.7, 503)
('read', 24.7, 24.7, 503)
('read', 24.7, 24.7, 503)
('read', 24.7, 24.7, 503)
('read', 24.7, 24.7, 503)
('read', 24.7, 24.7, 503)
('read', 24.7, 24.7, 503)
('ready', 24.7, 24.7, 503)
('ready', 24.7, 24.7, 503)
('read', 24.7, 24.7, 503)
('read', 24.7, 24.7, 503)
('read', 24.7, 24.7, 503)
('read', 24.7, 24.7, 503)
('ready', 24.7, 24.7, 503)
('read', 24.7, 24.7, 503)
('read', 24.7, 24.7, 503)
('read', 24.7, 24.7, 503)
('read', 24.7, 24.7, 503)
('read', 24.7, 24.7, 503)
('ready', 24.7, 24.7, 503)
('ready', 24.7, 24.7, 503)
('read', 24.7, 24.7, 503)
('read', 24.7, 24.7, 503)
('read', 24.7, 24.7, 503)
('ready', 24.7, 24.7, 503)
('read', 24.7, 24.7, 503)
('read', 24.7, 24.7, 503)
('read', 24.7, 24.7, 503)
('ready', 24.7, 24.8, 503)
('read', 24.7, 24.8, 503)
('read', 24.7, 24.8, 503)
('read', 24.7, 24.8, 503)
('ready', 24.8, 24.8, 503)
('ready', 24.8, 24.8, 503)
('read', 24.8, 24.8, 503)
('read', 24.8, 24.8, 503)
('read', 24.8, 24.8, 503)
('ready', 24.8, 24.8, 503)
('read', 24.8, 24.8, 503)
('read', 24.8, 24.8, 503)
('read', 24.8, 24.8, 503)
('ready', 24.8, 24.8, 503)
('read', 24.8, 24.8, 503)
('read', 24.8, 24.8, 503)
('read', 24.8, 24.8, 503)
('ready', 24.8, 24.8, 503)
('read', 24.8, 24.8, 503)
('read', 24.8, 24.8, 503)
('read', 24.8, 24.8, 503)
('ready', 24.8, 24.8, 503)
('read', 24.8, 24.8, 503)
('read', 24.8, 24.8, 503)
('read', 24.8, 24.8, 503)
('ready', 24.8, 24.8, 503)
('read', 24.8, 24.8, 503)
('read', 24.8, 24.8, 503)
('read', 24.8, 24.8, 503)
('ready', 24.8, 24.8, 503)
('read', 24.8, 24.8, 503)
('ready', 24.8, 24.8, 503)
('read', 24.8, 24.8, 503)
('read', 24.8, 24.8, 503)
('read', 24.8, 24.8, 503)
('ready', 24.8, 24.8, 503)
('read', 24.8, 24.8, 503)
('read', 24.8, 24.8, 503)
('read', 24.8, 24.8, 503)
('ready', 24.8, 24.8, 503)
('read', 24.8, 24.8, 503)
('read', 24.8, 24.8, 503)
('read', 24.8, 24.8, 503)
('read', 24.8, 24.8, 503)
('read', 24.8, 24.8, 503)
('ready', 24.8, 24.8, 503)
('read', 24.8, 24.8, 503)
('read', 24.8, 24.8, 503)
('read', 24.8, 24.8, 503)
('ready', 24.8, 24.8, 503)
('read', 24.8, 24.8, 503)
('ready', 24.8, 24.8, 503)
('read', 24.8, 24.8, 503)
('read', 24.8, 24.8, 503)
('read', 24.8, 24.8, 503)
('read', 24.8, 24.8, 503)
('ready', 24.8, 24.8, 503)
('read', 24.8, 24.8, 503)
('read', 24.8, 24.8, 503)
('ready', 24.8, 24.8, 503)
('read', 24.8, 24.8, 503)
('read', 24.8, 24.8, 503)
('read', 24.8, 24.8, 503)
('ready', 24.8, 24.9, 503)
('read', 24.8, 24.9, 503)
('read', 24.8, 24.9, 503)
('read', 24.8, 24.9, 503)
('ready', 24.9, 24.9, 503)
('read', 24.9, 24.9, 503)
('read', 24.9, 24.9, 503)
('ready', 24.9, 24.9, 503)
('read', 24.9, 24.9, 503)
('read', 24.9, 24.9, 503)
('ready', 24.9, 24.9, 503)
('read', 24.9, 24.9, 503)
('read', 24.9, 24.9, 503)
('ready', 24.9, 24.9, 503)
('read', 24.9, 24.9, 503)
('read', 24.9, 24.9, 503)
('read', 24.9, 24.9, 503)
('ready', 24.9, 24.9, 503)
('read', 24.9, 24.9, 503)
('read', 24.9, 24.9, 503)
('read', 24.9, 24.9, 503)
('ready', 24.9, 24.9, 503)
('read', 24.9, 24.9, 503)
('read', 24.9, 24.9, 503)
('read', 24.9, 24.9, 503)
('ready', 24.9, 24.9, 503)
('ready', 24.9, 24.9, 503)
('read', 24.9, 24.9, 503)
('read', 24.9, 24.9, 503)
('read', 24.9, 24.9, 503)
('ready', 24.9, 24.9, 503)
('read', 24.9, 24.9, 503)
('read', 24.9, 24.9, 503)
('read', 24.9, 24.9, 503)
('ready', 24.9, 24.9, 503)
('read', 24.9, 24.9, 503)
('read', 24.9, 24.9, 503)
('read', 24.9, 24.9, 503)
('ready', 24.9, 24.9, 503)
('read', 24.9, 24.9, 503)
('read', 24.9, 24.9, 503)
('read', 24.9, 24.9, 503)
('ready', 24.9, 24.9, 503)
('read', 24.9, 24.9, 503)
('read', 24.9, 24.9, 503)
('ready', 24.9, 24.9, 503)
('read', 24.9, 24.9, 503)
('read', 24.9, 24.9, 503)
('read', 24.9, 24.9, 503)
('ready', 24.9, 24.9, 503)
('read', 24.9, 24.9, 503)
('read', 24.9, 24.9, 503)
('read', 24.9, 24.9, 503)
('ready', 24.9, 24.9, 503)
('read', 24.9, 24.9, 503)
('read', 24.9, 24.9, 503)
('ready', 24.9, 24.9, 503)
('read', 24.9, 24.9, 503)
('read', 24.9, 24.9, 503)
('read', 24.9, 25.0, 503)
('read', 24.9, 25.0, 503)
('ready', 24.9, 25.0, 503)
('read', 24.9, 25.0, 503)
('ready', 25.0, 25.0, 503)
('read', 25.0, 25.0, 503)
('read', 25.0, 25.0, 503)
('read', 25.0, 25.0, 503)
('read', 25.0, 25.0, 503)
('read', 25.0, 25.0, 503)
('ready', 25.0, 25.0, 503)
('read', 25.0, 25.0, 503)
('read', 25.0, 25.0, 503)
('read', 25.0, 25.0, 503)
('ready', 25.0, 25.0, 503)
('read', 25.0, 25.0, 503)
('ready', 25.0, 25.0, 503)
('read', 25.0, 25.0, 503)
('read', 25.0, 25.0, 503)
('read', 25.0, 25.0, 503)
('read', 25.0, 25.0, 503)
('read', 25.0, 25.0, 503)
('ready', 25.0, 25.0, 503)
('read', 25.0, 25.0, 503)
('read', 25.0, 25.0, 503)
('read', 25.0, 25.0, 503)
('ready', 25.0, 25.0, 503)
('read', 25.0, 25.0, 503)
('read', 25.0, 25.0, 503)
('ready', 25.0, 25.0, 503)
('read', 25.0, 25.0, 503)
('read', 25.0, 25.0, 503)
('read', 25.0, 25.0, 503)
('read', 25.0, 25.0, 503)
('read', 25.0, 25.0, 503)
('ready', 25.0, 25.0, 503)
('read', 25.0, 25.0, 503)
('read', 25.0, 25.0, 503)
('ready', 25.0, 25.0, 503)
('read', 25.0, 25.0, 503)
('read', 25.0, 25.0, 503)
('ready', 25.0, 25.0, 503)
('read', 25.0, 25.0, 503)
('read', 25.0, 25.0, 503)
('read', 25.0, 25.0, 503)
('read', 25.0, 25.0, 503)
('read', 25.0, 25.0, 503)
('ready', 25.0, 25.0, 503)
('read', 25.0, 25.0, 503)
('read', 25.0, 25.0, 503)
('ready', 25.0, 25.0, 503)
('read', 25.0, 25.0, 503)
('read', 25.0, 25.0, 503)
('ready', 25.0, 25.0, 503)
('read', 25.0, 25.0, 503)
('read', 25.0, 25.0, 503)
('read', 25.0, 25.0, 503)
('ready', 25.0, 25.0, 503)
('read', 25.0, 25.0, 503)
('read', 25.0, 25.0, 503)
('read', 25.0, 25.0, 503)
('ready', 25.0, 25.0, 503)
('read', 25.0, 25.0, 503)
('read', 25.0, 25.0, 503)
('read', 25.0, 25.0, 503)
('ready', 25.0, 25.1, 503)
('read', 25.0, 25.1, 503)
('read', 25.0, 25.1, 503)
('read', 25.0, 25.1, 503)
('ready', 25.1, 25.1, 503)
('read', 25.1, 25.1, 503)
('read', 25.1, 25.1, 503)
('read', 25.1, 25.1, 503)
('ready', 25.1, 25.1, 503)
('read', 25.1, 25.1, 503)
('read', 25.1, 25.1, 503)
('read', 25.1, 25.1, 503)
('ready', 25.1, 25.1, 503)
('read', 25.1, 25.1, 503)
('read', 25.1, 25.1, 503)
('read', 25.1, 25.1, 503)
('ready', 25.1, 25.1, 503)
('read', 25.1, 25.1, 503)
('read', 25.1, 25.1, 503)
('read', 25.1, 25.1, 503)
('ready', 25.1, 25.1, 503)
('read', 25.1, 25.1, 503)
('read', 25.1, 25.1, 503)
('ready', 25.1, 25.1, 503)
('read', 25.1, 25.1, 503)
('read', 25.1, 25.1, 503)
('read', 25.1, 25.1, 503)
('ready', 25.1, 25.1, 503)
('read', 25.1, 25.1, 503)
('read', 25.1, 25.1, 503)
('ready', 25.1, 25.1, 503)
('read', 25.1, 25.1, 503)
('read', 25.1, 25.1, 503)
('read', 25.1, 25.1, 503)
('read', 25.1, 25.1, 503)
('read', 25.1, 25.1, 503)
('ready', 25.1, 25.1, 503)
('read', 25.1, 25.1, 503)
('read', 25.1, 25.1, 503)
('read', 25.1, 25.1, 503)
('ready', 25.1, 25.1, 503)
('read', 25.1, 25.1, 503)
('ready', 25.1, 25.1, 503)
('read', 25.1, 25.1, 503)
('read', 25.1, 25.1, 503)
('read', 25.1, 25.1, 503)
('ready', 25.1, 25.1, 503)
('read', 25.1, 25.1, 503)
('read', 25.1, 25.1, 503)
('read', 25.1, 25.1, 503)
('read', 25.1, 25.1, 503)
('read', 25.1, 25.1, 503)
('ready', 25.1, 25.1, 503)
('ready', 25.1, 25.1, 503)
('read', 25.1, 25.1, 503)
('read', 25.1, 25.1, 503)
('read', 25.1, 25.1, 503)
('ready', 25.1, 25.1, 503)
('read', 25.1, 25.1, 503)
('read', 25.1, 25.1, 503)
('read', 25.1, 25.1, 503)
('ready', 25.1, 25.1, 503)
('read', 25.1, 25.1, 503)
('ready', 25.1, 25.2, 503)
('read', 25.1, 25.2, 503)
('read', 25.1, 25.2, 503)
('read', 25.1, 25.2, 503)
('read', 25.2, 25.2, 503)
('ready', 25.2, 25.2, 503)
('read', 25.2, 25.2, 503)
('read', 25.2, 25.2, 503)
('ready', 25.2, 25.2, 503)
('read', 25.2, 25.2, 503)
('read', 25.2, 25.2, 503)
('read', 25.2, 25.2, 503)
('ready', 25.2, 25.2, 503)
('read', 25.2, 25.2, 503)
('read', 25.2, 25.2, 503)
('read', 25.2, 25.2, 503)
('ready', 25.2, 25.2, 503)
('read', 25.2, 25.2, 503)
('read', 25.2, 25.2, 503)
('ready', 25.2, 25.2, 503)
('read', 25.2, 25.2, 503)
('ready', 25.2, 25.2, 503)
('read', 25.2, 25.2, 503)
('read', 25.2, 25.2, 503)
('read', 25.2, 25.2, 503)
('read', 25.2, 25.2, 503)
('read', 25.2, 25.2, 503)
('read', 25.2, 25.2, 503)
('ready', 25.2, 25.2, 503)
('read', 25.2, 25.2, 503)
('ready', 25.2, 25.2, 503)
('read', 25.2, 25.2, 503)
('read', 25.2, 25.2, 503)
('read', 25.2, 25.2, 503)
('ready', 25.2, 25.2, 503)
('read', 25.2, 25.2, 503)
('read', 25.2, 25.2, 503)
('read', 25.2, 25.2, 503)
('ready', 25.2, 25.2, 503)
('read', 25.2, 25.2, 503)
('read', 25.2, 25.2, 503)
('read', 25.2, 25.2, 503)
('ready', 25.2, 25.2, 503)
('read', 25.2, 25.2, 503)
('read', 25.2, 25.2, 503)
('read', 25.2, 25.2, 503)
('ready', 25.2, 25.2, 503)
('read', 25.2, 25.2, 503)
('ready', 25.2, 25.2, 503)
('read', 25.2, 25.2, 503)
('read', 25.2, 25.2, 503)
('read', 25.2, 25.2, 503)
('read', 25.2, 25.2, 503)
('read', 25.2, 25.2, 503)
('ready', 25.2, 25.2, 503)
('read', 25.2, 25.2, 503)
('read', 25.2, 25.2, 503)
('read', 25.2, 25.2, 503)
('ready', 25.2, 25.2, 503)
('read', 25.2, 25.2, 503)
('ready', 25.2, 25.2, 503)
('read', 25.2, 25.2, 503)
('read', 25.2, 25.2, 503)
('read', 25.2, 25.3, 503)
('ready', 25.2, 25.3, 503)
('read', 25.2, 25.3, 503)
('read', 25.2, 25.3, 503)
('read', 25.3, 25.3, 503)
('read', 25.3, 25.3, 503)
('read', 25.3, 25.3, 503)
('ready', 25.3, 25.3, 503)
('read', 25.3, 25.3, 503)
('ready', 25.3, 25.3, 503)
('read', 25.3, 25.3, 503)
('read', 25.3, 25.3, 503)
('ready', 25.3, 25.3, 503)
('read', 25.3, 25.3, 503)
('read', 25.3, 25.3, 503)
('read', 25.3, 25.3, 503)
('read', 25.3, 25.3, 503)
('ready', 25.3, 25.3, 503)
('read', 25.3, 25.3, 503)
('read', 25.3, 25.3, 503)
('read', 25.3, 25.3, 503)
('ready', 25.3, 25.3, 503)
('read', 25.3, 25.3, 503)
('read', 25.3, 25.3, 503)
('read', 25.3, 25.3, 503)
('read', 25.3, 25.3, 503)
('read', 25.3, 25.3, 503)
('ready', 25.3, 25.3, 503)
('read', 25.3, 25.3, 503)
('ready', 25.3, 25.3, 503)
('read', 25.3, 25.3, 503)
('read', 25.3, 25.3, 503)
('read', 25.3, 25.3, 503)
('ready', 25.3, 25.3, 503)
('read', 25.3, 25.3, 503)
('read', 25.3, 25.3, 503)
('read', 25.3, 25.3, 503)
('ready', 25.3, 25.3, 503)
('read', 25.3, 25.3, 503)
('read', 25.3, 25.3, 503)
('read', 25.3, 25.3, 503)
('ready', 25.3, 25.3, 503)
('ready', 25.3, 25.3, 503)
('read', 25.3, 25.3, 503)
('read', 25.3, 25.3, 503)
('read', 25.3, 25.3, 503)
('ready', 25.3, 25.3, 503)
('read', 25.3, 25.3, 503)
('read', 25.3, 25.3, 503)
('read', 25.3, 25.3, 503)
('ready', 25.3, 25.3, 503)
('read', 25.3, 25.3, 503)
('read', 25.3, 25.3, 503)
('read', 25.3, 25.3, 503)
('ready', 25.3, 25.3, 503)
('read', 25.3, 25.3, 503)
('read', 25.3, 25.3, 503)
('read', 25.3, 25.3, 503)
('ready', 25.3, 25.3, 503)
('ready', 25.3, 25.3, 503)
('read', 25.3, 25.3, 503)
('read', 25.3, 25.3, 503)
('read', 25.3, 25.3, 503)
('ready', 25.3, 25.3, 503)
('read', 25.3, 25.3, 503)
('read', 25.3, 25.4, 503)
('read', 25.3, 25.4, 503)
('ready', 25.3, 25.4, 503)
('read', 25.3, 25.4, 503)
('read', 25.4, 25.4, 503)
('read', 25.4, 25.4, 503)
('ready', 25.4, 25.4, 503)
('read', 25.4, 25.4, 503)
('read', 25.4, 25.4, 503)
('read', 25.4, 25.4, 503)
('ready', 25.4, 25.4, 503)
('read', 25.4, 25.4, 503)
('read', 25.4, 25.4, 503)
('ready', 25.4, 25.4, 503)
('read', 25.4, 25.4, 503)
('read', 25.4, 25.4, 503)
('read', 25.4, 25.4, 503)
('ready', 25.4, 25.4, 503)
('read', 25.4, 25.4, 503)
('read', 25.4, 25.4, 503)
('read', 25.4, 25.4, 503)
('read', 25.4, 25.4, 503)
('ready', 25.4, 25.4, 503)
('read', 25.4, 25.4, 503)
('read', 25.4, 25.4, 503)
('read', 25.4, 25.4, 503)
('ready', 25.4, 25.4, 503)
('read', 25.4, 25.4, 503)
('read', 25.4, 25.4, 503)
('read', 25.4, 25.4, 503)
('ready', 25.4, 25.4, 503)
('ready', 25.4, 25.4, 503)
('read', 25.4, 25.4, 503)
('read', 25.4, 25.4, 503)
('read', 25.4, 25.4, 503)
('read', 25.4, 25.4, 503)
('read', 25.4, 25.4, 503)
('read', 25.4, 25.4, 503)
('ready', 25.4, 25.4, 503)
('ready', 25.4, 25.4, 503)
('read', 25.4, 25.4, 503)
('read', 25.4, 25.4, 503)
('read', 25.4, 25.4, 503)
('read', 25.4, 25.4, 503)
('ready', 25.4, 25.4, 503)
('read', 25.4, 25.4, 503)
('read', 25.4, 25.4, 503)
('ready', 25.4, 25.4, 503)
('read', 25.4, 25.4, 503)
('read', 25.4, 25.4, 503)
('read', 25.4, 25.4, 503)
('read', 25.4, 25.4, 503)
('read', 25.4, 25.4, 503)
('ready', 25.4, 25.4, 503)
('read', 25.4, 25.4, 503)
('read', 25.4, 25.4, 503)
('read', 25.4, 25.4, 503)
('read', 25.4, 25.4, 503)
('ready', 25.4, 25.4, 503)
('read', 25.4, 25.4, 503)
('read', 25.4, 25.4, 503)
('read', 25.4, 25.4, 503)
('ready', 25.4, 25.4, 503)
('read', 25.4, 25.4, 503)
('read', 25.4, 25.5, 503)
('ready', 25.4, 25.5, 503)
('read', 25.4, 25.5, 503)
('read', 25.4, 25.5, 503)
('ready', 25.5, 25.5, 503)
('read', 25.5, 25.5, 503)
('read', 25.5, 25.5, 503)
('read', 25.5, 25.5, 503)
('ready', 25.5, 25.5, 503)
('read', 25.5, 25.5, 503)
('read', 25.5, 25.5, 503)
('read', 25.5, 25.5, 503)
('ready', 25.5, 25.5, 503)
('read', 25.5, 25.5, 503)
('read', 25.5, 25.5, 503)
('read', 25.5, 25.5, 503)
('ready', 25.5, 25.5, 503)
('read', 25.5, 25.5, 503)
('ready', 25.5, 25.5, 503)
('read', 25.5, 25.5, 503)
('read', 25.5, 25.5, 503)
('read', 25.5, 25.5, 503)
('ready', 25.5, 25.5, 503)
('read', 25.5, 25.5, 503)
('read', 25.5, 25.5, 503)
('read', 25.5, 25.5, 503)
('ready', 25.5, 25.5, 503)
('read', 25.5, 25.5, 503)
('read', 25.5, 25.5, 503)
('read', 25.5, 25.5, 503)
('read', 25.5, 25.5, 503)
('read', 25.5, 25.5, 503)
('read', 25.5, 25.5, 503)
('ready', 25.5, 25.5, 503)
('ready', 25.5, 25.5, 503)
('read', 25.5, 25.5, 503)
('read', 25.5, 25.5, 503)
('read', 25.5, 25.5, 503)
('ready', 25.5, 25.5, 503)
('read', 25.5, 25.5, 503)
('read', 25.5, 25.5, 503)
('read', 25.5, 25.5, 503)
('ready', 25.5, 25.5, 503)
('read', 25.5, 25.5, 503)
('read', 25.5, 25.5, 503)
('read', 25.5, 25.5, 503)
('ready', 25.5, 25.5, 503)
('read', 25.5, 25.5, 503)
('read', 25.5, 25.5, 503)
('read', 25.5, 25.5, 503)
('ready', 25.5, 25.5, 503)
('read', 25.5, 25.5, 503)
('read', 25.5, 25.5, 503)
('read', 25.5, 25.5, 503)
('read', 25.5, 25.5, 503)
('ready', 25.5, 25.5, 503)
('read', 25.5, 25.5, 503)
('read', 25.5, 25.5, 503)
('read', 25.5, 25.5, 503)
('ready', 25.5, 25.5, 503)
('read', 25.5, 25.5, 503)
('read', 25.5, 25.5, 503)
('ready', 25.5, 25.6, 503)
('read', 25.5, 25.6, 503)
('read', 25.5, 25.6, 503)
('read', 25.5, 25.6, 503)
('ready', 25.6, 25.6, 503)
('read', 25.6, 25.6, 503)
('read', 25.6, 25.6, 503)
('ready', 25.6, 25.6, 503)
('read', 25.6, 25.6, 503)
('read', 25.6, 25.6, 503)
('read', 25.6, 25.6, 503)
('ready', 25.6, 25.6, 503)
('read', 25.6, 25.6, 503)
('read', 25.6, 25.6, 503)
('read', 25.6, 25.6, 503)
('read', 25.6, 25.6, 503)
('read', 25.6, 25.6, 503)
('ready', 25.6, 25.6, 503)
('read', 25.6, 25.6, 503)
('ready', 25.6, 25.6, 503)
('read', 25.6, 25.6, 503)
('read', 25.6, 25.6, 503)
('ready', 25.6, 25.6, 503)
('read', 25.6, 25.6, 503)
('read', 25.6, 25.6, 503)
('read', 25.6, 25.6, 503)
('ready', 25.6, 25.6, 503)
('ready', 25.6, 25.6, 503)
('read', 25.6, 25.6, 503)
('read', 25.6, 25.6, 503)
('read', 25.6, 25.6, 503)
('ready', 25.6, 25.6, 503)
('read', 25.6, 25.6, 503)
('read', 25.6, 25.6, 503)
('read', 25.6, 25.6, 503)
('ready', 25.6, 25.6, 503)
('read', 25.6, 25.6, 503)
('read', 25.6, 25.6, 503)
('read', 25.6, 25.6, 503)
('ready', 25.6, 25.6, 503)
('read', 25.6, 25.6, 503)
('read', 25.6, 25.6, 503)
('read', 25.6, 25.6, 503)
('ready', 25.6, 25.6, 503)
('read', 25.6, 25.6, 503)
('ready', 25.6, 25.6, 503)
('read', 25.6, 25.6, 503)
('read', 25.6, 25.6, 503)
('read', 25.6, 25.6, 503)
('read', 25.6, 25.6, 503)
('ready', 25.6, 25.6, 503)
('read', 25.6, 25.6, 503)
('read', 25.6, 25.6, 503)
('read', 25.6, 25.6, 503)
('ready', 25.6, 25.6, 503)
('read', 25.6, 25.6, 503)
('read', 25.6, 25.6, 503)
('read', 25.6, 25.6, 503)
('ready', 25.6, 25.6, 503)
('read', 25.6, 25.6, 503)
('read', 25.6, 25.6, 503)
('read', 25.6, 25.6, 503)
('read', 25.6, 25.6, 503)
('ready', 25.6, 25.6, 503)
('read', 25.6, 25.7, 503)
('ready', 25.6, 25.7, 503)
('read', 25.6, 25.7, 503)
('read', 25.6, 25.7, 503)
('read', 25.7, 25.7, 503)
('read', 25.7, 25.7, 503)
('read', 25.7, 25.7, 503)
('ready', 25.7, 25.7, 503)
('read', 25.7, 25.7, 503)
('read', 25.7, 25.7, 503)
('read', 25.7, 25.7, 503)
('ready', 25.7, 25.7, 503)
('read', 25.7, 25.7, 503)
('read', 25.7, 25.7, 503)
('read', 25.7, 25.7, 503)
('ready', 25.7, 25.7, 503)
('read', 25.7, 25.7, 503)
('read', 25.7, 25.7, 503)
('read', 25.7, 25.7, 503)
('ready', 25.7, 25.7, 503)
('read', 25.7, 25.7, 503)
('read', 25.7, 25.7, 503)
('read', 25.7, 25.7, 503)
('ready', 25.7, 25.7, 503)
('read', 25.7, 25.7, 503)
('read', 25.7, 25.7, 503)
('ready', 25.7, 25.7, 503)
('read', 25.7, 25.7, 503)
('read', 25.7, 25.7, 503)
('read', 25.7, 25.7, 503)
('ready', 25.7, 25.7, 503)
('read', 25.7, 25.7, 503)
('ready', 25.7, 25.7, 503)
('read', 25.7, 25.7, 503)
('read', 25.7, 25.7, 503)
('read', 25.7, 25.7, 503)
('ready', 25.7, 25.7, 503)
('read', 25.7, 25.7, 503)
('read', 25.7, 25.7, 503)
('read', 25.7, 25.7, 503)
('ready', 25.7, 25.7, 503)
('read', 25.7, 25.7, 503)
('read', 25.7, 25.7, 503)
('read', 25.7, 25.7, 503)
('read', 25.7, 25.7, 503)
('ready', 25.7, 25.7, 503)
('read', 25.7, 25.7, 503)
('read', 25.7, 25.7, 503)
('ready', 25.7, 25.8, 503)
('read', 25.7, 25.8, 503)
('read', 25.7, 25.8, 503)
('read', 25.7, 25.8, 503)
('ready', 25.8, 25.8, 503)
('read', 25.8, 25.8, 503)
('read', 25.8, 25.8, 503)
('read', 25.8, 25.8, 503)
('ready', 25.8, 25.8, 503)
('read', 25.8, 25.8, 503)
('read', 25.8, 25.8, 503)
('read', 25.8, 25.8, 503)
('ready', 25.8, 25.8, 503)
('ready', 25.8, 25.8, 503)
('read', 25.8, 25.8, 503)
('read', 25.8, 25.8, 503)
('read', 25.8, 25.8, 503)
('ready', 25.8, 25.8, 503)
('read', 25.8, 25.8, 503)
('read', 25.8, 25.8, 503)
('read', 25.8, 25.8, 503)
('ready', 25.8, 25.8, 503)
('read', 25.8, 25.8, 503)
('read', 25.8, 25.8, 503)
('read', 25.8, 25.8, 503)
('ready', 25.8, 25.8, 503)
('read', 25.8, 25.8, 503)
('read', 25.8, 25.8, 503)
('read', 25.8, 25.8, 503)
('ready', 25.8, 25.8, 503)
('read', 25.8, 25.8, 503)
('read', 25.8, 25.8, 503)
('ready', 25.8, 25.8, 503)
('read', 25.8, 25.8, 503)
('read', 25.8, 25.8, 503)
('read', 25.8, 25.8, 503)
('ready', 25.8, 25.8, 503)
('read', 25.8, 25.8, 503)
('read', 25.8, 25.8, 503)
('read', 25.8, 25.8, 503)
('ready', 25.8, 25.8, 503)
('read', 25.8, 25.8, 503)
('read', 25.8, 25.8, 503)
('read', 25.8, 25.8, 503)
('read', 25.8, 25.8, 503)
('ready', 25.8, 25.8, 503)
('read', 25.8, 25.8, 503)
('read', 25.8, 25.8, 503)
('ready', 25.8, 25.8, 503)
('read', 25.8, 25.8, 503)
('read', 25.8, 25.8, 503)
('read', 25.8, 25.8, 503)
('read', 25.8, 25.9, 503)
('ready', 25.8, 25.9, 503)
('read', 25.8, 25.9, 503)
('read', 25.8, 25.9, 503)
('ready', 25.9, 25.9, 503)
('read', 25.9, 25.9, 503)
('read', 25.9, 25.9, 503)
('read', 25.9, 25.9, 503)
('read', 25.9, 25.9, 503)
('ready', 25.9, 25.9, 503)
('read', 25.9, 25.9, 503)
('read', 25.9, 25.9, 503)
('read', 25.9, 25.9, 503)
('ready', 25.9, 25.9, 503)
('read', 25.9, 25.9, 503)
('read', 25.9, 25.9, 503)
('read', 25.9, 25.9, 503)
('ready', 25.9, 25.9, 503)
('read', 25.9, 25.9, 503)
('read', 25.9, 25.9, 503)
('ready', 25.9, 25.9, 503)
('read', 25.9, 25.9, 503)
('read', 25.9, 25.9, 503)
('read', 25.9, 25.9, 503)
('read', 25.9, 25.9, 503)
('ready', 25.9, 25.9, 503)
('read', 25.9, 25.9, 503)
('read', 25.9, 25.9, 503)
('read', 25.9, 25.9, 503)
('ready', 25.9, 25.9, 503)
('read', 25.9, 25.9, 503)
('read', 25.9, 25.9, 503)
('read', 25.9, 25.9, 503)
('ready', 25.9, 25.9, 503)
('read', 25.9, 25.9, 503)
('read', 25.9, 25.9, 503)
('read', 25.9, 25.9, 503)
('ready', 25.9, 25.9, 503)
('read', 25.9, 25.9, 503)
('read', 25.9, 25.9, 503)
('ready', 25.9, 25.9, 503)
('read', 25.9, 25.9, 503)
('read', 25.9, 25.9, 503)
('read', 25.9, 25.9, 503)
('ready', 25.9, 25.9, 503)
('read', 25.9, 25.9, 503)
('ready', 25.9, 25.9, 503)
('read', 25.9, 25.9, 503)
('read', 25.9, 25.9, 503)
('read', 25.9, 25.9, 503)
('ready', 25.9, 25.9, 503)
('read', 25.9, 25.9, 503)
('read', 25.9, 25.9, 503)
('read', 25.9, 25.9, 503)
('read', 25.9, 25.9, 503)
('ready', 25.9, 25.9, 503)
('read', 25.9, 25.9, 503)
('read', 25.9, 25.9, 503)
('read', 25.9, 25.9, 503)
('read', 25.9, 25.9, 503)
('ready', 25.9, 25.9, 503)
('read', 25.9, 25.9, 503)
('read', 25.9, 25.9, 503)
('read', 25.9, 26.0, 503)
('read', 25.9, 26.0, 503)
('read', 25.9, 26.0, 503)
('ready', 25.9, 26.0, 503)
('ready', 26.0, 26.0, 503)
('read', 26.0, 26.0, 503)
('read', 26.0, 26.0, 503)
('read', 26.0, 26.0, 503)
('read', 26.0, 26.0, 503)
('ready', 26.0, 26.0, 503)
('read', 26.0, 26.0, 503)
('read', 26.0, 26.0, 503)
('ready', 26.0, 26.0, 503)
('read', 26.0, 26.0, 503)
('read', 26.0, 26.0, 503)
('read', 26.0, 26.0, 503)
('ready', 26.0, 26.0, 503)
('read', 26.0, 26.0, 503)
('read', 26.0, 26.0, 503)
('read', 26.0, 26.0, 503)
('ready', 26.0, 26.0, 503)
('read', 26.0, 26.0, 503)
('read', 26.0, 26.0, 503)
('read', 26.0, 26.0, 503)
('ready', 26.0, 26.0, 503)
('read', 26.0, 26.0, 503)
('read', 26.0, 26.0, 503)
('read', 26.0, 26.0, 503)
('ready', 26.0, 26.0, 503)
('read', 26.0, 26.0, 503)
('read', 26.0, 26.0, 503)
('read', 26.0, 26.0, 503)
('ready', 26.0, 26.0, 503)
('read', 26.0, 26.0, 503)
('read', 26.0, 26.0, 503)
('read', 26.0, 26.0, 503)
('read', 26.0, 26.0, 503)
('ready', 26.0, 26.0, 503)
('read', 26.0, 26.0, 503)
('ready', 26.0, 26.0, 503)
('read', 26.0, 26.0, 503)
('read', 26.0, 26.0, 503)
('read', 26.0, 26.0, 503)
('read', 26.0, 26.0, 503)
('ready', 26.0, 26.0, 503)
('read', 26.0, 26.0, 503)
('read', 26.0, 26.0, 503)
('read', 26.0, 26.0, 503)
('read', 26.0, 26.0, 503)
('ready', 26.0, 26.0, 503)
('read', 26.0, 26.0, 503)
('read', 26.0, 26.0, 503)
('ready', 26.0, 26.0, 503)
('read', 26.0, 26.0, 503)
('read', 26.0, 26.0, 503)
('read', 26.0, 26.0, 503)
('read', 26.0, 26.0, 503)
('ready', 26.0, 26.0, 503)
('read', 26.0, 26.0, 503)
('read', 26.0, 26.0, 503)
('read', 26.0, 26.0, 503)
('ready', 26.0, 26.0, 503)
('read', 26.0, 26.0, 503)
('read', 26.0, 26.0, 503)
('ready', 26.0, 26.1, 503)
('read', 26.0, 26.1, 503)
('read', 26.0, 26.1, 503)
('read', 26.0, 26.1, 503)
('read', 26.1, 26.1, 503)
('ready', 26.1, 26.1, 503)
('read', 26.1, 26.1, 503)
('read', 26.1, 26.1, 503)
('read', 26.1, 26.1, 503)
('read', 26.1, 26.1, 503)
('ready', 26.1, 26.1, 503)
('read', 26.1, 26.1, 503)
('read', 26.1, 26.1, 503)
('read', 26.1, 26.1, 503)
('ready', 26.1, 26.1, 503)
('read', 26.1, 26.1, 503)
('read', 26.1, 26.1, 503)
('read', 26.1, 26.1, 503)
('ready', 26.1, 26.1, 503)
('read', 26.1, 26.1, 503)
('ready', 26.1, 26.1, 503)
('read', 26.1, 26.1, 503)
('read', 26.1, 26.1, 503)
('read', 26.1, 26.1, 503)
('read', 26.1, 26.1, 503)
('read', 26.1, 26.1, 503)
('ready', 26.1, 26.1, 503)
('read', 26.1, 26.1, 503)
('read', 26.1, 26.1, 503)
('read', 26.1, 26.1, 503)
('ready', 26.1, 26.1, 503)
('read', 26.1, 26.1, 503)
('read', 26.1, 26.1, 503)
('read', 26.1, 26.1, 503)
('ready', 26.1, 26.1, 503)
('read', 26.1, 26.1, 503)
('read', 26.1, 26.1, 503)
('read', 26.1, 26.1, 503)
('ready', 26.1, 26.1, 503)
('read', 26.1, 26.1, 503)
('read', 26.1, 26.1, 503)
('read', 26.1, 26.1, 503)
('read', 26.1, 26.1, 503)
('ready', 26.1, 26.1, 503)
('read', 26.1, 26.1, 503)
('read', 26.1, 26.1, 503)
('ready', 26.1, 26.1, 503)
('read', 26.1, 26.1, 503)
('read', 26.1, 26.1, 503)
('read', 26.1, 26.1, 503)
('read', 26.1, 26.1, 503)
('ready', 26.1, 26.1, 503)
('read', 26.1, 26.1, 503)
('read', 26.1, 26.1, 503)
('read', 26.1, 26.1, 503)
('ready', 26.1, 26.1, 503)
('read', 26.1, 26.1, 503)
('read', 26.1, 26.1, 503)
('read', 26.1, 26.1, 503)
('ready', 26.1, 26.1, 503)
('read', 26.1, 26.2, 503)
('read', 26.1, 26.2, 503)
('read', 26.1, 26.2, 503)
('ready', 26.1, 26.2, 503)
('read', 26.2, 26.2, 503)
('read', 26.2, 26.2, 503)
('read', 26.2, 26.2, 503)
('ready', 26.2, 26.2, 503)
('read', 26.2, 26.2, 503)
('read', 26.2, 26.2, 503)
('ready', 26.2, 26.2, 503)
('read', 26.2, 26.2, 503)
('read', 26.2, 26.2, 503)
('read', 26.2, 26.2, 503)
('read', 26.2, 26.2, 503)
('ready', 26.2, 26.2, 503)
('read', 26.2, 26.2, 503)
('read', 26.2, 26.2, 503)
('read', 26.2, 26.2, 503)
('ready', 26.2, 26.2, 503)
('read', 26.2, 26.2, 503)
('read', 26.2, 26.2, 503)
('ready', 26.2, 26.2, 503)
('read', 26.2, 26.2, 503)
('read', 26.2, 26.2, 503)
('read', 26.2, 26.2, 503)
('ready', 26.2, 26.2, 503)
('read', 26.2, 26.2, 503)
('read', 26.2, 26.2, 503)
('read', 26.2, 26.2, 503)
('read', 26.2, 26.2, 503)
('ready', 26.2, 26.2, 503)
('read', 26.2, 26.2, 503)
('read', 26.2, 26.2, 503)
('read', 26.2, 26.2, 503)
('ready', 26.2, 26.2, 503)
('read', 26.2, 26.2, 503)
('read', 26.2, 26.2, 503)
('ready', 26.2, 26.2, 503)
('read', 26.2, 26.2, 503)
('read', 26.2, 26.2, 503)
('read', 26.2, 26.2, 503)
('ready', 26.2, 26.2, 503)
('read', 26.2, 26.2, 503)
('read', 26.2, 26.2, 503)
('read', 26.2, 26.2, 503)
('read', 26.2, 26.2, 503)
('ready', 26.2, 26.2, 503)
('read', 26.2, 26.2, 503)
('read', 26.2, 26.2, 503)
('read', 26.2, 26.2, 503)
('read', 26.2, 26.2, 503)
('read', 26.2, 26.2, 503)
('ready', 26.2, 26.2, 503)
('read', 26.2, 26.2, 503)
('read', 26.2, 26.2, 503)
('read', 26.2, 26.2, 503)
('ready', 26.2, 26.2, 503)
('read', 26.2, 26.2, 503)
('ready', 26.2, 26.2, 503)
('read', 26.2, 26.2, 503)
('read', 26.2, 26.2, 503)
('read', 26.2, 26.3, 503)
('ready', 26.2, 26.3, 503)
('read', 26.2, 26.3, 503)
('read', 26.2, 26.3, 503)
('read', 26.3, 26.3, 503)
('read', 26.3, 26.3, 503)
('ready', 26.3, 26.3, 503)
('read', 26.3, 26.3, 503)
('read', 26.3, 26.3, 503)
('read', 26.3, 26.3, 503)
('ready', 26.3, 26.3, 503)
('read', 26.3, 26.3, 503)
('read', 26.3, 26.3, 503)
('read', 26.3, 26.3, 503)
('read', 26.3, 26.3, 503)
('read', 26.3, 26.3, 503)
('read', 26.3, 26.3, 503)
('ready', 26.3, 26.3, 503)
('read', 26.3, 26.3, 503)
('ready', 26.3, 26.3, 503)
('read', 26.3, 26.3, 503)
('read', 26.3, 26.3, 503)
('read', 26.3, 26.3, 503)
('ready', 26.3, 26.3, 503)
('read', 26.3, 26.3, 503)
('read', 26.3, 26.3, 503)
('read', 26.3, 26.3, 503)
('read', 26.3, 26.3, 503)
('ready', 26.3, 26.3, 503)
('read', 26.3, 26.3, 503)
('read', 26.3, 26.3, 503)
('ready', 26.3, 26.3, 503)
('read', 26.3, 26.3, 503)
('read', 26.3, 26.3, 503)
('ready', 26.3, 26.3, 503)
('read', 26.3, 26.3, 503)
('read', 26.3, 26.3, 503)
('read', 26.3, 26.3, 503)
('ready', 26.3, 26.3, 503)
('read', 26.3, 26.3, 503)
('read', 26.3, 26.3, 503)
('read', 26.3, 26.3, 503)
('read', 26.3, 26.3, 503)
('ready', 26.3, 26.3, 503)
('read', 26.3, 26.3, 503)
('read', 26.3, 26.3, 503)
('ready', 26.3, 26.3, 503)
('read', 26.3, 26.3, 503)
('read', 26.3, 26.3, 503)
('read', 26.3, 26.3, 503)
('read', 26.3, 26.3, 503)
('read', 26.3, 26.3, 503)
('ready', 26.3, 26.3, 503)
('ready', 26.3, 26.3, 503)
('read', 26.3, 26.3, 503)
('read', 26.3, 26.3, 503)
('read', 26.3, 26.3, 503)
('ready', 26.3, 26.3, 503)
('read', 26.3, 26.3, 503)
('read', 26.3, 26.3, 503)
('read', 26.3, 26.3, 503)
('ready', 26.3, 26.3, 503)
('ready', 26.3, 26.4, 503)
('read', 26.3, 26.4, 503)
('read', 26.3, 26.4, 503)
('read', 26.3, 26.4, 503)
('ready', 26.4, 26.4, 503)
('read', 26.4, 26.4, 503)
('read', 26.4, 26.4, 503)
('read', 26.4, 26.4, 503)
('read', 26.4, 26.4, 503)
('ready', 26.4, 26.4, 503)
('read', 26.4, 26.4, 503)
('read', 26.4, 26.4, 503)
('read', 26.4, 26.4, 503)
('read', 26.4, 26.4, 503)
('read', 26.4, 26.4, 503)
('ready', 26.4, 26.4, 503)
('read', 26.4, 26.4, 503)
('read', 26.4, 26.4, 503)
('read', 26.4, 26.4, 503)
('ready', 26.4, 26.4, 503)
('read', 26.4, 26.4, 503)
('read', 26.4, 26.4, 503)
('read', 26.4, 26.4, 503)
('ready', 26.4, 26.4, 503)
('read', 26.4, 26.4, 503)
('read', 26.4, 26.4, 503)
('read', 26.4, 26.4, 503)
('ready', 26.4, 26.4, 503)
('read', 26.4, 26.4, 503)
('read', 26.4, 26.4, 503)
('read', 26.4, 26.4, 503)
('read', 26.4, 26.4, 503)
('ready', 26.4, 26.4, 503)
('read', 26.4, 26.4, 503)
('read', 26.4, 26.4, 503)
('ready', 26.4, 26.4, 503)
('read', 26.4, 26.4, 503)
('read', 26.4, 26.4, 503)
('read', 26.4, 26.4, 503)
('ready', 26.4, 26.4, 503)
('read', 26.4, 26.4, 503)
('read', 26.4, 26.4, 503)
('ready', 26.4, 26.4, 503)
('read', 26.4, 26.4, 503)
('read', 26.4, 26.4, 503)
('read', 26.4, 26.4, 503)
('read', 26.4, 26.4, 503)
('read', 26.4, 26.4, 503)
('ready', 26.4, 26.4, 503)
('read', 26.4, 26.4, 503)
('read', 26.4, 26.4, 503)
('ready', 26.4, 26.4, 503)
('read', 26.4, 26.4, 503)
('read', 26.4, 26.4, 503)
('read', 26.4, 26.4, 503)
('ready', 26.4, 26.4, 503)
('read', 26.4, 26.4, 503)
('read', 26.4, 26.4, 503)
('read', 26.4, 26.4, 503)
('ready', 26.4, 26.4, 503)
('read', 26.4, 26.4, 503)
('read', 26.4, 26.4, 503)
('read', 26.4, 26.4, 503)
('read', 26.4, 26.5, 503)
('ready', 26.4, 26.5, 503)
('read', 26.4, 26.5, 503)
('read', 26.4, 26.5, 503)
('read', 26.5, 26.5, 503)
('read', 26.5, 26.5, 503)
('ready', 26.5, 26.5, 503)
('read', 26.5, 26.5, 503)
('read', 26.5, 26.5, 503)
('read', 26.5, 26.5, 503)
('read', 26.5, 26.5, 503)
('read', 26.5, 26.5, 503)
('ready', 26.5, 26.5, 503)
('ready', 26.5, 26.5, 503)
('read', 26.5, 26.5, 503)
('read', 26.5, 26.5, 503)
('read', 26.5, 26.5, 503)
('read', 26.5, 26.5, 503)
('read', 26.5, 26.5, 503)
('read', 26.5, 26.5, 503)
('ready', 26.5, 26.5, 503)
('read', 26.5, 26.5, 503)
('ready', 26.5, 26.5, 503)
('read', 26.5, 26.5, 503)
('read', 26.5, 26.5, 503)
('read', 26.5, 26.5, 503)
('read', 26.5, 26.5, 503)
('read', 26.5, 26.5, 503)
('ready', 26.5, 26.5, 503)
('read', 26.5, 26.5, 503)
('ready', 26.5, 26.5, 503)
('read', 26.5, 26.5, 503)
('read', 26.5, 26.5, 503)
('read', 26.5, 26.5, 503)
('ready', 26.5, 26.5, 503)
('read', 26.5, 26.5, 503)
('read', 26.5, 26.5, 503)
('read', 26.5, 26.5, 503)
('read', 26.5, 26.5, 503)
('read', 26.5, 26.5, 503)
('ready', 26.5, 26.5, 503)
('ready', 26.5, 26.5, 503)
('read', 26.5, 26.5, 503)
('read', 26.5, 26.5, 503)
('read', 26.5, 26.5, 503)
('ready', 26.5, 26.5, 503)
('read', 26.5, 26.5, 503)
('read', 26.5, 26.5, 503)
('read', 26.5, 26.5, 503)
('ready', 26.5, 26.5, 503)
('read', 26.5, 26.5, 503)
('read', 26.5, 26.5, 503)
('read', 26.5, 26.5, 503)
('ready', 26.5, 26.5, 503)
('read', 26.5, 26.5, 503)
('ready', 26.5, 26.5, 503)
('read', 26.5, 26.5, 503)
('read', 26.5, 26.5, 503)
('read', 26.5, 26.5, 503)
('ready', 26.5, 26.5, 503)
('read', 26.5, 26.5, 503)
('read', 26.5, 26.5, 503)
('read', 26.5, 26.5, 503)
('read', 26.5, 26.6, 503)
('read', 26.5, 26.6, 503)
('ready', 26.5, 26.6, 503)
('read', 26.5, 26.6, 503)
('read', 26.6, 26.6, 503)
('ready', 26.6, 26.6, 503)
('read', 26.6, 26.6, 503)
('read', 26.6, 26.6, 503)
('read', 26.6, 26.6, 503)
('read', 26.6, 26.6, 503)
('ready', 26.6, 26.6, 503)
('read', 26.6, 26.6, 503)
('read', 26.6, 26.6, 503)
('ready', 26.6, 26.6, 503)
('read', 26.6, 26.6, 503)
('read', 26.6, 26.6, 503)
('read', 26.6, 26.6, 503)
('ready', 26.6, 26.6, 503)
('read', 26.6, 26.6, 503)
('read', 26.6, 26.6, 503)
('read', 26.6, 26.6, 503)
('read', 26.6, 26.6, 503)
('read', 26.6, 26.6, 503)
('ready', 26.6, 26.6, 503)
('read', 26.6, 26.6, 503)
('ready', 26.6, 26.6, 503)
('read', 26.6, 26.6, 503)
('read', 26.6, 26.6, 503)
('ready', 26.6, 26.6, 503)
('read', 26.6, 26.6, 503)
('read', 26.6, 26.6, 503)
('read', 26.6, 26.6, 503)
('ready', 26.6, 26.6, 503)
('read', 26.6, 26.6, 503)
('read', 26.6, 26.6, 503)
('read', 26.6, 26.6, 503)
('ready', 26.6, 26.6, 503)
('read', 26.6, 26.6, 503)
('read', 26.6, 26.6, 503)
('read', 26.6, 26.6, 503)
('ready', 26.6, 26.6, 503)
('read', 26.6, 26.6, 503)
('read', 26.6, 26.6, 503)
('read', 26.6, 26.6, 503)
('ready', 26.6, 26.6, 503)
('read', 26.6, 26.6, 503)
('read', 26.6, 26.6, 503)
('ready', 26.6, 26.6, 503)
('read', 26.6, 26.6, 503)
('read', 26.6, 26.6, 503)
('read', 26.6, 26.6, 503)
('read', 26.6, 26.6, 503)
('ready', 26.6, 26.6, 503)
('read', 26.6, 26.6, 503)
('read', 26.6, 26.6, 503)
('read', 26.6, 26.6, 503)
('ready', 26.6, 26.6, 503)
('read', 26.6, 26.6, 503)
('read', 26.6, 26.6, 503)
('ready', 26.6, 26.6, 503)
('read', 26.6, 26.6, 503)
('read', 26.6, 26.6, 503)
('read', 26.6, 26.6, 503)
('read', 26.6, 26.6, 503)
('ready', 26.6, 26.6, 503)
('read', 26.6, 26.7, 503)
('read', 26.6, 26.7, 503)
('ready', 26.6, 26.7, 503)
('read', 26.6, 26.7, 503)
('read', 26.7, 26.7, 503)
('read', 26.7, 26.7, 503)
('ready', 26.7, 26.7, 503)
('read', 26.7, 26.7, 503)
('read', 26.7, 26.7, 503)
('read', 26.7, 26.7, 503)
('ready', 26.7, 26.7, 503)
('read', 26.7, 26.7, 503)
('read', 26.7, 26.7, 503)
('read', 26.7, 26.7, 503)
('ready', 26.7, 26.7, 503)
('read', 26.7, 26.7, 503)
('read', 26.7, 26.7, 503)
('ready', 26.7, 26.7, 503)
('read', 26.7, 26.7, 503)
('read', 26.7, 26.7, 503)
('read', 26.7, 26.7, 503)
('ready', 26.7, 26.7, 503)
('read', 26.7, 26.7, 503)
('read', 26.7, 26.7, 503)
('ready', 26.7, 26.7, 503)
('read', 26.7, 26.7, 503)
('read', 26.7, 26.7, 503)
('ready', 26.7, 26.7, 503)
('read', 26.7, 26.7, 503)
('read', 26.7, 26.7, 503)
('read', 26.7, 26.7, 503)
('ready', 26.7, 26.7, 503)
('read', 26.7, 26.7, 503)
('read', 26.7, 26.7, 503)
('read', 26.7, 26.7, 503)
('ready', 26.7, 26.7, 503)
('read', 26.7, 26.7, 503)
('read', 26.7, 26.7, 503)
('read', 26.7, 26.7, 503)
('ready', 26.7, 26.7, 503)
('read', 26.7, 26.7, 503)
('read', 26.7, 26.7, 503)
('read', 26.7, 26.7, 503)
('ready', 26.7, 26.7, 503)
('read', 26.7, 26.7, 503)
('read', 26.7, 26.7, 503)
('ready', 26.7, 26.7, 503)
('read', 26.7, 26.7, 503)
('ready', 26.7, 26.7, 503)
('read', 26.7, 26.7, 503)
('read', 26.7, 26.7, 503)
('read', 26.7, 26.7, 503)
('ready', 26.7, 26.7, 503)
('read', 26.7, 26.7, 503)
('read', 26.7, 26.7, 503)
('read', 26.7, 26.7, 503)
('ready', 26.7, 26.7, 503)
('read', 26.7, 26.7, 503)
('read', 26.7, 26.7, 503)
('read', 26.7, 26.7, 503)
('ready', 26.7, 26.7, 503)
('read', 26.7, 26.8, 503)
('read', 26.7, 26.8, 503)
('read', 26.7, 26.8, 503)
('ready', 26.7, 26.8, 503)
('read', 26.8, 26.8, 503)
('read', 26.8, 26.8, 503)
('read', 26.8, 26.8, 503)
('ready', 26.8, 26.8, 503)
('read', 26.8, 26.8, 503)
('read', 26.8, 26.8, 503)
('ready', 26.8, 26.8, 503)
('read', 26.8, 26.8, 503)
('read', 26.8, 26.8, 503)
('read', 26.8, 26.8, 503)
('read', 26.8, 26.8, 503)
('read', 26.8, 26.8, 503)
('ready', 26.8, 26.8, 503)
('read', 26.8, 26.8, 503)
('ready', 26.8, 26.8, 503)
('read', 26.8, 26.8, 503)
('read', 26.8, 26.8, 503)
('read', 26.8, 26.8, 503)
('ready', 26.8, 26.8, 503)
('read', 26.8, 26.8, 503)
('read', 26.8, 26.8, 503)
('read', 26.8, 26.8, 503)
('ready', 26.8, 26.8, 503)
('read', 26.8, 26.8, 503)
('read', 26.8, 26.8, 503)
('read', 26.8, 26.8, 503)
('ready', 26.8, 26.8, 503)
('read', 26.8, 26.8, 503)
('read', 26.8, 26.8, 503)
('read', 26.8, 26.8, 503)
('read', 26.8, 26.8, 503)
('ready', 26.8, 26.8, 503)
('read', 26.8, 26.8, 503)
('read', 26.8, 26.8, 503)
('read', 26.8, 26.8, 503)
('read', 26.8, 26.9, 503)
('ready', 26.8, 26.9, 503)
('read', 26.8, 26.9, 503)
('read', 26.8, 26.9, 503)
('read', 26.9, 26.9, 503)
('ready', 26.9, 26.9, 503)
('read', 26.9, 26.9, 503)
('read', 26.9, 26.9, 503)
('read', 26.9, 26.9, 503)
('ready', 26.9, 26.9, 503)
('read', 26.9, 26.9, 503)
('ready', 26.9, 26.9, 503)
('read', 26.9, 26.9, 503)
('read', 26.9, 26.9, 503)
('read', 26.9, 26.9, 503)
('read', 26.9, 26.9, 503)
('ready', 26.9, 26.9, 503)
('read', 26.9, 26.9, 503)
('read', 26.9, 26.9, 503)
('ready', 26.9, 26.9, 503)
('read', 26.9, 26.9, 503)
('read', 26.9, 26.9, 503)
('read', 26.9, 26.9, 503)
('read', 26.9, 26.9, 503)
('read', 26.9, 26.9, 503)
('ready', 26.9, 26.9, 503)
('read', 26.9, 26.9, 503)
('ready', 26.9, 26.9, 503)
('read', 26.9, 26.9, 503)
('read', 26.9, 26.9, 503)
('read', 26.9, 26.9, 503)
('ready', 26.9, 26.9, 503)
('read', 26.9, 26.9, 503)
('read', 26.9, 26.9, 503)
('read', 26.9, 26.9, 503)
('ready', 26.9, 26.9, 503)
('read', 26.9, 26.9, 503)
('read', 26.9, 26.9, 503)
('ready', 26.9, 26.9, 503)
('read', 26.9, 26.9, 503)
('read', 26.9, 26.9, 503)
('read', 26.9, 26.9, 503)
('read', 26.9, 26.9, 503)
('ready', 26.9, 26.9, 503)
('read', 26.9, 26.9, 503)
('read', 26.9, 26.9, 503)
('read', 26.9, 26.9, 503)
('read', 26.9, 26.9, 503)
('ready', 26.9, 26.9, 503)
('read', 26.9, 26.9, 503)
('read', 26.9, 26.9, 503)
('read', 26.9, 26.9, 503)
('ready', 26.9, 26.9, 503)
('read', 26.9, 26.9, 503)
('ready', 26.9, 26.9, 503)
('read', 26.9, 26.9, 503)
('read', 26.9, 26.9, 503)
('read', 26.9, 26.9, 503)
('read', 26.9, 26.9, 503)
('read', 26.9, 26.9, 503)
('read', 26.9, 26.9, 503)
('ready', 26.9, 26.9, 503)
('ready', 26.9, 27.0, 503)
('read', 26.9, 27.0, 503)
('read', 26.9, 27.0, 503)
('read', 26.9, 27.0, 503)
('read', 27.0, 27.0, 503)
('read', 27.0, 27.0, 503)
('read', 27.0, 27.0, 503)
('ready', 27.0, 27.0, 503)
('read', 27.0, 27.0, 503)
('ready', 27.0, 27.0, 503)
('read', 27.0, 27.0, 503)
('read', 27.0, 27.0, 503)
('read', 27.0, 27.0, 503)
('ready', 27.0, 27.0, 503)
('read', 27.0, 27.0, 503)
('read', 27.0, 27.0, 503)
('read', 27.0, 27.0, 503)
('read', 27.0, 27.0, 503)
('ready', 27.0, 27.0, 503)
('read', 27.0, 27.0, 503)
('read', 27.0, 27.0, 503)
('read', 27.0, 27.0, 503)
('read', 27.0, 27.0, 503)
('ready', 27.0, 27.0, 503)
('read', 27.0, 27.0, 503)
('read', 27.0, 27.0, 503)
('read', 27.0, 27.0, 503)
('ready', 27.0, 27.0, 503)
('read', 27.0, 27.0, 503)
('read', 27.0, 27.0, 503)
('read', 27.0, 27.0, 503)
('ready', 27.0, 27.0, 503)
('read', 27.0, 27.0, 503)
('read', 27.0, 27.0, 503)
('read', 27.0, 27.0, 503)
('ready', 27.0, 27.0, 503)
('read', 27.0, 27.0, 503)
('ready', 27.0, 27.0, 503)
('read', 27.0, 27.0, 503)
('read', 27.0, 27.0, 503)
('read', 27.0, 27.0, 503)
('ready', 27.0, 27.0, 503)
('read', 27.0, 27.0, 503)
('read', 27.0, 27.0, 503)
('read', 27.0, 27.0, 503)
('ready', 27.0, 27.0, 503)
('read', 27.0, 27.0, 503)
('read', 27.0, 27.0, 503)
('read', 27.0, 27.0, 503)
('ready', 27.0, 27.0, 503)
('read', 27.0, 27.0, 503)
('read', 27.0, 27.0, 503)
('read', 27.0, 27.0, 503)
('ready', 27.0, 27.0, 503)
('read', 27.0, 27.0, 503)
('ready', 27.0, 27.0, 503)
('read', 27.0, 27.0, 503)
('read', 27.0, 27.0, 503)
('read', 27.0, 27.0, 503)
('ready', 27.0, 27.0, 503)
('read', 27.0, 27.0, 503)
('read', 27.0, 27.0, 503)
('read', 27.0, 27.0, 503)
('read', 27.0, 27.0, 503)
('read', 27.0, 27.0, 503)
('ready', 27.0, 27.0, 503)
('read', 27.0, 27.1, 503)
('read', 27.0, 27.1, 503)
('ready', 27.0, 27.1, 503)
('read', 27.0, 27.1, 503)
('read', 27.1, 27.1, 503)
('ready', 27.1, 27.1, 503)
('read', 27.1, 27.1, 503)
('read', 27.1, 27.1, 503)
('read', 27.1, 27.1, 503)
('ready', 27.1, 27.1, 503)
('read', 27.1, 27.1, 503)
('read', 27.1, 27.1, 503)
('ready', 27.1, 27.1, 503)
('read', 27.1, 27.1, 503)
('read', 27.1, 27.1, 503)
('read', 27.1, 27.1, 503)
('read', 27.1, 27.1, 503)
('read', 27.1, 27.1, 503)
('ready', 27.1, 27.1, 503)
('read', 27.1, 27.1, 503)
('ready', 27.1, 27.1, 503)
('read', 27.1, 27.1, 503)
('read', 27.1, 27.1, 503)
('read', 27.1, 27.1, 503)
('ready', 27.1, 27.1, 503)
('read', 27.1, 27.1, 503)
('read', 27.1, 27.1, 503)
('read', 27.1, 27.1, 503)
('ready', 27.1, 27.1, 503)
('read', 27.1, 27.1, 503)
('read', 27.1, 27.1, 503)
('read', 27.1, 27.1, 503)
('read', 27.1, 27.1, 503)
('ready', 27.1, 27.1, 503)
('read', 27.1, 27.1, 503)
('read', 27.1, 27.1, 503)
('read', 27.1, 27.1, 503)
('read', 27.1, 27.1, 503)
('ready', 27.1, 27.1, 503)
('read', 27.1, 27.1, 503)
('read', 27.1, 27.1, 503)
('read', 27.1, 27.1, 503)
('read', 27.1, 27.1, 503)
('ready', 27.1, 27.1, 503)
('read', 27.1, 27.1, 503)
('ready', 27.1, 27.1, 503)
('read', 27.1, 27.1, 503)
('read', 27.1, 27.1, 503)
('read', 27.1, 27.1, 503)
('ready', 27.1, 27.1, 503)
('read', 27.1, 27.1, 503)
('read', 27.1, 27.1, 503)
('read', 27.1, 27.1, 503)
('ready', 27.1, 27.1, 503)
('read', 27.1, 27.1, 503)
('read', 27.1, 27.1, 503)
('read', 27.1, 27.2, 503)
('ready', 27.1, 27.2, 503)
('read', 27.1, 27.2, 503)
('read', 27.1, 27.2, 503)
('read', 27.2, 27.2, 503)
('ready', 27.2, 27.2, 503)
('read', 27.2, 27.2, 503)
('read', 27.2, 27.2, 503)
('ready', 27.2, 27.2, 503)
('read', 27.2, 27.2, 503)
('read', 27.2, 27.2, 503)
('read', 27.2, 27.2, 503)
('ready', 27.2, 27.2, 503)
('read', 27.2, 27.2, 503)
('read', 27.2, 27.2, 503)
('read', 27.2, 27.2, 503)
('ready', 27.2, 27.2, 503)
('read', 27.2, 27.2, 503)
('read', 27.2, 27.2, 503)
('read', 27.2, 27.2, 503)
('ready', 27.2, 27.2, 503)
('read', 27.2, 27.2, 503)
('read', 27.2, 27.2, 503)
('ready', 27.2, 27.2, 503)
('read', 27.2, 27.2, 503)
('read', 27.2, 27.2, 503)
('read', 27.2, 27.2, 503)
('ready', 27.2, 27.2, 503)
('read', 27.2, 27.2, 503)
('read', 27.2, 27.2, 503)
('ready', 27.2, 27.2, 503)
('read', 27.2, 27.2, 503)
('read', 27.2, 27.2, 503)
('read', 27.2, 27.2, 503)
('read', 27.2, 27.2, 503)
('read', 27.2, 27.2, 503)
('ready', 27.2, 27.2, 503)
('read', 27.2, 27.2, 503)
('read', 27.2, 27.2, 503)
('read', 27.2, 27.2, 503)
('ready', 27.2, 27.2, 503)
('read', 27.2, 27.2, 503)
('read', 27.2, 27.2, 503)
('ready', 27.2, 27.2, 503)
('read', 27.2, 27.2, 503)
('read', 27.2, 27.2, 503)
('ready', 27.2, 27.2, 503)
('read', 27.2, 27.2, 503)
('read', 27.2, 27.2, 503)
('read', 27.2, 27.2, 503)
('ready', 27.2, 27.2, 503)
('read', 27.2, 27.2, 503)
('read', 27.2, 27.2, 503)
('read', 27.2, 27.2, 503)
('ready', 27.2, 27.2, 503)
('read', 27.2, 27.2, 503)
('read', 27.2, 27.2, 503)
('read', 27.2, 27.2, 503)
('ready', 27.2, 27.3, 503)
('read', 27.2, 27.3, 503)
('read', 27.2, 27.3, 503)
('read', 27.2, 27.3, 503)
('ready', 27.3, 27.3, 503)
('read', 27.3, 27.3, 503)
('read', 27.3, 27.3, 503)
('read', 27.3, 27.3, 503)
('read', 27.3, 27.3, 503)
('read', 27.3, 27.3, 503)
('ready', 27.3, 27.3, 503)
('read', 27.3, 27.3, 503)
('read', 27.3, 27.3, 503)
('read', 27.3, 27.3, 503)
('ready', 27.3, 27.3, 503)
('read', 27.3, 27.3, 503)
('ready', 27.3, 27.3, 503)
('read', 27.3, 27.3, 503)
('read', 27.3, 27.3, 503)
('read', 27.3, 27.3, 503)
('read', 27.3, 27.3, 503)
('ready', 27.3, 27.3, 503)
('read', 27.3, 27.3, 503)
('read', 27.3, 27.3, 503)
('read', 27.3, 27.3, 503)
('read', 27.3, 27.3, 503)
('ready', 27.3, 27.3, 503)
('read', 27.3, 27.3, 503)
('read', 27.3, 27.3, 503)
('read', 27.3, 27.3, 503)
('ready', 27.3, 27.3, 503)
('read', 27.3, 27.3, 503)
('read', 27.3, 27.3, 503)
('ready', 27.3, 27.3, 503)
('read', 27.3, 27.3, 503)
('read', 27.3, 27.3, 503)
('read', 27.3, 27.3, 503)
('read', 27.3, 27.3, 503)
('ready', 27.3, 27.3, 503)
('read', 27.3, 27.3, 503)
('read', 27.3, 27.3, 503)
('ready', 27.3, 27.3, 503)
('read', 27.3, 27.3, 503)
('read', 27.3, 27.3, 503)
('read', 27.3, 27.3, 503)
('read', 27.3, 27.3, 503)
('read', 27.3, 27.3, 503)
('ready', 27.3, 27.3, 503)
('read', 27.3, 27.3, 503)
('read', 27.3, 27.3, 503)
('read', 27.3, 27.3, 503)
('ready', 27.3, 27.3, 503)
('read', 27.3, 27.3, 503)
('read', 27.3, 27.3, 503)
('ready', 27.3, 27.3, 503)
('read', 27.3, 27.3, 503)
('read', 27.3, 27.3, 503)
('read', 27.3, 27.3, 503)
('read', 27.3, 27.3, 503)
('read', 27.3, 27.3, 503)
('ready', 27.3, 27.3, 503)
('read', 27.3, 27.3, 503)
('read', 27.3, 27.3, 503)
('read', 27.3, 27.3, 503)
('ready', 27.3, 27.3, 503)
('read', 27.3, 27.4, 503)
('read', 27.3, 27.4, 503)
('read', 27.3, 27.4, 503)
('ready', 27.3, 27.4, 503)
('read', 27.4, 27.4, 503)
('read', 27.4, 27.4, 503)
('ready', 27.4, 27.4, 503)
('read', 27.4, 27.4, 503)
('read', 27.4, 27.4, 503)
('read', 27.4, 27.4, 503)
('ready', 27.4, 27.4, 503)
('read', 27.4, 27.4, 503)
('ready', 27.4, 27.4, 503)
('read', 27.4, 27.4, 503)
('read', 27.4, 27.4, 503)
('read', 27.4, 27.4, 503)
('ready', 27.4, 27.4, 503)
('read', 27.4, 27.4, 503)
('read', 27.4, 27.4, 503)
('read', 27.4, 27.4, 503)
('ready', 27.4, 27.4, 503)
('read', 27.4, 27.4, 503)
('read', 27.4, 27.4, 503)
('read', 27.4, 27.4, 503)
('ready', 27.4, 27.4, 503)
('read', 27.4, 27.4, 503)
('ready', 27.4, 27.4, 503)
('read', 27.4, 27.4, 503)
('read', 27.4, 27.4, 503)
('read', 27.4, 27.4, 503)
('ready', 27.4, 27.4, 503)
('read', 27.4, 27.4, 503)
('read', 27.4, 27.4, 503)
('read', 27.4, 27.4, 503)
('ready', 27.4, 27.4, 503)
('read', 27.4, 27.4, 503)
('read', 27.4, 27.4, 503)
('read', 27.4, 27.4, 503)
('read', 27.4, 27.4, 503)
('ready', 27.4, 27.4, 503)
('read', 27.4, 27.4, 503)
('read', 27.4, 27.4, 503)
('read', 27.4, 27.4, 503)
('ready', 27.4, 27.4, 503)
('read', 27.4, 27.4, 503)
('read', 27.4, 27.4, 503)
('read', 27.4, 27.4, 503)
('ready', 27.4, 27.4, 503)
('read', 27.4, 27.4, 503)
('read', 27.4, 27.4, 503)
('read', 27.4, 27.4, 503)
('read', 27.4, 27.4, 503)
('ready', 27.4, 27.4, 503)
('read', 27.4, 27.4, 503)
('read', 27.4, 27.4, 503)
('read', 27.4, 27.4, 503)
('read', 27.4, 27.4, 503)
('ready', 27.4, 27.4, 503)
('read', 27.4, 27.4, 503)
('read', 27.4, 27.4, 503)
('ready', 27.4, 27.4, 503)
('read', 27.4, 27.4, 503)
('read', 27.4, 27.4, 503)
('ready', 27.4, 27.4, 503)
('read', 27.4, 27.4, 503)
('read', 27.4, 27.4, 503)
('read', 27.4, 27.5, 503)
('read', 27.4, 27.5, 503)
('read', 27.4, 27.5, 503)
('ready', 27.4, 27.5, 503)
('read', 27.5, 27.5, 503)
('read', 27.5, 27.5, 503)
('read', 27.5, 27.5, 503)
('ready', 27.5, 27.5, 503)
('read', 27.5, 27.5, 503)
('read', 27.5, 27.5, 503)
('ready', 27.5, 27.5, 503)
('read', 27.5, 27.5, 503)
('read', 27.5, 27.5, 503)
('read', 27.5, 27.5, 503)
('ready', 27.5, 27.5, 503)
('read', 27.5, 27.5, 503)
('ready', 27.5, 27.5, 503)
('read', 27.5, 27.5, 503)
('read', 27.5, 27.5, 503)
('read', 27.5, 27.5, 503)
('read', 27.5, 27.5, 503)
('ready', 27.5, 27.5, 503)
('read', 27.5, 27.5, 503)
('read', 27.5, 27.5, 503)
('read', 27.5, 27.5, 503)
('read', 27.5, 27.5, 503)
('ready', 27.5, 27.5, 503)
('read', 27.5, 27.5, 503)
('ready', 27.5, 27.5, 503)
('read', 27.5, 27.5, 503)
('read', 27.5, 27.5, 503)
('read', 27.5, 27.5, 503)
('read', 27.5, 27.5, 503)
('read', 27.5, 27.5, 503)
('ready', 27.5, 27.5, 503)
('read', 27.5, 27.5, 503)
('read', 27.5, 27.5, 503)
('read', 27.5, 27.5, 503)
('ready', 27.5, 27.5, 503)
('read', 27.5, 27.5, 503)
('read', 27.5, 27.5, 503)
('read', 27.5, 27.5, 503)
('ready', 27.5, 27.5, 503)
('read', 27.5, 27.5, 503)
('read', 27.5, 27.5, 503)
('read', 27.5, 27.5, 503)
('ready', 27.5, 27.5, 503)
('read', 27.5, 27.5, 503)
('read', 27.5, 27.5, 503)
('read', 27.5, 27.5, 503)
('read', 27.5, 27.5, 503)
('read', 27.5, 27.5, 503)
('ready', 27.5, 27.5, 503)
('read', 27.5, 27.5, 503)
('read', 27.5, 27.5, 503)
('read', 27.5, 27.5, 503)
('ready', 27.5, 27.5, 503)
('read', 27.5, 27.5, 503)
('read', 27.5, 27.5, 503)
('read', 27.5, 27.5, 503)
('ready', 27.5, 27.5, 503)
('read', 27.5, 27.5, 503)
('read', 27.5, 27.5, 503)
('read', 27.5, 27.5, 503)
('ready', 27.5, 27.5, 503)
('read', 27.5, 27.5, 503)
('read', 27.5, 27.6, 503)
('ready', 27.5, 27.6, 503)
('read', 27.5, 27.6, 503)
('read', 27.5, 27.6, 503)
('read', 27.6, 27.6, 503)
('ready', 27.6, 27.6, 503)
('read', 27.6, 27.6, 503)
('read', 27.6, 27.6, 503)
('read', 27.6, 27.6, 503)
('ready', 27.6, 27.6, 503)
('read', 27.6, 27.6, 503)
('read', 27.6, 27.6, 503)
('read', 27.6, 27.6, 503)
('ready', 27.6, 27.6, 503)
('read', 27.6, 27.6, 503)
('read', 27.6, 27.6, 503)
('read', 27.6, 27.6, 503)
('read', 27.6, 27.6, 503)
('ready', 27.6, 27.6, 503)
('read', 27.6, 27.6, 503)
('read', 27.6, 27.6, 503)
('read', 27.6, 27.6, 503)
('read', 27.6, 27.6, 503)
('read', 27.6, 27.6, 503)
('ready', 27.6, 27.6, 503)
('read', 27.6, 27.6, 503)
('ready', 27.6, 27.6, 503)
('read', 27.6, 27.6, 503)
('read', 27.6, 27.6, 503)
('read', 27.6, 27.6, 503)
('ready', 27.6, 27.6, 503)
('read', 27.6, 27.6, 503)
('read', 27.6, 27.6, 503)
('read', 27.6, 27.6, 503)
('ready', 27.6, 27.6, 503)
('read', 27.6, 27.6, 503)
('read', 27.6, 27.6, 503)
('ready', 27.6, 27.6, 503)
('read', 27.6, 27.6, 503)
('read', 27.6, 27.6, 503)
('read', 27.6, 27.6, 503)
('ready', 27.6, 27.6, 503)
('read', 27.6, 27.6, 503)
('read', 27.6, 27.6, 503)
('read', 27.6, 27.6, 503)
('ready', 27.6, 27.6, 503)
('read', 27.6, 27.6, 503)
('read', 27.6, 27.6, 503)
('read', 27.6, 27.6, 503)
('ready', 27.6, 27.6, 503)
('read', 27.6, 27.6, 503)
('read', 27.6, 27.6, 503)
('read', 27.6, 27.6, 503)
('read', 27.6, 27.6, 503)
('ready', 27.6, 27.6, 503)
('read', 27.6, 27.6, 503)
('read', 27.6, 27.6, 503)
('ready', 27.6, 27.6, 503)
('read', 27.6, 27.6, 503)
('read', 27.6, 27.6, 503)
('read', 27.6, 27.6, 503)
('ready', 27.6, 27.7, 503)
('read', 27.6, 27.7, 503)
('read', 27.6, 27.7, 503)
('read', 27.6, 27.7, 503)
('read', 27.7, 27.7, 503)
('ready', 27.7, 27.7, 503)
('read', 27.7, 27.7, 503)
('read', 27.7, 27.7, 503)
('read', 27.7, 27.7, 503)
('ready', 27.7, 27.7, 503)
('read', 27.7, 27.7, 503)
('read', 27.7, 27.7, 503)
('ready', 27.7, 27.7, 503)
('read', 27.7, 27.7, 503)
('read', 27.7, 27.7, 503)
('read', 27.7, 27.7, 503)
('ready', 27.7, 27.7, 503)
('ready', 27.7, 27.7, 503)
('read', 27.7, 27.7, 503)
('read', 27.7, 27.7, 503)
('read', 27.7, 27.7, 503)
('ready', 27.7, 27.7, 503)
('read', 27.7, 27.7, 503)
('read', 27.7, 27.7, 503)
('read', 27.7, 27.7, 503)
('read', 27.7, 27.7, 503)
('ready', 27.7, 27.7, 503)
('read', 27.7, 27.7, 503)
('read', 27.7, 27.7, 503)
('read', 27.7, 27.7, 503)
('ready', 27.7, 27.7, 503)
('read', 27.7, 27.7, 503)
('read', 27.7, 27.7, 503)
('read', 27.7, 27.7, 503)
('ready', 27.7, 27.7, 503)
('read', 27.7, 27.7, 503)
('read', 27.7, 27.7, 503)
('read', 27.7, 27.7, 503)
('read', 27.7, 27.7, 503)
('ready', 27.7, 27.7, 503)
('read', 27.7, 27.7, 503)
('ready', 27.7, 27.7, 503)
('read', 27.7, 27.7, 503)
('read', 27.7, 27.7, 503)
('read', 27.7, 27.7, 503)
('read', 27.7, 27.7, 503)
('read', 27.7, 27.7, 503)
('ready', 27.7, 27.7, 503)
('read', 27.7, 27.7, 503)
('read', 27.7, 27.7, 503)
('read', 27.7, 27.7, 503)
('read', 27.7, 27.7, 503)
('ready', 27.7, 27.7, 503)
('ready', 27.7, 27.7, 503)
('read', 27.7, 27.7, 503)
('read', 27.7, 27.7, 503)
('read', 27.7, 27.7, 503)
('ready', 27.7, 27.7, 503)
('read', 27.7, 27.7, 503)
('read', 27.7, 27.7, 503)
('read', 27.7, 27.7, 503)
('ready', 27.7, 27.7, 503)
('read', 27.7, 27.8, 503)
('read', 27.7, 27.8, 503)
('read', 27.7, 27.8, 503)
('ready', 27.7, 27.8, 503)
('read', 27.8, 27.8, 503)
('read', 27.8, 27.8, 503)
('read', 27.8, 27.8, 503)
('ready', 27.8, 27.8, 503)
('read', 27.8, 27.8, 503)
('read', 27.8, 27.8, 503)
('read', 27.8, 27.8, 503)
('ready', 27.8, 27.8, 503)
('read', 27.8, 27.8, 503)
('read', 27.8, 27.8, 503)
('read', 27.8, 27.8, 503)
('ready', 27.8, 27.8, 503)
('read', 27.8, 27.8, 503)
('read', 27.8, 27.8, 503)
('ready', 27.8, 27.8, 503)
('read', 27.8, 27.8, 503)
('read', 27.8, 27.8, 503)
('ready', 27.8, 27.8, 503)
('read', 27.8, 27.8, 503)
('read', 27.8, 27.8, 503)
('read', 27.8, 27.8, 503)
('read', 27.8, 27.8, 503)
('ready', 27.8, 27.8, 503)
('read', 27.8, 27.8, 503)
('read', 27.8, 27.8, 503)
('read', 27.8, 27.8, 503)
('read', 27.8, 27.8, 503)
('ready', 27.8, 27.8, 503)
('read', 27.8, 27.8, 503)
('read', 27.8, 27.8, 503)
('ready', 27.8, 27.8, 503)
('read', 27.8, 27.8, 503)
('read', 27.8, 27.8, 503)
('read', 27.8, 27.8, 503)
('ready', 27.8, 27.8, 503)
('read', 27.8, 27.8, 503)
('read', 27.8, 27.8, 503)
('read', 27.8, 27.8, 503)
('ready', 27.8, 27.8, 503)
('read', 27.8, 27.8, 503)
('read', 27.8, 27.8, 503)
('read', 27.8, 27.8, 503)
('ready', 27.8, 27.8, 503)
('read', 27.8, 27.8, 503)
('read', 27.8, 27.8, 503)
('read', 27.8, 27.8, 503)
('ready', 27.8, 27.8, 503)
('read', 27.8, 27.8, 503)
('read', 27.8, 27.8, 503)
('read', 27.8, 27.8, 503)
('ready', 27.8, 27.8, 503)
('read', 27.8, 27.8, 503)
('ready', 27.8, 27.8, 503)
('read', 27.8, 27.8, 503)
('read', 27.8, 27.8, 503)
('ready', 27.8, 27.8, 503)
('read', 27.8, 27.8, 503)
('read', 27.8, 27.8, 503)
('read', 27.8, 27.8, 503)
('read', 27.8, 27.9, 503)
('read', 27.8, 27.9, 503)
('read', 27.8, 27.9, 503)
('ready', 27.8, 27.9, 503)
('ready', 27.9, 27.9, 503)
('read', 27.9, 27.9, 503)
('read', 27.9, 27.9, 503)
('read', 27.9, 27.9, 503)
('read', 27.9, 27.9, 503)
('read', 27.9, 27.9, 503)
('ready', 27.9, 27.9, 503)
('read', 27.9, 27.9, 503)
('read', 27.9, 27.9, 503)
('read', 27.9, 27.9, 503)
('read', 27.9, 27.9, 503)
('ready', 27.9, 27.9, 503)
('read', 27.9, 27.9, 503)
('read', 27.9, 27.9, 503)
('ready', 27.9, 27.9, 503)
('read', 27.9, 27.9, 503)
('read', 27.9, 27.9, 503)
('read', 27.9, 27.9, 503)
('read', 27.9, 27.9, 503)
('ready', 27.9, 27.9, 503)
('read', 27.9, 27.9, 503)
('read', 27.9, 27.9, 503)
('ready', 27.9, 27.9, 503)
('read', 27.9, 27.9, 503)
('read', 27.9, 27.9, 503)
('ready', 27.9, 27.9, 503)
('read', 27.9, 27.9, 503)
('read', 27.9, 27.9, 503)
('read', 27.9, 27.9, 503)
('ready', 27.9, 27.9, 503)
('read', 27.9, 27.9, 503)
('read', 27.9, 27.9, 503)
('read', 27.9, 27.9, 503)
('ready', 27.9, 27.9, 503)
('read', 27.9, 27.9, 503)
('read', 27.9, 27.9, 503)
('read', 27.9, 27.9, 503)
('ready', 27.9, 27.9, 503)
('read', 27.9, 27.9, 503)
('read', 27.9, 27.9, 503)
('read', 27.9, 27.9, 503)
('ready', 27.9, 27.9, 503)
('read', 27.9, 27.9, 503)
('read', 27.9, 27.9, 503)
('read', 27.9, 27.9, 503)
('ready', 27.9, 27.9, 503)
('read', 27.9, 27.9, 503)
('read', 27.9, 27.9, 503)
('read', 27.9, 27.9, 503)
('ready', 27.9, 28.0, 503)
('read', 27.9, 28.0, 503)
('read', 27.9, 28.0, 503)
('read', 27.9, 28.0, 503)
('ready', 28.0, 28.0, 503)
('read', 28.0, 28.0, 503)
('read', 28.0, 28.0, 503)
('read', 28.0, 28.0, 503)
('ready', 28.0, 28.0, 503)
('read', 28.0, 28.0, 503)
('read', 28.0, 28.0, 503)
('read', 28.0, 28.0, 503)
('ready', 28.0, 28.0, 503)
('read', 28.0, 28.0, 503)
('read', 28.0, 28.0, 503)
('read', 28.0, 28.0, 503)
('ready', 28.0, 28.0, 503)
('read', 28.0, 28.0, 503)
('read', 28.0, 28.0, 503)
('read', 28.0, 28.0, 503)
('ready', 28.0, 28.0, 503)
('read', 28.0, 28.0, 503)
('read', 28.0, 28.0, 503)
('read', 28.0, 28.0, 503)
('ready', 28.0, 28.0, 503)
('read', 28.0, 28.0, 503)
('read', 28.0, 28.0, 503)
('ready', 28.0, 28.0, 503)
('read', 28.0, 28.0, 503)
('read', 28.0, 28.0, 503)
('read', 28.0, 28.0, 503)
('ready', 28.0, 28.0, 503)
('read', 28.0, 28.0, 503)
('read', 28.0, 28.0, 503)
('read', 28.0, 28.0, 503)
('read', 28.0, 28.0, 503)
('read', 28.0, 28.0, 503)
('ready', 28.0, 28.0, 503)
('ready', 28.0, 28.0, 503)
('read', 28.0, 28.0, 503)
('read', 28.0, 28.0, 503)
('read', 28.0, 28.0, 503)
('ready', 28.0, 28.0, 503)
('read', 28.0, 28.0, 503)
('read', 28.0, 28.0, 503)
('read', 28.0, 28.0, 503)
('ready', 28.0, 28.0, 503)
('read', 28.0, 28.1, 503)
('read', 28.0, 28.1, 503)
('read', 28.0, 28.1, 503)
('ready', 28.0, 28.1, 503)
('read', 28.1, 28.1, 503)
('read', 28.1, 28.1, 503)
('read', 28.1, 28.1, 503)
('ready', 28.1, 28.1, 503)
('ready', 28.1, 28.1, 503)
('read', 28.1, 28.1, 503)
('read', 28.1, 28.1, 503)
('read', 28.1, 28.1, 503)
('read', 28.1, 28.1, 503)
('ready', 28.1, 28.1, 503)
('read', 28.1, 28.1, 503)
('read', 28.1, 28.1, 503)
('read', 28.1, 28.1, 503)
('ready', 28.1, 28.1, 503)
('read', 28.1, 28.1, 503)
('read', 28.1, 28.1, 503)
('read', 28.1, 28.1, 503)
('read', 28.1, 28.1, 503)
('read', 28.1, 28.1, 503)
('ready', 28.1, 28.1, 503)
('read', 28.1, 28.1, 503)
('read', 28.1, 28.1, 503)
('ready', 28.1, 28.1, 503)
('read', 28.1, 28.1, 503)
('read', 28.1, 28.1, 503)
('read', 28.1, 28.1, 503)
('ready', 28.1, 28.1, 503)
('read', 28.1, 28.1, 503)
('read', 28.1, 28.1, 503)
('read', 28.1, 28.1, 503)
('read', 28.1, 28.1, 503)
('ready', 28.1, 28.1, 503)
('read', 28.1, 28.1, 503)
('read', 28.1, 28.1, 503)
('read', 28.1, 28.1, 503)
('read', 28.1, 28.1, 503)
('ready', 28.1, 28.1, 503)
('read', 28.1, 28.1, 503)
('read', 28.1, 28.1, 503)
('read', 28.1, 28.1, 503)
('ready', 28.1, 28.1, 503)
('read', 28.1, 28.1, 503)
('ready', 28.1, 28.1, 503)
('read', 28.1, 28.1, 503)
('read', 28.1, 28.1, 503)
('read', 28.1, 28.1, 503)
('ready', 28.1, 28.1, 503)
('read', 28.1, 28.1, 503)
('read', 28.1, 28.1, 503)
('read', 28.1, 28.1, 503)
('ready', 28.1, 28.1, 503)
('read', 28.1, 28.1, 503)
('read', 28.1, 28.1, 503)
('read', 28.1, 28.1, 503)
('ready', 28.1, 28.1, 503)
('read', 28.1, 28.1, 503)
('read', 28.1, 28.2, 503)
('ready', 28.1, 28.2, 503)
('read', 28.1, 28.2, 503)
('read', 28.1, 28.2, 503)
('read', 28.2, 28.2, 503)
('read', 28.2, 28.2, 503)
('read', 28.2, 28.2, 503)
('ready', 28.2, 28.2, 503)
('read', 28.2, 28.2, 503)
('read', 28.2, 28.2, 503)
('ready', 28.2, 28.2, 503)
('read', 28.2, 28.2, 503)
('read', 28.2, 28.2, 503)
('read', 28.2, 28.2, 503)
('read', 28.2, 28.2, 503)
('read', 28.2, 28.2, 503)
('ready', 28.2, 28.2, 503)
('read', 28.2, 28.2, 503)
('read', 28.2, 28.2, 503)
('ready', 28.2, 28.2, 503)
('read', 28.2, 28.2, 503)
('read', 28.2, 28.2, 503)
('read', 28.2, 28.2, 503)
('read', 28.2, 28.2, 503)
('read', 28.2, 28.2, 503)
('ready', 28.2, 28.2, 503)
('ready', 28.2, 28.2, 503)
('read', 28.2, 28.2, 503)
('read', 28.2, 28.2, 503)
('read', 28.2, 28.2, 503)
('read', 28.2, 28.2, 503)
('read', 28.2, 28.2, 503)
('read', 28.2, 28.2, 503)
('ready', 28.2, 28.2, 503)
('read', 28.2, 28.2, 503)
('read', 28.2, 28.2, 503)
('read', 28.2, 28.2, 503)
('ready', 28.2, 28.2, 503)
('read', 28.2, 28.2, 503)
('read', 28.2, 28.2, 503)
('ready', 28.2, 28.2, 503)
('read', 28.2, 28.2, 503)
('read', 28.2, 28.2, 503)
('read', 28.2, 28.2, 503)
('ready', 28.2, 28.2, 503)
('read', 28.2, 28.2, 503)
('read', 28.2, 28.2, 503)
('read', 28.2, 28.2, 503)
('read', 28.2, 28.2, 503)
('ready', 28.2, 28.2, 503)
('read', 28.2, 28.2, 503)
('read', 28.2, 28.2, 503)
('read', 28.2, 28.2, 503)
('ready', 28.2, 28.2, 503)
('read', 28.2, 28.2, 503)
('ready', 28.2, 28.2, 503)
('read', 28.2, 28.2, 503)
('read', 28.2, 28.2, 503)
('read', 28.2, 28.2, 503)
('ready', 28.2, 28.2, 503)
('read', 28.2, 28.2, 503)
('read', 28.2, 28.2, 503)
('read', 28.2, 28.2, 503)
('ready', 28.2, 28.3, 503)
('read', 28.2, 28.3, 503)
('read', 28.2, 28.3, 503)
('read', 28.2, 28.3, 503)
('ready', 28.3, 28.3, 503)
('read', 28.3, 28.3, 503)
('read', 28.3, 28.3, 503)
('read', 28.3, 28.3, 503)
('ready', 28.3, 28.3, 503)
('read', 28.3, 28.3, 503)
('read', 28.3, 28.3, 503)
('read', 28.3, 28.3, 503)
('ready', 28.3, 28.3, 503)
('read', 28.3, 28.3, 503)
('read', 28.3, 28.3, 503)
('read', 28.3, 28.3, 503)
('ready', 28.3, 28.3, 503)
('read', 28.3, 28.3, 503)
('read', 28.3, 28.3, 503)
('ready', 28.3, 28.3, 503)
('read', 28.3, 28.3, 503)
('read', 28.3, 28.3, 503)
('read', 28.3, 28.3, 503)
('ready', 28.3, 28.3, 503)
('read', 28.3, 28.3, 503)
('read', 28.3, 28.3, 503)
('read', 28.3, 28.3, 503)
('ready', 28.3, 28.3, 503)
('read', 28.3, 28.3, 503)
('read', 28.3, 28.3, 503)
('read', 28.3, 28.3, 503)
('ready', 28.3, 28.3, 503)
('read', 28.3, 28.3, 503)
('read', 28.3, 28.3, 503)
('read', 28.3, 28.3, 503)
('ready', 28.3, 28.3, 503)
('read', 28.3, 28.3, 503)
('read', 28.3, 28.3, 503)
('read', 28.3, 28.3, 503)
('read', 28.3, 28.3, 503)
('ready', 28.3, 28.3, 503)
('read', 28.3, 28.3, 503)
('read', 28.3, 28.3, 503)
('read', 28.3, 28.3, 503)
('ready', 28.3, 28.3, 503)
('read', 28.3, 28.3, 503)
('read', 28.3, 28.3, 503)
('read', 28.3, 28.3, 503)
('ready', 28.3, 28.3, 503)
('read', 28.3, 28.3, 503)
('read', 28.3, 28.3, 503)
('read', 28.3, 28.3, 503)
('ready', 28.3, 28.3, 503)
('read', 28.3, 28.3, 503)
('read', 28.3, 28.3, 503)
('ready', 28.3, 28.3, 503)
('read', 28.3, 28.3, 503)
('read', 28.3, 28.3, 503)
('read', 28.3, 28.4, 503)
('ready', 28.3, 28.4, 503)
('read', 28.3, 28.4, 503)
('read', 28.3, 28.4, 503)
('ready', 28.4, 28.4, 503)
('read', 28.4, 28.4, 503)
('read', 28.4, 28.4, 503)
('read', 28.4, 28.4, 503)
('ready', 28.4, 28.4, 503)
('read', 28.4, 28.4, 503)
('read', 28.4, 28.4, 503)
('read', 28.4, 28.4, 503)
('read', 28.4, 28.4, 503)
('read', 28.4, 28.4, 503)
('ready', 28.4, 28.4, 503)
('read', 28.4, 28.4, 503)
('read', 28.4, 28.4, 503)
('read', 28.4, 28.4, 503)
('read', 28.4, 28.4, 503)
('ready', 28.4, 28.4, 503)
('read', 28.4, 28.4, 503)
('read', 28.4, 28.4, 503)
('read', 28.4, 28.4, 503)
('ready', 28.4, 28.4, 503)
('read', 28.4, 28.4, 503)
('read', 28.4, 28.4, 503)
('ready', 28.4, 28.4, 503)
('read', 28.4, 28.4, 503)
('read', 28.4, 28.4, 503)
('read', 28.4, 28.4, 503)
('read', 28.4, 28.4, 503)
('read', 28.4, 28.4, 503)
('ready', 28.4, 28.4, 503)
('ready', 28.4, 28.4, 503)
('read', 28.4, 28.4, 503)
('read', 28.4, 28.4, 503)
('read', 28.4, 28.4, 503)
('ready', 28.4, 28.4, 503)
('read', 28.4, 28.4, 503)
('read', 28.4, 28.4, 503)
('read', 28.4, 28.4, 503)
('ready', 28.4, 28.4, 503)
('read', 28.4, 28.4, 503)
('read', 28.4, 28.4, 503)
('read', 28.4, 28.4, 503)
('ready', 28.4, 28.4, 503)
('read', 28.4, 28.4, 503)
('read', 28.4, 28.4, 503)
('read', 28.4, 28.4, 503)
('ready', 28.4, 28.4, 503)
('read', 28.4, 28.4, 503)
('read', 28.4, 28.4, 503)
('read', 28.4, 28.4, 503)
('ready', 28.4, 28.4, 503)
('read', 28.4, 28.4, 503)
('read', 28.4, 28.4, 503)
('read', 28.4, 28.4, 503)
('ready', 28.4, 28.4, 503)
('read', 28.4, 28.4, 503)
('ready', 28.4, 28.4, 503)
('read', 28.4, 28.4, 503)
('read', 28.4, 28.4, 503)
('read', 28.4, 28.5, 503)
('read', 28.4, 28.5, 503)
('ready', 28.4, 28.5, 503)
('read', 28.4, 28.5, 503)
('read', 28.5, 28.5, 503)
('read', 28.5, 28.5, 503)
('read', 28.5, 28.5, 503)
('ready', 28.5, 28.5, 503)
('read', 28.5, 28.5, 503)
('ready', 28.5, 28.5, 503)
('read', 28.5, 28.5, 503)
('read', 28.5, 28.5, 503)
('ready', 28.5, 28.5, 503)
('read', 28.5, 28.5, 503)
('read', 28.5, 28.5, 503)
('read', 28.5, 28.5, 503)
('ready', 28.5, 28.5, 503)
('read', 28.5, 28.5, 503)
('read', 28.5, 28.5, 503)
('read', 28.5, 28.5, 503)
('ready', 28.5, 28.5, 503)
('read', 28.5, 28.5, 503)
('read', 28.5, 28.5, 503)
('read', 28.5, 28.5, 503)
('ready', 28.5, 28.5, 503)
('read', 28.5, 28.5, 503)
('read', 28.5, 28.5, 503)
('read', 28.5, 28.5, 503)
('ready', 28.5, 28.5, 503)
('read', 28.5, 28.5, 503)
('read', 28.5, 28.5, 503)
('read', 28.5, 28.5, 503)
('ready', 28.5, 28.5, 503)
('read', 28.5, 28.5, 503)
('read', 28.5, 28.5, 503)
('read', 28.5, 28.5, 503)
('ready', 28.5, 28.5, 503)
('read', 28.5, 28.5, 503)
('read', 28.5, 28.5, 503)
('ready', 28.5, 28.5, 503)
('read', 28.5, 28.5, 503)
('read', 28.5, 28.5, 503)
('read', 28.5, 28.5, 503)
('ready', 28.5, 28.5, 503)
('read', 28.5, 28.5, 503)
('read', 28.5, 28.5, 503)
('read', 28.5, 28.5, 503)
('ready', 28.5, 28.5, 503)
('read', 28.5, 28.5, 503)
('read', 28.5, 28.5, 503)
('ready', 28.5, 28.5, 503)
('read', 28.5, 28.5, 503)
('read', 28.5, 28.5, 503)
('read', 28.5, 28.5, 503)
('read', 28.5, 28.5, 503)
('read', 28.5, 28.5, 503)
('ready', 28.5, 28.5, 503)
('read', 28.5, 28.5, 503)
('ready', 28.5, 28.6, 503)
('read', 28.5, 28.6, 503)
('read', 28.5, 28.6, 503)
('read', 28.5, 28.6, 503)
('ready', 28.6, 28.6, 503)
('read', 28.6, 28.6, 503)
('read', 28.6, 28.6, 503)
('read', 28.6, 28.6, 503)
('ready', 28.6, 28.6, 503)
('read', 28.6, 28.6, 503)
('read', 28.6, 28.6, 503)
('read', 28.6, 28.6, 503)
('ready', 28.6, 28.6, 503)
('read', 28.6, 28.6, 503)
('read', 28.6, 28.6, 503)
('read', 28.6, 28.6, 503)
('ready', 28.6, 28.6, 503)
('read', 28.6, 28.6, 503)
('read', 28.6, 28.6, 503)
('ready', 28.6, 28.6, 503)
('read', 28.6, 28.6, 503)
('read', 28.6, 28.6, 503)
('ready', 28.6, 28.6, 503)
('read', 28.6, 28.6, 503)
('read', 28.6, 28.6, 503)
('read', 28.6, 28.6, 503)
('read', 28.6, 28.6, 503)
('ready', 28.6, 28.6, 503)
('read', 28.6, 28.6, 503)
('read', 28.6, 28.6, 503)
('read', 28.6, 28.6, 503)
('read', 28.6, 28.6, 503)
('ready', 28.6, 28.6, 503)
('read', 28.6, 28.6, 503)
('read', 28.6, 28.6, 503)
('ready', 28.6, 28.6, 503)
('read', 28.6, 28.6, 503)
('read', 28.6, 28.6, 503)
('read', 28.6, 28.6, 503)
('ready', 28.6, 28.6, 503)
('read', 28.6, 28.6, 503)
('read', 28.6, 28.6, 503)
('read', 28.6, 28.6, 503)
('read', 28.6, 28.6, 503)
('ready', 28.6, 28.6, 503)
('read', 28.6, 28.6, 503)
('read', 28.6, 28.6, 503)
('read', 28.6, 28.6, 503)
('ready', 28.6, 28.6, 503)
('read', 28.6, 28.6, 503)
('read', 28.6, 28.6, 503)
('read', 28.6, 28.6, 503)
('ready', 28.6, 28.6, 503)
('read', 28.6, 28.6, 503)
('read', 28.6, 28.6, 503)
('read', 28.6, 28.6, 503)
('read', 28.6, 28.6, 503)
('ready', 28.6, 28.6, 503)
('read', 28.6, 28.6, 503)
('read', 28.6, 28.6, 503)
('read', 28.6, 28.7, 503)
('ready', 28.6, 28.7, 503)
('read', 28.6, 28.7, 503)
('read', 28.6, 28.7, 503)
('ready', 28.7, 28.7, 503)
('read', 28.7, 28.7, 503)
('read', 28.7, 28.7, 503)
('ready', 28.7, 28.7, 503)
('read', 28.7, 28.7, 503)
('read', 28.7, 28.7, 503)
('read', 28.7, 28.7, 503)
('read', 28.7, 28.7, 503)
('read', 28.7, 28.7, 503)
('ready', 28.7, 28.7, 503)
('read', 28.7, 28.7, 503)
('read', 28.7, 28.7, 503)
('read', 28.7, 28.7, 503)
('ready', 28.7, 28.7, 503)
('read', 28.7, 28.7, 503)
('read', 28.7, 28.7, 503)
('read', 28.7, 28.7, 503)
('read', 28.7, 28.7, 503)
('ready', 28.7, 28.7, 503)
('read', 28.7, 28.7, 503)
('read', 28.7, 28.7, 503)
('ready', 28.7, 28.7, 503)
('read', 28.7, 28.7, 503)
('read', 28.7, 28.7, 503)
('read', 28.7, 28.7, 503)
('ready', 28.7, 28.7, 503)
('read', 28.7, 28.7, 503)
('read', 28.7, 28.7, 503)
('read', 28.7, 28.7, 503)
('ready', 28.7, 28.7, 503)
('read', 28.7, 28.7, 503)
('read', 28.7, 28.7, 503)
('ready', 28.7, 28.7, 503)
('read', 28.7, 28.7, 503)
('read', 28.7, 28.7, 503)
('ready', 28.7, 28.7, 503)
('read', 28.7, 28.7, 503)
('read', 28.7, 28.7, 503)
('read', 28.7, 28.7, 503)
('ready', 28.7, 28.7, 503)
('read', 28.7, 28.7, 503)
('read', 28.7, 28.7, 503)
('read', 28.7, 28.7, 503)
('ready', 28.7, 28.7, 503)
('read', 28.7, 28.7, 503)
('read', 28.7, 28.7, 503)
('read', 28.7, 28.7, 503)
('ready', 28.7, 28.7, 503)
('read', 28.7, 28.7, 503)
('read', 28.7, 28.7, 503)
('read', 28.7, 28.7, 503)
('ready', 28.7, 28.7, 503)
('read', 28.7, 28.7, 503)
('read', 28.7, 28.7, 503)
('ready', 28.7, 28.7, 503)
('read', 28.7, 28.7, 503)
('read', 28.7, 28.7, 503)
('read', 28.7, 28.7, 503)
('ready', 28.7, 28.7, 503)
('read', 28.7, 28.7, 503)
('read', 28.7, 28.8, 503)
('read', 28.7, 28.8, 503)
('read', 28.7, 28.8, 503)
('ready', 28.7, 28.8, 503)
('read', 28.8, 28.8, 503)
('read', 28.8, 28.8, 503)
('read', 28.8, 28.8, 503)
('ready', 28.8, 28.8, 503)
('read', 28.8, 28.8, 503)
('ready', 28.8, 28.8, 503)
('read', 28.8, 28.8, 503)
('read', 28.8, 28.8, 503)
('read', 28.8, 28.8, 503)
('ready', 28.8, 28.8, 503)
('read', 28.8, 28.8, 503)
('read', 28.8, 28.8, 503)
('read', 28.8, 28.8, 503)
('ready', 28.8, 28.8, 503)
('read', 28.8, 28.8, 503)
('read', 28.8, 28.8, 503)
('read', 28.8, 28.8, 503)
('ready', 28.8, 28.8, 503)
('read', 28.8, 28.8, 503)
('read', 28.8, 28.8, 503)
('read', 28.8, 28.8, 503)
('read', 28.8, 28.8, 503)
('ready', 28.8, 28.8, 503)
('read', 28.8, 28.8, 503)
('read', 28.8, 28.8, 503)
('read', 28.8, 28.8, 503)
('read', 28.8, 28.8, 503)
('ready', 28.8, 28.8, 503)
('read', 28.8, 28.8, 503)
('read', 28.8, 28.8, 503)
('ready', 28.8, 28.8, 503)
('read', 28.8, 28.8, 503)
('read', 28.8, 28.8, 503)
('ready', 28.8, 28.8, 503)
('read', 28.8, 28.8, 503)
('read', 28.8, 28.8, 503)
('read', 28.8, 28.8, 503)
('read', 28.8, 28.8, 503)
('read', 28.8, 28.8, 503)
('ready', 28.8, 28.8, 503)
('read', 28.8, 28.8, 503)
('ready', 28.8, 28.8, 503)
('read', 28.8, 28.8, 503)
('read', 28.8, 28.8, 503)
('read', 28.8, 28.8, 503)
('ready', 28.8, 28.8, 503)
('read', 28.8, 28.8, 503)
('read', 28.8, 28.8, 503)
('read', 28.8, 28.8, 503)
('read', 28.8, 28.8, 503)
('read', 28.8, 28.8, 503)
('ready', 28.8, 28.8, 503)
('read', 28.8, 28.8, 503)
('ready', 28.8, 28.9, 503)
('read', 28.8, 28.9, 503)
('read', 28.8, 28.9, 503)
('read', 28.8, 28.9, 503)
('read', 28.9, 28.9, 503)
('read', 28.9, 28.9, 503)
('ready', 28.9, 28.9, 503)
('read', 28.9, 28.9, 503)
('read', 28.9, 28.9, 503)
('read', 28.9, 28.9, 503)
('read', 28.9, 28.9, 503)
('ready', 28.9, 28.9, 503)
('read', 28.9, 28.9, 503)
('read', 28.9, 28.9, 503)
('ready', 28.9, 28.9, 503)
('read', 28.9, 28.9, 503)
('ready', 28.9, 28.9, 503)
('read', 28.9, 28.9, 503)
('read', 28.9, 28.9, 503)
('read', 28.9, 28.9, 503)
('ready', 28.9, 28.9, 503)
('read', 28.9, 28.9, 503)
('read', 28.9, 28.9, 503)
('ready', 28.9, 28.9, 503)
('read', 28.9, 28.9, 503)
('read', 28.9, 28.9, 503)
('read', 28.9, 28.9, 503)
('read', 28.9, 28.9, 503)
('ready', 28.9, 28.9, 503)
('read', 28.9, 28.9, 503)
('read', 28.9, 28.9, 503)
('read', 28.9, 28.9, 503)
('ready', 28.9, 28.9, 503)
('read', 28.9, 28.9, 503)
('read', 28.9, 28.9, 503)
('ready', 28.9, 28.9, 503)
('read', 28.9, 28.9, 503)
('read', 28.9, 28.9, 503)
('read', 28.9, 28.9, 503)
('read', 28.9, 28.9, 503)
('ready', 28.9, 28.9, 503)
('read', 28.9, 28.9, 503)
('read', 28.9, 28.9, 503)
('read', 28.9, 28.9, 503)
('ready', 28.9, 28.9, 503)
('read', 28.9, 28.9, 503)
('ready', 28.9, 28.9, 503)
('read', 28.9, 28.9, 503)
('read', 28.9, 28.9, 503)
('read', 28.9, 28.9, 503)
('ready', 28.9, 28.9, 503)
('read', 28.9, 28.9, 503)
('read', 28.9, 28.9, 503)
('read', 28.9, 28.9, 503)
('ready', 28.9, 28.9, 503)
('read', 28.9, 28.9, 503)
('read', 28.9, 29.0, 503)
('read', 28.9, 29.0, 503)
('ready', 28.9, 29.0, 503)
('read', 28.9, 29.0, 503)
('read', 29.0, 29.0, 503)
('read', 29.0, 29.0, 503)
('ready', 29.0, 29.0, 503)
('read', 29.0, 29.0, 503)
('read', 29.0, 29.0, 503)
('read', 29.0, 29.0, 503)
('ready', 29.0, 29.0, 503)
('read', 29.0, 29.0, 503)
('read', 29.0, 29.0, 503)
('read', 29.0, 29.0, 503)
('ready', 29.0, 29.0, 503)
('read', 29.0, 29.0, 503)
('read', 29.0, 29.0, 503)
('read', 29.0, 29.0, 503)
('ready', 29.0, 29.0, 503)
('read', 29.0, 29.0, 503)
('read', 29.0, 29.0, 503)
('ready', 29.0, 29.0, 503)
('read', 29.0, 29.0, 503)
('read', 29.0, 29.0, 503)
('read', 29.0, 29.0, 503)
('ready', 29.0, 29.0, 503)
('read', 29.0, 29.0, 503)
('read', 29.0, 29.0, 503)
('read', 29.0, 29.0, 503)
('ready', 29.0, 29.0, 503)
('read', 29.0, 29.0, 503)
('read', 29.0, 29.0, 503)
('ready', 29.0, 29.0, 503)
('read', 29.0, 29.0, 503)
('read', 29.0, 29.0, 503)
('read', 29.0, 29.0, 503)
('ready', 29.0, 29.0, 503)
('read', 29.0, 29.0, 503)
('read', 29.0, 29.0, 503)
('read', 29.0, 29.0, 503)
('ready', 29.0, 29.0, 503)
('read', 29.0, 29.0, 503)
('read', 29.0, 29.0, 503)
('ready', 29.0, 29.0, 503)
('read', 29.0, 29.0, 503)
('read', 29.0, 29.0, 503)
('read', 29.0, 29.0, 503)
('ready', 29.0, 29.0, 503)
('read', 29.0, 29.0, 503)
('read', 29.0, 29.0, 503)
('ready', 29.0, 29.0, 503)
('read', 29.0, 29.0, 503)
('read', 29.0, 29.0, 503)
('read', 29.0, 29.0, 503)
('ready', 29.0, 29.1, 503)
('read', 29.0, 29.1, 503)
('read', 29.0, 29.1, 503)
('read', 29.0, 29.1, 503)
('ready', 29.1, 29.1, 503)
('read', 29.1, 29.1, 503)
('read', 29.1, 29.1, 503)
('read', 29.1, 29.1, 503)
('read', 29.1, 29.1, 503)
('read', 29.1, 29.1, 503)
('ready', 29.1, 29.1, 503)
('read', 29.1, 29.1, 503)
('read', 29.1, 29.1, 503)
('ready', 29.1, 29.1, 503)
('read', 29.1, 29.1, 503)
('read', 29.1, 29.1, 503)
('read', 29.1, 29.1, 503)
('read', 29.1, 29.1, 503)
('read', 29.1, 29.1, 503)
('ready', 29.1, 29.1, 503)
('read', 29.1, 29.1, 503)
('read', 29.1, 29.1, 503)
('ready', 29.1, 29.1, 503)
('read', 29.1, 29.1, 503)
('read', 29.1, 29.1, 503)
('read', 29.1, 29.1, 503)
('ready', 29.1, 29.1, 503)
('read', 29.1, 29.1, 503)
('read', 29.1, 29.1, 503)
('read', 29.1, 29.1, 503)
('ready', 29.1, 29.1, 503)
('read', 29.1, 29.1, 503)
('read', 29.1, 29.1, 503)
('read', 29.1, 29.1, 503)
('ready', 29.1, 29.1, 503)
('read', 29.1, 29.1, 503)
('read', 29.1, 29.1, 503)
('read', 29.1, 29.1, 503)
('ready', 29.1, 29.1, 503)
('read', 29.1, 29.1, 503)
('ready', 29.1, 29.1, 503)
('read', 29.1, 29.1, 503)
('read', 29.1, 29.1, 503)
('read', 29.1, 29.1, 503)
('read', 29.1, 29.1, 503)
('ready', 29.1, 29.1, 503)
('read', 29.1, 29.1, 503)
('read', 29.1, 29.1, 503)
('ready', 29.1, 29.1, 503)
('read', 29.1, 29.1, 503)
('read', 29.1, 29.1, 503)
('read', 29.1, 29.2, 503)
('read', 29.1, 29.2, 503)
('read', 29.1, 29.2, 503)
('ready', 29.1, 29.2, 503)
('read', 29.2, 29.2, 503)
('read', 29.2, 29.2, 503)
('read', 29.2, 29.2, 503)
('ready', 29.2, 29.2, 503)
('read', 29.2, 29.2, 503)
('read', 29.2, 29.2, 503)
('read', 29.2, 29.2, 503)
('ready', 29.2, 29.2, 503)
('read', 29.2, 29.2, 503)
('read', 29.2, 29.2, 503)
('ready', 29.2, 29.2, 503)
('read', 29.2, 29.2, 503)
('read', 29.2, 29.2, 503)
('read', 29.2, 29.2, 503)
('ready', 29.2, 29.2, 503)
('read', 29.2, 29.2, 503)
('read', 29.2, 29.2, 503)
('read', 29.2, 29.2, 503)
('ready', 29.2, 29.2, 503)
('read', 29.2, 29.2, 503)
('read', 29.2, 29.2, 503)
('ready', 29.2, 29.2, 503)
('read', 29.2, 29.2, 503)
('read', 29.2, 29.2, 503)
('read', 29.2, 29.2, 503)
('read', 29.2, 29.2, 503)
('ready', 29.2, 29.2, 503)
('read', 29.2, 29.2, 503)
('read', 29.2, 29.2, 503)
('read', 29.2, 29.2, 503)
('ready', 29.2, 29.2, 503)
('read', 29.2, 29.2, 503)
('read', 29.2, 29.2, 503)
('ready', 29.2, 29.2, 503)
('read', 29.2, 29.2, 503)
('read', 29.2, 29.2, 503)
('read', 29.2, 29.3, 503)
('ready', 29.2, 29.3, 503)
('read', 29.2, 29.3, 503)
('read', 29.2, 29.3, 503)
('ready', 29.3, 29.3, 503)
('read', 29.3, 29.3, 503)
('read', 29.3, 29.3, 503)
('read', 29.3, 29.3, 503)
('ready', 29.3, 29.3, 503)
('read', 29.3, 29.3, 503)
('read', 29.3, 29.3, 503)
('read', 29.3, 29.3, 503)
('read', 29.3, 29.3, 503)
('ready', 29.3, 29.3, 503)
('read', 29.3, 29.3, 503)
('read', 29.3, 29.3, 503)
('ready', 29.3, 29.3, 503)
('read', 29.3, 29.3, 503)
('read', 29.3, 29.3, 503)
('read', 29.3, 29.3, 503)
('read', 29.3, 29.3, 503)
('ready', 29.3, 29.3, 503)
('read', 29.3, 29.3, 503)
('read', 29.3, 29.3, 503)
('ready', 29.3, 29.3, 503)
('read', 29.3, 29.3, 503)
('read', 29.3, 29.3, 503)
('read', 29.3, 29.3, 503)
('read', 29.3, 29.3, 503)
('ready', 29.3, 29.3, 503)
('read', 29.3, 29.3, 503)
('read', 29.3, 29.3, 503)
('ready', 29.3, 29.3, 503)
('read', 29.3, 29.3, 503)
('read', 29.3, 29.3, 503)
('read', 29.3, 29.3, 503)
('ready', 29.3, 29.3, 503)
('read', 29.3, 29.3, 503)
('read', 29.3, 29.3, 503)
('read', 29.3, 29.3, 503)
('ready', 29.3, 29.3, 503)
('read', 29.3, 29.3, 503)
('read', 29.3, 29.3, 503)
('read', 29.3, 29.3, 503)
('ready', 29.3, 29.3, 503)
('read', 29.3, 29.3, 503)
('read', 29.3, 29.3, 503)
('ready', 29.3, 29.3, 503)
('read', 29.3, 29.3, 503)
('read', 29.3, 29.3, 503)
('read', 29.3, 29.3, 503)
('read', 29.3, 29.3, 503)
('ready', 29.3, 29.3, 503)
('read', 29.3, 29.3, 503)
('read', 29.3, 29.3, 503)
('read', 29.3, 29.3, 503)
('ready', 29.3, 29.3, 503)
('read', 29.3, 29.3, 503)
('read', 29.3, 29.3, 503)
('ready', 29.3, 29.3, 503)
('read', 29.3, 29.3, 503)
('read', 29.3, 29.3, 503)
('read', 29.3, 29.4, 503)
('ready', 29.3, 29.4, 503)
('read', 29.3, 29.4, 503)
('read', 29.3, 29.4, 503)
('read', 29.4, 29.4, 503)
('ready', 29.4, 29.4, 503)
('read', 29.4, 29.4, 503)
('read', 29.4, 29.4, 503)
('ready', 29.4, 29.4, 503)
('read', 29.4, 29.4, 503)
('read', 29.4, 29.4, 503)
('read', 29.4, 29.4, 503)
('ready', 29.4, 29.4, 503)
('read', 29.4, 29.4, 503)
('ready', 29.4, 29.4, 503)
('read', 29.4, 29.4, 503)
('read', 29.4, 29.4, 503)
('read', 29.4, 29.4, 503)
('ready', 29.4, 29.4, 503)
('read', 29.4, 29.4, 503)
('read', 29.4, 29.4, 503)
('read', 29.4, 29.4, 503)
('ready', 29.4, 29.4, 503)
('read', 29.4, 29.4, 503)
('read', 29.4, 29.4, 503)
('read', 29.4, 29.4, 503)
('ready', 29.4, 29.4, 503)
('read', 29.4, 29.4, 503)
('read', 29.4, 29.4, 503)
('read', 29.4, 29.4, 503)
('ready', 29.4, 29.4, 503)
('read', 29.4, 29.4, 503)
('read', 29.4, 29.4, 503)
('ready', 29.4, 29.4, 503)
('read', 29.4, 29.4, 503)
('read', 29.4, 29.4, 503)
('read', 29.4, 29.4, 503)
('read', 29.4, 29.4, 503)
('ready', 29.4, 29.4, 503)
('read', 29.4, 29.4, 503)
('read', 29.4, 29.4, 503)
('ready', 29.4, 29.4, 503)
('read', 29.4, 29.4, 503)
('read', 29.4, 29.4, 503)
('ready', 29.4, 29.4, 503)
('read', 29.4, 29.4, 503)
('read', 29.4, 29.4, 503)
('ready', 29.4, 29.4, 503)
('read', 29.4, 29.4, 503)
('read', 29.4, 29.4, 503)
('read', 29.4, 29.4, 503)
('ready', 29.4, 29.4, 503)
('read', 29.4, 29.4, 503)
('read', 29.4, 29.4, 503)
('read', 29.4, 29.4, 503)
('read', 29.4, 29.5, 503)
('read', 29.4, 29.5, 503)
('read', 29.4, 29.5, 503)
('ready', 29.4, 29.5, 503)
('read', 29.5, 29.5, 503)
('ready', 29.5, 29.5, 503)
('read', 29.5, 29.5, 503)
('read', 29.5, 29.5, 503)
('read', 29.5, 29.5, 503)
('ready', 29.5, 29.5, 503)
('read', 29.5, 29.5, 503)
('read', 29.5, 29.5, 503)
('ready', 29.5, 29.5, 503)
('read', 29.5, 29.5, 503)
('read', 29.5, 29.5, 503)
('read', 29.5, 29.5, 503)
('ready', 29.5, 29.5, 503)
('read', 29.5, 29.5, 503)
('read', 29.5, 29.5, 503)
('read', 29.5, 29.5, 503)
('read', 29.5, 29.5, 503)
('ready', 29.5, 29.5, 503)
('read', 29.5, 29.5, 503)
('read', 29.5, 29.5, 503)
('read', 29.5, 29.5, 503)
('ready', 29.5, 29.5, 503)
('read', 29.5, 29.5, 503)
('read', 29.5, 29.5, 503)
('read', 29.5, 29.5, 503)
('ready', 29.5, 29.5, 503)
('read', 29.5, 29.5, 503)
('read', 29.5, 29.5, 503)
('ready', 29.5, 29.5, 503)
('read', 29.5, 29.5, 503)
('read', 29.5, 29.5, 503)
('read', 29.5, 29.5, 503)
('read', 29.5, 29.5, 503)
('ready', 29.5, 29.5, 503)
('read', 29.5, 29.5, 503)
('read', 29.5, 29.5, 503)
('ready', 29.5, 29.5, 503)
('read', 29.5, 29.5, 503)
('read', 29.5, 29.5, 503)
('read', 29.5, 29.5, 503)
('ready', 29.5, 29.5, 503)
('read', 29.5, 29.5, 503)
('read', 29.5, 29.5, 503)
('read', 29.5, 29.5, 503)
('ready', 29.5, 29.5, 503)
('read', 29.5, 29.5, 503)
('read', 29.5, 29.5, 503)
('read', 29.5, 29.5, 503)
('ready', 29.5, 29.5, 503)
('read', 29.5, 29.5, 503)
('read', 29.5, 29.5, 503)
('ready', 29.5, 29.5, 503)
('read', 29.5, 29.5, 503)
('read', 29.5, 29.6, 503)
('ready', 29.5, 29.6, 503)
('read', 29.5, 29.6, 503)
('read', 29.5, 29.6, 503)
('read', 29.6, 29.6, 503)
('read', 29.6, 29.6, 503)
('read', 29.6, 29.6, 503)
('ready', 29.6, 29.6, 503)
('read', 29.6, 29.6, 503)
('ready', 29.6, 29.6, 503)
('read', 29.6, 29.6, 503)
('read', 29.6, 29.6, 503)
('read', 29.6, 29.6, 503)
('read', 29.6, 29.6, 503)
('ready', 29.6, 29.6, 503)
('read', 29.6, 29.6, 503)
('read', 29.6, 29.6, 503)
('ready', 29.6, 29.6, 503)
('read', 29.6, 29.6, 503)
('read', 29.6, 29.6, 503)
('read', 29.6, 29.6, 503)
('ready', 29.6, 29.6, 503)
('read', 29.6, 29.6, 503)
('read', 29.6, 29.6, 503)
('read', 29.6, 29.6, 503)
('ready', 29.6, 29.6, 503)
('read', 29.6, 29.6, 503)
('read', 29.6, 29.6, 503)
('read', 29.6, 29.6, 503)
('read', 29.6, 29.6, 503)
('ready', 29.6, 29.6, 503)
('read', 29.6, 29.6, 503)
('read', 29.6, 29.6, 503)
('ready', 29.6, 29.6, 503)
('read', 29.6, 29.6, 503)
('read', 29.6, 29.6, 503)
('read', 29.6, 29.6, 503)
('ready', 29.6, 29.6, 503)
('read', 29.6, 29.6, 503)
('read', 29.6, 29.6, 503)
('read', 29.6, 29.6, 503)
('read', 29.6, 29.6, 503)
('ready', 29.6, 29.6, 503)
('read', 29.6, 29.6, 503)
('read', 29.6, 29.6, 503)
('ready', 29.6, 29.6, 503)
('read', 29.6, 29.6, 503)
('read', 29.6, 29.6, 503)
('read', 29.6, 29.6, 503)
('ready', 29.6, 29.6, 503)
('read', 29.6, 29.6, 503)
('read', 29.6, 29.6, 503)
('read', 29.6, 29.6, 503)
('ready', 29.6, 29.6, 503)
('read', 29.6, 29.7, 503)
('read', 29.6, 29.7, 503)
('read', 29.6, 29.7, 503)
('ready', 29.6, 29.7, 503)
('ready', 29.7, 29.7, 503)
('read', 29.7, 29.7, 503)
('read', 29.7, 29.7, 503)
('read', 29.7, 29.7, 503)
('read', 29.7, 29.7, 503)
('read', 29.7, 29.7, 503)
('read', 29.7, 29.7, 503)
('ready', 29.7, 29.7, 503)
('read', 29.7, 29.7, 503)
('ready', 29.7, 29.7, 503)
('read', 29.7, 29.7, 503)
('read', 29.7, 29.7, 503)
('read', 29.7, 29.7, 503)
('read', 29.7, 29.7, 503)
('read', 29.7, 29.7, 503)
('ready', 29.7, 29.7, 503)
('ready', 29.7, 29.7, 503)
('read', 29.7, 29.7, 503)
('read', 29.7, 29.7, 503)
('read', 29.7, 29.7, 503)
('ready', 29.7, 29.7, 503)
('read', 29.7, 29.7, 503)
('read', 29.7, 29.7, 503)
('read', 29.7, 29.7, 503)
('ready', 29.7, 29.7, 503)
('read', 29.7, 29.7, 503)
('read', 29.7, 29.7, 503)
('read', 29.7, 29.7, 503)
('ready', 29.7, 29.7, 503)
('read', 29.7, 29.7, 503)
('read', 29.7, 29.7, 503)
('read', 29.7, 29.7, 503)
('ready', 29.7, 29.7, 503)
('ready', 29.7, 29.7, 503)
('read', 29.7, 29.7, 503)
('read', 29.7, 29.7, 503)
('read', 29.7, 29.7, 503)
('ready', 29.7, 29.7, 503)
('read', 29.7, 29.7, 503)
('read', 29.7, 29.7, 503)
('read', 29.7, 29.7, 503)
('ready', 29.7, 29.7, 503)
('read', 29.7, 29.7, 503)
('read', 29.7, 29.7, 503)
('ready', 29.7, 29.7, 503)
('read', 29.7, 29.7, 503)
('read', 29.7, 29.7, 503)
('ready', 29.7, 29.7, 503)
('read', 29.7, 29.7, 503)
('read', 29.7, 29.7, 503)
('read', 29.7, 29.7, 503)
('ready', 29.7, 29.7, 503)
('read', 29.7, 29.7, 503)
('read', 29.7, 29.7, 503)
('read', 29.7, 29.7, 503)
('read', 29.7, 29.8, 503)
('ready', 29.7, 29.8, 503)
('read', 29.7, 29.8, 503)
('read', 29.7, 29.8, 503)
('ready', 29.8, 29.8, 503)
('read', 29.8, 29.8, 503)
('read', 29.8, 29.8, 503)
('read', 29.8, 29.8, 503)
('ready', 29.8, 29.8, 503)
('read', 29.8, 29.8, 503)
('read', 29.8, 29.8, 503)
('read', 29.8, 29.8, 503)
('ready', 29.8, 29.8, 503)
('read', 29.8, 29.8, 503)
('read', 29.8, 29.8, 503)
('ready', 29.8, 29.8, 503)
('read', 29.8, 29.8, 503)
('read', 29.8, 29.8, 503)
('ready', 29.8, 29.8, 503)
('read', 29.8, 29.8, 503)
('read', 29.8, 29.8, 503)
('read', 29.8, 29.8, 503)
('read', 29.8, 29.8, 503)
('read', 29.8, 29.8, 503)
('ready', 29.8, 29.8, 503)
('read', 29.8, 29.8, 503)
('ready', 29.8, 29.8, 503)
('read', 29.8, 29.8, 503)
('read', 29.8, 29.8, 503)
('read', 29.8, 29.8, 503)
('read', 29.8, 29.8, 503)
('ready', 29.8, 29.8, 503)
('read', 29.8, 29.8, 503)
('read', 29.8, 29.8, 503)
('read', 29.8, 29.8, 503)
('read', 29.8, 29.8, 503)
('ready', 29.8, 29.8, 503)
('read', 29.8, 29.8, 503)
('ready', 29.8, 29.8, 503)
('read', 29.8, 29.8, 503)
('read', 29.8, 29.8, 503)
('read', 29.8, 29.8, 503)
('ready', 29.8, 29.8, 503)
('read', 29.8, 29.8, 503)
('read', 29.8, 29.8, 503)
('read', 29.8, 29.8, 503)
('ready', 29.8, 29.8, 503)
('read', 29.8, 29.8, 503)
('read', 29.8, 29.8, 503)
('read', 29.8, 29.8, 503)
('read', 29.8, 29.8, 503)
('read', 29.8, 29.8, 503)
('ready', 29.8, 29.8, 503)
('read', 29.8, 29.8, 503)
('read', 29.8, 29.8, 503)
('ready', 29.8, 29.8, 503)
('read', 29.8, 29.8, 503)
('read', 29.8, 29.8, 503)
('read', 29.8, 29.8, 503)
('read', 29.8, 29.8, 503)
('ready', 29.8, 29.8, 503)
('read', 29.8, 29.8, 503)
('read', 29.8, 29.9, 503)
('read', 29.8, 29.9, 503)
('read', 29.8, 29.9, 503)
('ready', 29.8, 29.9, 503)
('read', 29.9, 29.9, 503)
('ready', 29.9, 29.9, 503)
('read', 29.9, 29.9, 503)
('read', 29.9, 29.9, 503)
('read', 29.9, 29.9, 503)
('ready', 29.9, 29.9, 503)
('read', 29.9, 29.9, 503)
('read', 29.9, 29.9, 503)
('read', 29.9, 29.9, 503)
('read', 29.9, 29.9, 503)
('ready', 29.9, 29.9, 503)
('read', 29.9, 29.9, 503)
('read', 29.9, 29.9, 503)
('read', 29.9, 29.9, 503)
('ready', 29.9, 29.9, 503)
('read', 29.9, 29.9, 503)
('read', 29.9, 29.9, 503)
('read', 29.9, 29.9, 503)
('ready', 29.9, 29.9, 503)
('read', 29.9, 29.9, 503)
('read', 29.9, 29.9, 503)
('read', 29.9, 29.9, 503)
('ready', 29.9, 29.9, 503)
('read', 29.9, 29.9, 503)
('read', 29.9, 29.9, 503)
('read', 29.9, 29.9, 503)
('read', 29.9, 29.9, 503)
('read', 29.9, 29.9, 503)
('ready', 29.9, 29.9, 503)
('read', 29.9, 29.9, 503)
('ready', 29.9, 29.9, 503)
('read', 29.9, 29.9, 503)
('read', 29.9, 29.9, 503)
('read', 29.9, 29.9, 503)
('ready', 29.9, 29.9, 503)
('read', 29.9, 29.9, 503)
('read', 29.9, 29.9, 503)
('read', 29.9, 29.9, 503)
('read', 29.9, 29.9, 503)
('ready', 29.9, 29.9, 503)
('read', 29.9, 29.9, 503)
('read', 29.9, 29.9, 503)
('ready', 29.9, 29.9, 503)
('read', 29.9, 29.9, 503)
('read', 29.9, 29.9, 503)
('read', 29.9, 29.9, 503)
('ready', 29.9, 29.9, 503)
('read', 29.9, 29.9, 503)
('read', 29.9, 29.9, 503)
('read', 29.9, 29.9, 503)
('ready', 29.9, 29.9, 503)
('read', 29.9, 29.9, 503)
('read', 29.9, 29.9, 503)
('read', 29.9, 29.9, 503)
('ready', 29.9, 29.9, 503)
('read', 29.9, 29.9, 503)
('ready', 29.9, 29.9, 503)
('read', 29.9, 29.9, 503)
('read', 29.9, 29.9, 503)
('read', 29.9, 30.0, 503)
('read', 29.9, 30.0, 503)
('read', 29.9, 30.0, 503)
('ready', 29.9, 30.0, 503)
('read', 30.0, 30.0, 503)
('ready', 30.0, 30.0, 503)
('read', 30.0, 30.0, 503)
('read', 30.0, 30.0, 503)
('read', 30.0, 30.0, 503)
('ready', 30.0, 30.0, 503)
('read', 30.0, 30.0, 503)
('read', 30.0, 30.0, 503)
('read', 30.0, 30.0, 503)
('ready', 30.0, 30.0, 503)
('read', 30.0, 30.0, 503)
('read', 30.0, 30.0, 503)
('read', 30.0, 30.0, 503)
('ready', 30.0, 30.0, 503)
('read', 30.0, 30.0, 503)
('read', 30.0, 30.0, 503)
('read', 30.0, 30.0, 503)
('ready', 30.0, 30.0, 503)
('read', 30.0, 30.0, 503)
('read', 30.0, 30.0, 503)
('read', 30.0, 30.0, 503)
('ready', 30.0, 30.0, 503)
('read', 30.0, 30.0, 503)
('read', 30.0, 30.0, 503)
('read', 30.0, 30.0, 503)
('ready', 30.0, 30.0, 503)
('ready', 30.0, 30.0, 503)
('read', 30.0, 30.0, 503)
('read', 30.0, 30.0, 503)
('read', 30.0, 30.0, 503)
('ready', 30.0, 30.0, 503)
('read', 30.0, 30.0, 503)
('read', 30.0, 30.0, 503)
('read', 30.0, 30.0, 503)
('ready', 30.0, 30.0, 503)
('read', 30.0, 30.0, 503)
('read', 30.0, 30.0, 503)
('read', 30.0, 30.0, 503)
('ready', 30.0, 30.0, 503)
('ready', 30.0, 30.0, 503)
('read', 30.0, 30.0, 503)
('read', 30.0, 30.0, 503)
('read', 30.0, 30.0, 503)
('read', 30.0, 30.0, 503)
('read', 30.0, 30.0, 503)
('read', 30.0, 30.0, 503)
('ready', 30.0, 30.0, 503)
('read', 30.0, 30.0, 503)
('read', 30.0, 30.0, 503)
('read', 30.0, 30.0, 503)
('ready', 30.0, 30.0, 503)
('read', 30.0, 30.0, 503)
('read', 30.0, 30.0, 503)
('ready', 30.0, 30.0, 503)
('read', 30.0, 30.0, 503)
('read', 30.0, 30.0, 503)
('read', 30.0, 30.1, 503)
('ready', 30.0, 30.1, 503)
('read', 30.0, 30.1, 503)
('read', 30.0, 30.1, 503)
('read', 30.1, 30.1, 503)
('read', 30.1, 30.1, 503)
('read', 30.1, 30.1, 503)
('ready', 30.1, 30.1, 503)
('read', 30.1, 30.1, 503)
('read', 30.1, 30.1, 503)
('read', 30.1, 30.1, 503)
('ready', 30.1, 30.1, 503)
('read', 30.1, 30.1, 503)
('read', 30.1, 30.1, 503)
('read', 30.1, 30.1, 503)
('read', 30.1, 30.1, 503)
('ready', 30.1, 30.1, 503)
('read', 30.1, 30.1, 503)
('ready', 30.1, 30.1, 503)
('read', 30.1, 30.1, 503)
('read', 30.1, 30.1, 503)
('read', 30.1, 30.1, 503)
('read', 30.1, 30.1, 503)
('ready', 30.1, 30.1, 503)
('read', 30.1, 30.1, 503)
('read', 30.1, 30.1, 503)
('read', 30.1, 30.1, 503)
('ready', 30.1, 30.1, 503)
('read', 30.1, 30.1, 503)
('read', 30.1, 30.1, 503)
('read', 30.1, 30.1, 503)
('ready', 30.1, 30.1, 503)
('read', 30.1, 30.1, 503)
('read', 30.1, 30.1, 503)
('read', 30.1, 30.1, 503)
('ready', 30.1, 30.1, 503)
('read', 30.1, 30.1, 503)
('read', 30.1, 30.1, 503)
('ready', 30.1, 30.1, 503)
('read', 30.1, 30.1, 503)
('read', 30.1, 30.1, 503)
('read', 30.1, 30.1, 503)
('read', 30.1, 30.1, 503)
('ready', 30.1, 30.1, 503)
('read', 30.1, 30.1, 503)
('read', 30.1, 30.1, 503)
('read', 30.1, 30.1, 503)
('ready', 30.1, 30.1, 503)
('read', 30.1, 30.1, 503)
('read', 30.1, 30.1, 503)
('ready', 30.1, 30.1, 503)
('read', 30.1, 30.1, 503)
('read', 30.1, 30.1, 503)
('read', 30.1, 30.1, 503)
('read', 30.1, 30.1, 503)
('ready', 30.1, 30.1, 503)
('read', 30.1, 30.1, 503)
('read', 30.1, 30.1, 503)
('ready', 30.1, 30.2, 503)
('read', 30.1, 30.2, 503)
('read', 30.1, 30.2, 503)
('read', 30.1, 30.2, 503)
('read', 30.2, 30.2, 503)
('ready', 30.2, 30.2, 503)
('read', 30.2, 30.2, 503)
('read', 30.2, 30.2, 503)
('read', 30.2, 30.2, 503)
('ready', 30.2, 30.2, 503)
('read', 30.2, 30.2, 503)
('read', 30.2, 30.2, 503)
('ready', 30.2, 30.2, 503)
('read', 30.2, 30.2, 503)
('read', 30.2, 30.2, 503)
('read', 30.2, 30.2, 503)
('read', 30.2, 30.2, 503)
('read', 30.2, 30.2, 503)
('ready', 30.2, 30.2, 503)
('read', 30.2, 30.2, 503)
('read', 30.2, 30.2, 503)
('ready', 30.2, 30.2, 503)
('read', 30.2, 30.2, 503)
('read', 30.2, 30.2, 503)
('read', 30.2, 30.2, 503)
('read', 30.2, 30.2, 503)
('read', 30.2, 30.2, 503)
('ready', 30.2, 30.2, 503)
('read', 30.2, 30.2, 503)
('read', 30.2, 30.2, 503)
('read', 30.2, 30.2, 503)
('ready', 30.2, 30.2, 503)
('read', 30.2, 30.2, 503)
('read', 30.2, 30.2, 503)
('ready', 30.2, 30.2, 503)
('read', 30.2, 30.2, 503)
('read', 30.2, 30.2, 503)
('read', 30.2, 30.2, 503)
('ready', 30.2, 30.2, 503)
('read', 30.2, 30.2, 503)
('read', 30.2, 30.2, 503)
('read', 30.2, 30.2, 503)
('ready', 30.2, 30.2, 503)
('read', 30.2, 30.2, 503)
('read', 30.2, 30.2, 503)
('read', 30.2, 30.2, 503)
('ready', 30.2, 30.2, 503)
('read', 30.2, 30.2, 503)
('read', 30.2, 30.2, 503)
('read', 30.2, 30.2, 503)
('ready', 30.2, 30.2, 503)
('read', 30.2, 30.2, 503)
('read', 30.2, 30.2, 503)
('read', 30.2, 30.2, 503)
('ready', 30.2, 30.2, 503)
('ready', 30.2, 30.3, 503)
('read', 30.2, 30.3, 503)
('read', 30.2, 30.3, 503)
('read', 30.2, 30.3, 503)
('ready', 30.3, 30.3, 503)
('read', 30.3, 30.3, 503)
('read', 30.3, 30.3, 503)
('read', 30.3, 30.3, 503)
('ready', 30.3, 30.3, 503)
('read', 30.3, 30.3, 503)
('read', 30.3, 30.3, 503)
('read', 30.3, 30.3, 503)
('ready', 30.3, 30.3, 503)
('read', 30.3, 30.3, 503)
('ready', 30.3, 30.3, 503)
('read', 30.3, 30.3, 503)
('read', 30.3, 30.3, 503)
('read', 30.3, 30.3, 503)
('read', 30.3, 30.3, 503)
('ready', 30.3, 30.3, 503)
('read', 30.3, 30.3, 503)
('read', 30.3, 30.3, 503)
('read', 30.3, 30.3, 503)
('read', 30.3, 30.3, 503)
('ready', 30.3, 30.3, 503)
('read', 30.3, 30.3, 503)
('ready', 30.3, 30.3, 503)
('read', 30.3, 30.3, 503)
('read', 30.3, 30.3, 503)
('read', 30.3, 30.3, 503)
('ready', 30.3, 30.3, 503)
('read', 30.3, 30.3, 503)
('read', 30.3, 30.3, 503)
('read', 30.3, 30.3, 503)
('read', 30.3, 30.3, 503)
('ready', 30.3, 30.3, 503)
('read', 30.3, 30.3, 503)
('read', 30.3, 30.3, 503)
('ready', 30.3, 30.3, 503)
('read', 30.3, 30.3, 503)
('read', 30.3, 30.3, 503)
('ready', 30.3, 30.3, 503)
('read', 30.3, 30.3, 503)
('read', 30.3, 30.3, 503)
('read', 30.3, 30.3, 503)
('ready', 30.3, 30.4, 503)
('read', 30.3, 30.4, 503)
('read', 30.3, 30.4, 503)
('read', 30.3, 30.4, 503)
('ready', 30.4, 30.4, 503)
('read', 30.4, 30.4, 503)
('read', 30.4, 30.4, 503)
('read', 30.4, 30.4, 503)
('ready', 30.4, 30.4, 503)
('read', 30.4, 30.4, 503)
('read', 30.4, 30.4, 503)
('read', 30.4, 30.4, 503)
('ready', 30.4, 30.4, 503)
('read', 30.4, 30.4, 503)
('ready', 30.4, 30.4, 503)
('read', 30.4, 30.4, 503)
('read', 30.4, 30.4, 503)
('read', 30.4, 30.4, 503)
('ready', 30.4, 30.4, 503)
('read', 30.4, 30.4, 503)
('read', 30.4, 30.4, 503)
('read', 30.4, 30.4, 503)
('ready', 30.4, 30.4, 503)
('read', 30.4, 30.4, 503)
('read', 30.4, 30.4, 503)
('read', 30.4, 30.4, 503)
('read', 30.4, 30.4, 503)
('ready', 30.4, 30.4, 503)
('read', 30.4, 30.4, 503)
('read', 30.4, 30.4, 503)
('read', 30.4, 30.4, 503)
('read', 30.4, 30.4, 503)
('ready', 30.4, 30.4, 503)
('read', 30.4, 30.4, 503)
('ready', 30.4, 30.4, 503)
('read', 30.4, 30.4, 503)
('read', 30.4, 30.4, 503)
('read', 30.4, 30.4, 503)
('ready', 30.4, 30.4, 503)
('read', 30.4, 30.4, 503)
('read', 30.4, 30.4, 503)
('read', 30.4, 30.4, 503)
('read', 30.4, 30.4, 503)
('read', 30.4, 30.4, 503)
('ready', 30.4, 30.4, 503)
('read', 30.4, 30.4, 503)
('read', 30.4, 30.4, 503)
('read', 30.4, 30.4, 503)
('ready', 30.4, 30.4, 503)
('read', 30.4, 30.4, 503)
('read', 30.4, 30.4, 503)
('read', 30.4, 30.4, 503)
('ready', 30.4, 30.4, 503)
('read', 30.4, 30.4, 503)
('read', 30.4, 30.4, 503)
('ready', 30.4, 30.4, 503)
('read', 30.4, 30.4, 503)
('read', 30.4, 30.4, 503)
('read', 30.4, 30.4, 503)
('read', 30.4, 30.4, 503)
('read', 30.4, 30.4, 503)
('ready', 30.4, 30.4, 503)
('read', 30.4, 30.4, 503)
('ready', 30.4, 30.4, 503)
('read', 30.4, 30.5, 503)
('read', 30.4, 30.5, 503)
('read', 30.4, 30.5, 503)
('ready', 30.4, 30.5, 503)
('read', 30.5, 30.5, 503)
('read', 30.5, 30.5, 503)
('read', 30.5, 30.5, 503)
('read', 30.5, 30.5, 503)
('read', 30.5, 30.5, 503)
('ready', 30.5, 30.5, 503)
('read', 30.5, 30.5, 503)
('read', 30.5, 30.5, 503)
('read', 30.5, 30.5, 503)
('ready', 30.5, 30.5, 503)
('read', 30.5, 30.5, 503)
('ready', 30.5, 30.5, 503)
('read', 30.5, 30.5, 503)
('read', 30.5, 30.5, 503)
('read', 30.5, 30.5, 503)
('read', 30.5, 30.5, 503)
('ready', 30.5, 30.5, 503)
('read', 30.5, 30.5, 503)
('read', 30.5, 30.5, 503)
('read', 30.5, 30.5, 503)
('read', 30.5, 30.5, 503)
('ready', 30.5, 30.5, 503)
('read', 30.5, 30.5, 503)
('read', 30.5, 30.5, 503)
('ready', 30.5, 30.5, 503)
('read', 30.5, 30.5, 503)
('read', 30.5, 30.5, 503)
('read', 30.5, 30.5, 503)
('ready', 30.5, 30.5, 503)
('read', 30.5, 30.5, 503)
('read', 30.5, 30.5, 503)
('read', 30.5, 30.5, 503)
('ready', 30.5, 30.5, 503)
('read', 30.5, 30.5, 503)
('read', 30.5, 30.5, 503)
('read', 30.5, 30.5, 503)
('ready', 30.5, 30.5, 503)
('read', 30.5, 30.5, 503)
('read', 30.5, 30.5, 503)
('read', 30.5, 30.5, 503)
('read', 30.5, 30.5, 503)
('ready', 30.5, 30.5, 503)
('read', 30.5, 30.5, 503)
('read', 30.5, 30.5, 503)
('ready', 30.5, 30.5, 503)
('read', 30.5, 30.5, 503)
('read', 30.5, 30.5, 503)
('read', 30.5, 30.5, 503)
('read', 30.5, 30.5, 503)
('ready', 30.5, 30.5, 503)
('read', 30.5, 30.5, 503)
('read', 30.5, 30.5, 503)
('ready', 30.5, 30.5, 503)
('read', 30.5, 30.5, 503)
('read', 30.5, 30.5, 503)
('read', 30.5, 30.5, 503)
('read', 30.5, 30.5, 503)
('ready', 30.5, 30.5, 503)
('read', 30.5, 30.5, 503)
('read', 30.5, 30.5, 503)
('ready', 30.5, 30.6, 503)
('read', 30.5, 30.6, 503)
('read', 30.5, 30.6, 503)
('read', 30.5, 30.6, 503)
('read', 30.6, 30.6, 503)
('ready', 30.6, 30.6, 503)
('read', 30.6, 30.6, 503)
('read', 30.6, 30.6, 503)
('ready', 30.6, 30.6, 503)
('read', 30.6, 30.6, 503)
('read', 30.6, 30.6, 503)
('read', 30.6, 30.6, 503)
('read', 30.6, 30.6, 503)
('ready', 30.6, 30.6, 503)
('read', 30.6, 30.6, 503)
('read', 30.6, 30.6, 503)
('ready', 30.6, 30.6, 503)
('read', 30.6, 30.6, 503)
('read', 30.6, 30.6, 503)
('ready', 30.6, 30.6, 503)
('read', 30.6, 30.6, 503)
('read', 30.6, 30.6, 503)
('read', 30.6, 30.6, 503)
('read', 30.6, 30.6, 503)
('ready', 30.6, 30.6, 503)
('read', 30.6, 30.6, 503)
('read', 30.6, 30.6, 503)
('read', 30.6, 30.6, 503)
('ready', 30.6, 30.6, 503)
('read', 30.6, 30.6, 503)
('read', 30.6, 30.6, 503)
('ready', 30.6, 30.6, 503)
('read', 30.6, 30.6, 503)
('read', 30.6, 30.6, 503)
('read', 30.6, 30.6, 503)
('read', 30.6, 30.6, 503)
('ready', 30.6, 30.6, 503)
('read', 30.6, 30.6, 503)
('read', 30.6, 30.6, 503)
('ready', 30.6, 30.6, 503)
('read', 30.6, 30.6, 503)
('read', 30.6, 30.6, 503)
('read', 30.6, 30.6, 503)
('read', 30.6, 30.6, 503)
('ready', 30.6, 30.6, 503)
('read', 30.6, 30.6, 503)
('read', 30.6, 30.6, 503)
('read', 30.6, 30.6, 503)
('ready', 30.6, 30.6, 503)
('read', 30.6, 30.6, 503)
('read', 30.6, 30.6, 503)
('read', 30.6, 30.6, 503)
('ready', 30.6, 30.6, 503)
('read', 30.6, 30.6, 503)
('read', 30.6, 30.6, 503)
('read', 30.6, 30.6, 503)
('ready', 30.6, 30.6, 503)
('read', 30.6, 30.6, 503)
('read', 30.6, 30.6, 503)
('read', 30.6, 30.6, 503)
('ready', 30.6, 30.6, 503)
('read', 30.6, 30.7, 503)
('read', 30.6, 30.7, 503)
('read', 30.6, 30.7, 503)
('ready', 30.6, 30.7, 503)
('read', 30.7, 30.7, 503)
('read', 30.7, 30.7, 503)
('ready', 30.7, 30.7, 503)
('read', 30.7, 30.7, 503)
('read', 30.7, 30.7, 503)
('read', 30.7, 30.7, 503)
('ready', 30.7, 30.7, 503)
('read', 30.7, 30.7, 503)
('read', 30.7, 30.7, 503)
('read', 30.7, 30.7, 503)
('ready', 30.7, 30.7, 503)
('read', 30.7, 30.7, 503)
('read', 30.7, 30.7, 503)
('read', 30.7, 30.7, 503)
('read', 30.7, 30.7, 503)
('read', 30.7, 30.7, 503)
('ready', 30.7, 30.7, 503)
('read', 30.7, 30.7, 503)
('read', 30.7, 30.7, 503)
('ready', 30.7, 30.7, 503)
('read', 30.7, 30.7, 503)
('read', 30.7, 30.7, 503)
('read', 30.7, 30.7, 503)
('ready', 30.7, 30.7, 503)
('read', 30.7, 30.7, 503)
('read', 30.7, 30.7, 503)
('read', 30.7, 30.7, 503)
('ready', 30.7, 30.7, 503)
('read', 30.7, 30.7, 503)
('ready', 30.7, 30.7, 503)
('read', 30.7, 30.7, 503)
('read', 30.7, 30.7, 503)
('read', 30.7, 30.7, 503)
('ready', 30.7, 30.7, 503)
('read', 30.7, 30.7, 503)
('read', 30.7, 30.7, 503)
('read', 30.7, 30.7, 503)
('ready', 30.7, 30.7, 503)
('ready', 30.7, 30.7, 503)
('read', 30.7, 30.7, 503)
('read', 30.7, 30.7, 503)
('read', 30.7, 30.7, 503)
('read', 30.7, 30.7, 503)
('read', 30.7, 30.7, 503)
('ready', 30.7, 30.7, 503)
('read', 30.7, 30.7, 503)
('read', 30.7, 30.7, 503)
('ready', 30.7, 30.7, 503)
('read', 30.7, 30.7, 503)
('read', 30.7, 30.7, 503)
('ready', 30.7, 30.7, 503)
('read', 30.7, 30.7, 503)
('read', 30.7, 30.7, 503)
('read', 30.7, 30.7, 503)
('ready', 30.7, 30.7, 503)
('read', 30.7, 30.7, 503)
('read', 30.7, 30.7, 503)
('read', 30.7, 30.7, 503)
('ready', 30.7, 30.7, 503)
('read', 30.7, 30.7, 503)
('read', 30.7, 30.8, 503)
('ready', 30.7, 30.8, 503)
('read', 30.7, 30.8, 503)
('read', 30.7, 30.8, 503)
('read', 30.8, 30.8, 503)
('ready', 30.8, 30.8, 503)
('read', 30.8, 30.8, 503)
('read', 30.8, 30.8, 503)
('read', 30.8, 30.8, 503)
('ready', 30.8, 30.8, 503)
('read', 30.8, 30.8, 503)
('read', 30.8, 30.8, 503)
('read', 30.8, 30.8, 503)
('ready', 30.8, 30.8, 503)
('read', 30.8, 30.8, 503)
('read', 30.8, 30.8, 503)
('read', 30.8, 30.8, 503)
('ready', 30.8, 30.8, 503)
('read', 30.8, 30.8, 503)
('read', 30.8, 30.8, 503)
('read', 30.8, 30.8, 503)
('read', 30.8, 30.8, 503)
('ready', 30.8, 30.8, 503)
('read', 30.8, 30.8, 503)
('read', 30.8, 30.8, 503)
('ready', 30.8, 30.8, 503)
('read', 30.8, 30.8, 503)
('read', 30.8, 30.8, 503)
('read', 30.8, 30.8, 503)
('ready', 30.8, 30.8, 503)
('read', 30.8, 30.8, 503)
('read', 30.8, 30.8, 503)
('read', 30.8, 30.8, 503)
('ready', 30.8, 30.8, 503)
('read', 30.8, 30.8, 503)
('read', 30.8, 30.8, 503)
('read', 30.8, 30.8, 503)
('ready', 30.8, 30.8, 503)
('read', 30.8, 30.8, 503)
('read', 30.8, 30.8, 503)
('read', 30.8, 30.8, 503)
('ready', 30.8, 30.8, 503)
('read', 30.8, 30.8, 503)
('ready', 30.8, 30.8, 503)
('read', 30.8, 30.8, 503)
('read', 30.8, 30.8, 503)
('read', 30.8, 30.8, 503)
('read', 30.8, 30.8, 503)
('ready', 30.8, 30.8, 503)
('read', 30.8, 30.8, 503)
('ready', 30.8, 30.8, 503)
('read', 30.8, 30.8, 503)
('read', 30.8, 30.8, 503)
('read', 30.8, 30.8, 503)
('read', 30.8, 30.8, 503)
('read', 30.8, 30.8, 503)
('read', 30.8, 30.8, 503)
('ready', 30.8, 30.8, 503)
('read', 30.8, 30.8, 503)
('ready', 30.8, 30.8, 503)
('read', 30.8, 30.8, 503)
('read', 30.8, 30.8, 503)
('read', 30.8, 30.8, 503)
('read', 30.8, 30.8, 503)
('read', 30.8, 30.8, 503)
('ready', 30.8, 30.8, 503)
('read', 30.8, 30.9, 503)
('ready', 30.8, 30.9, 503)
('read', 30.8, 30.9, 503)
('read', 30.8, 30.9, 503)
('read', 30.9, 30.9, 503)
('read', 30.9, 30.9, 503)
('read', 30.9, 30.9, 503)
('ready', 30.9, 30.9, 503)
('read', 30.9, 30.9, 503)
('read', 30.9, 30.9, 503)
('read', 30.9, 30.9, 503)
('ready', 30.9, 30.9, 503)
('ready', 30.9, 30.9, 503)
('read', 30.9, 30.9, 503)
('read', 30.9, 30.9, 503)
('read', 30.9, 30.9, 503)
('read', 30.9, 30.9, 503)
('read', 30.9, 30.9, 503)
('ready', 30.9, 30.9, 503)
('read', 30.9, 30.9, 503)
('ready', 30.9, 30.9, 503)
('read', 30.9, 30.9, 503)
('read', 30.9, 30.9, 503)
('read', 30.9, 30.9, 503)
('ready', 30.9, 30.9, 503)
('read', 30.9, 30.9, 503)
('read', 30.9, 30.9, 503)
('read', 30.9, 30.9, 503)
('ready', 30.9, 30.9, 503)
('ready', 30.9, 30.9, 503)
('read', 30.9, 30.9, 503)
('read', 30.9, 30.9, 503)
('read', 30.9, 30.9, 503)
('ready', 30.9, 30.9, 503)
('read', 30.9, 30.9, 503)
('read', 30.9, 30.9, 503)
('read', 30.9, 30.9, 503)
('ready', 30.9, 30.9, 503)
('read', 30.9, 30.9, 503)
('read', 30.9, 30.9, 503)
('read', 30.9, 30.9, 503)
('ready', 30.9, 30.9, 503)
('read', 30.9, 30.9, 503)
('read', 30.9, 30.9, 503)
('read', 30.9, 30.9, 503)
('ready', 30.9, 30.9, 503)
('read', 30.9, 30.9, 503)
('read', 30.9, 30.9, 503)
('read', 30.9, 30.9, 503)
('ready', 30.9, 30.9, 503)
('read', 30.9, 30.9, 503)
('ready', 30.9, 30.9, 503)
('read', 30.9, 30.9, 503)
('read', 30.9, 30.9, 503)
('ready', 30.9, 30.9, 503)
('read', 30.9, 30.9, 503)
('read', 30.9, 30.9, 503)
('read', 30.9, 30.9, 503)
('read', 30.9, 30.9, 503)
('ready', 30.9, 30.9, 503)
('read', 30.9, 30.9, 503)
('read', 30.9, 30.9, 503)
('read', 30.9, 30.9, 503)
('ready', 30.9, 30.9, 503)
('read', 30.9, 30.9, 503)
('read', 30.9, 30.9, 503)
('read', 30.9, 31.0, 503)
('read', 30.9, 31.0, 503)
('ready', 30.9, 31.0, 503)
('read', 30.9, 31.0, 503)
('read', 31.0, 31.0, 503)
('ready', 31.0, 31.0, 503)
('read', 31.0, 31.0, 503)
('read', 31.0, 31.0, 503)
('read', 31.0, 31.0, 503)
('read', 31.0, 31.0, 503)
('read', 31.0, 31.0, 503)
('ready', 31.0, 31.0, 503)
('read', 31.0, 31.0, 503)
('read', 31.0, 31.0, 503)
('ready', 31.0, 31.0, 503)
('read', 31.0, 31.0, 503)
('read', 31.0, 31.0, 503)
('read', 31.0, 31.0, 503)
('ready', 31.0, 31.0, 503)
('read', 31.0, 31.0, 503)
('read', 31.0, 31.0, 503)
('ready', 31.0, 31.0, 503)
('read', 31.0, 31.0, 503)
('read', 31.0, 31.0, 503)
('read', 31.0, 31.0, 503)
('ready', 31.0, 31.0, 503)
('read', 31.0, 31.0, 503)
('read', 31.0, 31.0, 503)
('read', 31.0, 31.0, 503)
('ready', 31.0, 31.0, 503)
('read', 31.0, 31.0, 503)
('ready', 31.0, 31.0, 503)
('read', 31.0, 31.0, 503)
('read', 31.0, 31.0, 503)
('read', 31.0, 31.0, 503)
('read', 31.0, 31.0, 503)
('read', 31.0, 31.0, 503)
('ready', 31.0, 31.0, 503)
('read', 31.0, 31.0, 503)
('read', 31.0, 31.0, 503)
('ready', 31.0, 31.0, 503)
('read', 31.0, 31.0, 503)
('read', 31.0, 31.0, 503)
('read', 31.0, 31.0, 503)
('read', 31.0, 31.0, 503)
('ready', 31.0, 31.0, 503)
('read', 31.0, 31.0, 503)
('read', 31.0, 31.0, 503)
('read', 31.0, 31.0, 503)
('read', 31.0, 31.0, 503)
('ready', 31.0, 31.0, 503)
('ready', 31.0, 31.0, 503)
('read', 31.0, 31.0, 503)
('read', 31.0, 31.0, 503)
('read', 31.0, 31.0, 503)
('read', 31.0, 31.0, 503)
('read', 31.0, 31.0, 503)
('read', 31.0, 31.0, 503)
('ready', 31.0, 31.0, 503)
('read', 31.0, 31.0, 503)
('read', 31.0, 31.0, 503)
('ready', 31.0, 31.0, 503)
('read', 31.0, 31.0, 503)
('read', 31.0, 31.1, 503)
('read', 31.0, 31.1, 503)
('ready', 31.0, 31.1, 503)
('read', 31.0, 31.1, 503)
('read', 31.1, 31.1, 503)
('ready', 31.1, 31.1, 503)
('read', 31.1, 31.1, 503)
('read', 31.1, 31.1, 503)
('read', 31.1, 31.1, 503)
('ready', 31.1, 31.1, 503)
('read', 31.1, 31.1, 503)
('read', 31.1, 31.1, 503)
('read', 31.1, 31.1, 503)
('ready', 31.1, 31.1, 503)
('read', 31.1, 31.1, 503)
('read', 31.1, 31.1, 503)
('read', 31.1, 31.1, 503)
('ready', 31.1, 31.1, 503)
('read', 31.1, 31.1, 503)
('read', 31.1, 31.1, 503)
('read', 31.1, 31.1, 503)
('ready', 31.1, 31.1, 503)
('ready', 31.1, 31.1, 503)
('read', 31.1, 31.1, 503)
('read', 31.1, 31.1, 503)
('read', 31.1, 31.1, 503)
('ready', 31.1, 31.1, 503)
('read', 31.1, 31.1, 503)
('read', 31.1, 31.1, 503)
('read', 31.1, 31.1, 503)
('ready', 31.1, 31.1, 503)
('read', 31.1, 31.1, 503)
('read', 31.1, 31.1, 503)
('read', 31.1, 31.1, 503)
('ready', 31.1, 31.1, 503)
('read', 31.1, 31.1, 503)
('read', 31.1, 31.1, 503)
('ready', 31.1, 31.1, 503)
('read', 31.1, 31.1, 503)
('read', 31.1, 31.1, 503)
('read', 31.1, 31.1, 503)
('ready', 31.1, 31.1, 503)
('read', 31.1, 31.1, 503)
('read', 31.1, 31.1, 503)
('read', 31.1, 31.1, 503)
('ready', 31.1, 31.1, 503)
('read', 31.1, 31.1, 503)
('read', 31.1, 31.1, 503)
('read', 31.1, 31.1, 503)
('read', 31.1, 31.1, 503)
('ready', 31.1, 31.1, 503)
('read', 31.1, 31.1, 503)
('read', 31.1, 31.1, 503)
('read', 31.1, 31.1, 503)
('ready', 31.1, 31.1, 503)
('read', 31.1, 31.1, 503)
('read', 31.1, 31.1, 503)
('ready', 31.1, 31.1, 503)
('read', 31.1, 31.1, 503)
('read', 31.1, 31.1, 503)
('read', 31.1, 31.2, 503)
('ready', 31.1, 31.2, 503)
('read', 31.1, 31.2, 503)
('read', 31.1, 31.2, 503)
('read', 31.2, 31.2, 503)
('ready', 31.2, 31.2, 503)
('ready', 31.2, 31.2, 503)
('read', 31.2, 31.2, 503)
('read', 31.2, 31.2, 503)
('read', 31.2, 31.2, 503)
('ready', 31.2, 31.2, 503)
('read', 31.2, 31.2, 503)
('read', 31.2, 31.2, 503)
('read', 31.2, 31.2, 503)
('ready', 31.2, 31.2, 503)
('read', 31.2, 31.2, 503)
('read', 31.2, 31.2, 503)
('read', 31.2, 31.2, 503)
('ready', 31.2, 31.2, 503)
('ready', 31.2, 31.2, 503)
('read', 31.2, 31.2, 503)
('read', 31.2, 31.2, 503)
('read', 31.2, 31.2, 503)
('ready', 31.2, 31.2, 503)
('ready', 31.2, 31.2, 503)
('read', 31.2, 31.2, 503)
('read', 31.2, 31.2, 503)
('read', 31.2, 31.2, 503)
('read', 31.2, 31.2, 503)
('read', 31.2, 31.2, 503)
('ready', 31.2, 31.2, 503)
('read', 31.2, 31.2, 503)
('read', 31.2, 31.2, 503)
('read', 31.2, 31.2, 503)
('ready', 31.2, 31.2, 503)
('read', 31.2, 31.2, 503)
('read', 31.2, 31.2, 503)
('ready', 31.2, 31.2, 503)
('read', 31.2, 31.2, 503)
('read', 31.2, 31.2, 503)
('read', 31.2, 31.2, 503)
('ready', 31.2, 31.2, 503)
('read', 31.2, 31.2, 503)
('read', 31.2, 31.2, 503)
('read', 31.2, 31.2, 503)
('read', 31.2, 31.2, 503)
('read', 31.2, 31.2, 503)
('ready', 31.2, 31.2, 503)
('read', 31.2, 31.2, 503)
('ready', 31.2, 31.2, 503)
('read', 31.2, 31.2, 503)
('read', 31.2, 31.2, 503)
('read', 31.2, 31.2, 503)
('ready', 31.2, 31.2, 503)
('read', 31.2, 31.2, 503)
('read', 31.2, 31.2, 503)
('read', 31.2, 31.2, 503)
('read', 31.2, 31.2, 503)
('read', 31.2, 31.2, 503)
('read', 31.2, 31.2, 503)
('ready', 31.2, 31.2, 503)
('read', 31.2, 31.2, 503)
('read', 31.2, 31.3, 503)
('ready', 31.2, 31.3, 503)
('read', 31.2, 31.3, 503)
('read', 31.2, 31.3, 503)
('read', 31.3, 31.3, 503)
('read', 31.3, 31.3, 503)
('ready', 31.3, 31.3, 503)
('read', 31.3, 31.3, 503)
('read', 31.3, 31.3, 503)
('read', 31.3, 31.3, 503)
('read', 31.3, 31.3, 503)
('ready', 31.3, 31.3, 503)
('read', 31.3, 31.3, 503)
('read', 31.3, 31.3, 503)
('ready', 31.3, 31.3, 503)
('read', 31.3, 31.3, 503)
('read', 31.3, 31.3, 503)
('read', 31.3, 31.3, 503)
('read', 31.3, 31.3, 503)
('ready', 31.3, 31.3, 503)
('read', 31.3, 31.3, 503)
('read', 31.3, 31.3, 503)
('ready', 31.3, 31.3, 503)
('read', 31.3, 31.3, 503)
('read', 31.3, 31.3, 503)
('read', 31.3, 31.3, 503)
('ready', 31.3, 31.3, 503)
('read', 31.3, 31.3, 503)
('read', 31.3, 31.3, 503)
('read', 31.3, 31.3, 503)
('ready', 31.3, 31.3, 503)
('read', 31.3, 31.3, 503)
('read', 31.3, 31.3, 503)
('ready', 31.3, 31.3, 503)
('read', 31.3, 31.3, 503)
('read', 31.3, 31.3, 503)
('read', 31.3, 31.3, 503)
('ready', 31.3, 31.3, 503)
('read', 31.3, 31.3, 503)
('read', 31.3, 31.3, 503)
('read', 31.3, 31.3, 503)
('ready', 31.3, 31.3, 503)
('read', 31.3, 31.3, 503)
('read', 31.3, 31.3, 503)
('read', 31.3, 31.3, 503)
('read', 31.3, 31.3, 503)
('read', 31.3, 31.3, 503)
('ready', 31.3, 31.3, 503)
('ready', 31.3, 31.4, 503)
('read', 31.3, 31.4, 503)
('read', 31.3, 31.4, 503)
('read', 31.3, 31.4, 503)
('ready', 31.4, 31.4, 503)
('read', 31.4, 31.4, 503)
('read', 31.4, 31.4, 503)
('read', 31.4, 31.4, 503)
('ready', 31.4, 31.4, 503)
('read', 31.4, 31.4, 503)
('read', 31.4, 31.4, 503)
('read', 31.4, 31.4, 503)
('ready', 31.4, 31.4, 503)
('ready', 31.4, 31.4, 503)
('read', 31.4, 31.4, 503)
('read', 31.4, 31.4, 503)
('read', 31.4, 31.4, 503)
('ready', 31.4, 31.4, 503)
('read', 31.4, 31.4, 503)
('read', 31.4, 31.4, 503)
('read', 31.4, 31.4, 503)
('ready', 31.4, 31.4, 503)
('ready', 31.4, 31.4, 503)
('read', 31.4, 31.4, 503)
('read', 31.4, 31.4, 503)
('read', 31.4, 31.4, 503)
('ready', 31.4, 31.4, 503)
('read', 31.4, 31.4, 503)
('read', 31.4, 31.4, 503)
('read', 31.4, 31.4, 503)
('ready', 31.4, 31.4, 503)
('read', 31.4, 31.4, 503)
('read', 31.4, 31.4, 503)
('read', 31.4, 31.4, 503)
('ready', 31.4, 31.4, 503)
('read', 31.4, 31.4, 503)
('read', 31.4, 31.4, 503)
('read', 31.4, 31.4, 503)
('ready', 31.4, 31.4, 503)
('read', 31.4, 31.4, 503)
('read', 31.4, 31.4, 503)
('read', 31.4, 31.4, 503)
('ready', 31.4, 31.4, 503)
('read', 31.4, 31.4, 503)
('read', 31.4, 31.4, 503)
('read', 31.4, 31.4, 503)
('ready', 31.4, 31.4, 503)
('read', 31.4, 31.4, 503)
('read', 31.4, 31.4, 503)
('ready', 31.4, 31.4, 503)
('read', 31.4, 31.4, 503)
('read', 31.4, 31.5, 503)
('read', 31.4, 31.5, 503)
('read', 31.4, 31.5, 503)
('ready', 31.4, 31.5, 503)
('read', 31.5, 31.5, 503)
('read', 31.5, 31.5, 503)
('ready', 31.5, 31.5, 503)
('read', 31.5, 31.5, 503)
('read', 31.5, 31.5, 503)
('read', 31.5, 31.5, 503)
('read', 31.5, 31.5, 503)
('read', 31.5, 31.5, 503)
('ready', 31.5, 31.5, 503)
('read', 31.5, 31.5, 503)
('ready', 31.5, 31.5, 503)
('read', 31.5, 31.5, 503)
('read', 31.5, 31.5, 503)
('read', 31.5, 31.5, 503)
('ready', 31.5, 31.5, 503)
('read', 31.5, 31.5, 503)
('read', 31.5, 31.5, 503)
('read', 31.5, 31.5, 503)
('ready', 31.5, 31.5, 503)
('read', 31.5, 31.5, 503)
('read', 31.5, 31.5, 503)
('read', 31.5, 31.5, 503)
('read', 31.5, 31.5, 503)
('read', 31.5, 31.5, 503)
('ready', 31.5, 31.5, 503)
('read', 31.5, 31.5, 503)
('read', 31.5, 31.5, 503)
('read', 31.5, 31.5, 503)
('ready', 31.5, 31.5, 503)
('read', 31.5, 31.5, 503)
('ready', 31.5, 31.5, 503)
('read', 31.5, 31.5, 503)
('read', 31.5, 31.5, 503)
('read', 31.5, 31.5, 503)
('ready', 31.5, 31.5, 503)
('read', 31.5, 31.5, 503)
('read', 31.5, 31.5, 503)
('read', 31.5, 31.5, 503)
('ready', 31.5, 31.5, 503)
('read', 31.5, 31.5, 503)
('read', 31.5, 31.5, 503)
('read', 31.5, 31.5, 503)
('ready', 31.5, 31.5, 503)
('read', 31.5, 31.5, 503)
('read', 31.5, 31.5, 503)
('read', 31.5, 31.5, 503)
('ready', 31.5, 31.5, 503)
('read', 31.5, 31.5, 503)
('read', 31.5, 31.5, 503)
('read', 31.5, 31.5, 503)
('read', 31.5, 31.5, 503)
('ready', 31.5, 31.5, 503)
('read', 31.5, 31.5, 503)
('read', 31.5, 31.5, 503)
('read', 31.5, 31.6, 503)
('ready', 31.5, 31.6, 503)
('read', 31.5, 31.6, 503)
('read', 31.5, 31.6, 503)
('read', 31.6, 31.6, 503)
('ready', 31.6, 31.6, 503)
('read', 31.6, 31.6, 503)
('read', 31.6, 31.6, 503)
('read', 31.6, 31.6, 503)
('ready', 31.6, 31.6, 503)
('read', 31.6, 31.6, 503)
('read', 31.6, 31.6, 503)
('ready', 31.6, 31.6, 503)
('read', 31.6, 31.6, 503)
('read', 31.6, 31.6, 503)
('read', 31.6, 31.6, 503)
('ready', 31.6, 31.6, 503)
('read', 31.6, 31.6, 503)
('read', 31.6, 31.6, 503)
('read', 31.6, 31.6, 503)
('read', 31.6, 31.6, 503)
('ready', 31.6, 31.6, 503)
('read', 31.6, 31.6, 503)
('read', 31.6, 31.6, 503)
('read', 31.6, 31.6, 503)
('ready', 31.6, 31.6, 503)
('read', 31.6, 31.6, 503)
('read', 31.6, 31.6, 503)
('read', 31.6, 31.6, 503)
('ready', 31.6, 31.6, 503)
('read', 31.6, 31.6, 503)
('read', 31.6, 31.6, 503)
('ready', 31.6, 31.6, 503)
('read', 31.6, 31.6, 503)
('read', 31.6, 31.6, 503)
('read', 31.6, 31.6, 503)
('ready', 31.6, 31.6, 503)
('read', 31.6, 31.6, 503)
('read', 31.6, 31.6, 503)
('read', 31.6, 31.6, 503)
('read', 31.6, 31.6, 503)
('ready', 31.6, 31.6, 503)
('read', 31.6, 31.6, 503)
('read', 31.6, 31.6, 503)
('read', 31.6, 31.6, 503)
('ready', 31.6, 31.6, 503)
('read', 31.6, 31.6, 503)
('read', 31.6, 31.6, 503)
('read', 31.6, 31.6, 503)
('ready', 31.6, 31.6, 503)
('read', 31.6, 31.6, 503)
('read', 31.6, 31.6, 503)
('read', 31.6, 31.6, 503)
('ready', 31.6, 31.6, 503)
('read', 31.6, 31.6, 503)
('read', 31.6, 31.6, 503)
('read', 31.6, 31.6, 503)
('ready', 31.6, 31.6, 503)
('read', 31.6, 31.6, 503)
('read', 31.6, 31.6, 503)
('ready', 31.6, 31.6, 503)
('read', 31.6, 31.6, 503)
('read', 31.6, 31.7, 503)
('read', 31.6, 31.7, 503)
('ready', 31.6, 31.7, 503)
('read', 31.6, 31.7, 503)
('read', 31.7, 31.7, 503)
('read', 31.7, 31.7, 503)
('ready', 31.7, 31.7, 503)
('read', 31.7, 31.7, 503)
('read', 31.7, 31.7, 503)
('read', 31.7, 31.7, 503)
('read', 31.7, 31.7, 503)
('ready', 31.7, 31.7, 503)
('read', 31.7, 31.7, 503)
('read', 31.7, 31.7, 503)
('read', 31.7, 31.7, 503)
('ready', 31.7, 31.7, 503)
('read', 31.7, 31.7, 503)
('read', 31.7, 31.7, 503)
('read', 31.7, 31.7, 503)
('ready', 31.7, 31.7, 503)
('read', 31.7, 31.7, 503)
('read', 31.7, 31.7, 503)
('read', 31.7, 31.7, 503)
('ready', 31.7, 31.7, 503)
('read', 31.7, 31.7, 503)
('read', 31.7, 31.7, 503)
('ready', 31.7, 31.7, 503)
('read', 31.7, 31.7, 503)
('read', 31.7, 31.7, 503)
('read', 31.7, 31.7, 503)
('read', 31.7, 31.7, 503)
('ready', 31.7, 31.7, 503)
('read', 31.7, 31.7, 503)
('read', 31.7, 31.7, 503)
('ready', 31.7, 31.7, 503)
('read', 31.7, 31.7, 503)
('ready', 31.7, 31.7, 503)
('read', 31.7, 31.7, 503)
('read', 31.7, 31.7, 503)
('read', 31.7, 31.7, 503)
('read', 31.7, 31.7, 503)
('read', 31.7, 31.7, 503)
('ready', 31.7, 31.7, 503)
('read', 31.7, 31.7, 503)
('read', 31.7, 31.7, 503)
('ready', 31.7, 31.7, 503)
('read', 31.7, 31.7, 503)
('read', 31.7, 31.7, 503)
('read', 31.7, 31.7, 503)
('read', 31.7, 31.7, 503)
('ready', 31.7, 31.7, 503)
('read', 31.7, 31.7, 503)
('ready', 31.7, 31.7, 503)
('read', 31.7, 31.7, 503)
('read', 31.7, 31.7, 503)
('read', 31.7, 31.7, 503)
('ready', 31.7, 31.7, 503)
('read', 31.7, 31.7, 503)
('read', 31.7, 31.7, 503)
('read', 31.7, 31.7, 503)
('ready', 31.7, 31.7, 503)
('read', 31.7, 31.8, 503)
('ready', 31.7, 31.8, 503)
('read', 31.7, 31.8, 503)
('read', 31.7, 31.8, 503)
('read', 31.8, 31.8, 503)
('ready', 31.8, 31.8, 503)
('read', 31.8, 31.8, 503)
('read', 31.8, 31.8, 503)
('read', 31.8, 31.8, 503)
('read', 31.8, 31.8, 503)
('ready', 31.8, 31.8, 503)
('read', 31.8, 31.8, 503)
('read', 31.8, 31.8, 503)
('read', 31.8, 31.8, 503)
('read', 31.8, 31.8, 503)
('ready', 31.8, 31.8, 503)
('read', 31.8, 31.8, 503)
('ready', 31.8, 31.8, 503)
('read', 31.8, 31.8, 503)
('read', 31.8, 31.8, 503)
('read', 31.8, 31.8, 503)
('ready', 31.8, 31.8, 503)
('read', 31.8, 31.8, 503)
('read', 31.8, 31.8, 503)
('read', 31.8, 31.8, 503)
('ready', 31.8, 31.8, 503)
('read', 31.8, 31.8, 503)
('read', 31.8, 31.8, 503)
('read', 31.8, 31.8, 503)
('ready', 31.8, 31.8, 503)
('read', 31.8, 31.8, 503)
('read', 31.8, 31.8, 503)
('read', 31.8, 31.8, 503)
('ready', 31.8, 31.8, 503)
('read', 31.8, 31.8, 503)
('read', 31.8, 31.8, 503)
('read', 31.8, 31.8, 503)
('ready', 31.8, 31.8, 503)
('read', 31.8, 31.8, 503)
('read', 31.8, 31.8, 503)
('read', 31.8, 31.8, 503)
('ready', 31.8, 31.8, 503)
('read', 31.8, 31.8, 503)
('read', 31.8, 31.8, 503)
('read', 31.8, 31.8, 503)
('ready', 31.8, 31.8, 503)
('read', 31.8, 31.8, 503)
('read', 31.8, 31.8, 503)
('read', 31.8, 31.8, 503)
('ready', 31.8, 31.8, 503)
('read', 31.8, 31.8, 503)
('read', 31.8, 31.8, 503)
('read', 31.8, 31.8, 503)
('ready', 31.8, 31.8, 503)
('read', 31.8, 31.8, 503)
('ready', 31.8, 31.8, 503)
('read', 31.8, 31.8, 503)
('read', 31.8, 31.8, 503)
('ready', 31.8, 31.8, 503)
('read', 31.8, 31.8, 503)
('read', 31.8, 31.8, 503)
('read', 31.8, 31.8, 503)
('ready', 31.8, 31.9, 503)
('read', 31.8, 31.9, 503)
('read', 31.8, 31.9, 503)
('read', 31.8, 31.9, 503)
('ready', 31.9, 31.9, 503)
('read', 31.9, 31.9, 503)
('read', 31.9, 31.9, 503)
('read', 31.9, 31.9, 503)
('ready', 31.9, 31.9, 503)
('read', 31.9, 31.9, 503)
('read', 31.9, 31.9, 503)
('ready', 31.9, 31.9, 503)
('read', 31.9, 31.9, 503)
('read', 31.9, 31.9, 503)
('ready', 31.9, 31.9, 503)
('read', 31.9, 31.9, 503)
('read', 31.9, 31.9, 503)
('read', 31.9, 31.9, 503)
('read', 31.9, 31.9, 503)
('read', 31.9, 31.9, 503)
('ready', 31.9, 31.9, 503)
('read', 31.9, 31.9, 503)
('read', 31.9, 31.9, 503)
('ready', 31.9, 31.9, 503)
('read', 31.9, 31.9, 503)
('read', 31.9, 31.9, 503)
('read', 31.9, 31.9, 503)
('ready', 31.9, 31.9, 503)
('read', 31.9, 31.9, 503)
('read', 31.9, 31.9, 503)
('read', 31.9, 31.9, 503)
('read', 31.9, 31.9, 503)
('ready', 31.9, 31.9, 503)
('read', 31.9, 31.9, 503)
('read', 31.9, 31.9, 503)
('ready', 31.9, 31.9, 503)
('read', 31.9, 31.9, 503)
('read', 31.9, 31.9, 503)
('read', 31.9, 31.9, 503)
('ready', 31.9, 31.9, 503)
('read', 31.9, 31.9, 503)
('read', 31.9, 31.9, 503)
('read', 31.9, 31.9, 503)
('ready', 31.9, 31.9, 503)
('read', 31.9, 31.9, 503)
('read', 31.9, 31.9, 503)
('read', 31.9, 31.9, 503)
('read', 31.9, 31.9, 503)
('ready', 31.9, 31.9, 503)
('read', 31.9, 31.9, 503)
('read', 31.9, 31.9, 503)
('read', 31.9, 31.9, 503)
('ready', 31.9, 31.9, 503)
('read', 31.9, 31.9, 503)
('read', 31.9, 31.9, 503)
('ready', 31.9, 31.9, 503)
('read', 31.9, 31.9, 503)
('read', 31.9, 31.9, 503)
('read', 31.9, 31.9, 503)
('ready', 31.9, 31.9, 503)
('read', 31.9, 31.9, 503)
('read', 31.9, 32.0, 503)
('read', 31.9, 32.0, 503)
('ready', 31.9, 32.0, 503)
('read', 31.9, 32.0, 503)
('read', 32.0, 32.0, 503)
('read', 32.0, 32.0, 503)
('ready', 32.0, 32.0, 503)
('read', 32.0, 32.0, 503)
('read', 32.0, 32.0, 503)
('read', 32.0, 32.0, 503)
('ready', 32.0, 32.0, 503)
('read', 32.0, 32.0, 503)
('read', 32.0, 32.0, 503)
('read', 32.0, 32.0, 503)
('ready', 32.0, 32.0, 503)
('read', 32.0, 32.0, 503)
('read', 32.0, 32.0, 503)
('read', 32.0, 32.0, 503)
('ready', 32.0, 32.0, 503)
('read', 32.0, 32.0, 503)
('read', 32.0, 32.0, 503)
('read', 32.0, 32.0, 503)
('ready', 32.0, 32.0, 503)
('read', 32.0, 32.0, 503)
('read', 32.0, 32.0, 503)
('read', 32.0, 32.0, 503)
('ready', 32.0, 32.0, 503)
('read', 32.0, 32.0, 503)
('read', 32.0, 32.0, 503)
('read', 32.0, 32.0, 503)
('ready', 32.0, 32.0, 503)
('read', 32.0, 32.0, 503)
('ready', 32.0, 32.0, 503)
('read', 32.0, 32.0, 503)
('read', 32.0, 32.0, 503)
('read', 32.0, 32.0, 503)
('ready', 32.0, 32.0, 503)
('read', 32.0, 32.0, 503)
('read', 32.0, 32.0, 503)
('read', 32.0, 32.0, 503)
('ready', 32.0, 32.0, 503)
('read', 32.0, 32.0, 503)
('read', 32.0, 32.0, 503)
('read', 32.0, 32.0, 503)
('ready', 32.0, 32.0, 503)
('ready', 32.0, 32.0, 503)
('read', 32.0, 32.0, 503)
('read', 32.0, 32.0, 503)
('read', 32.0, 32.0, 503)
('ready', 32.0, 32.0, 503)
('read', 32.0, 32.0, 503)
('read', 32.0, 32.0, 503)
('read', 32.0, 32.0, 503)
('ready', 32.0, 32.0, 503)
('read', 32.0, 32.0, 503)
('ready', 32.0, 32.0, 503)
('read', 32.0, 32.0, 503)
('read', 32.0, 32.0, 503)
('ready', 32.0, 32.0, 503)
('read', 32.0, 32.0, 503)
('read', 32.0, 32.0, 503)
('read', 32.0, 32.0, 503)
('ready', 32.0, 32.0, 503)
('read', 32.0, 32.0, 503)
('read', 32.0, 32.1, 503)
('read', 32.0, 32.1, 503)
('ready', 32.0, 32.1, 503)
('read', 32.0, 32.1, 503)
('read', 32.1, 32.1, 503)
('read', 32.1, 32.1, 503)
('read', 32.1, 32.1, 503)
('ready', 32.1, 32.1, 503)
('read', 32.1, 32.1, 503)
('read', 32.1, 32.1, 503)
('ready', 32.1, 32.1, 503)
('read', 32.1, 32.1, 503)
('read', 32.1, 32.1, 503)
('read', 32.1, 32.1, 503)
('ready', 32.1, 32.1, 503)
('read', 32.1, 32.1, 503)
('read', 32.1, 32.1, 503)
('read', 32.1, 32.1, 503)
('read', 32.1, 32.1, 503)
('ready', 32.1, 32.1, 503)
('read', 32.1, 32.1, 503)
('read', 32.1, 32.1, 503)
('read', 32.1, 32.1, 503)
('ready', 32.1, 32.1, 503)
('read', 32.1, 32.1, 503)
('read', 32.1, 32.1, 503)
('ready', 32.1, 32.1, 503)
('read', 32.1, 32.1, 503)
('read', 32.1, 32.1, 503)
('read', 32.1, 32.1, 503)
('ready', 32.1, 32.1, 503)
('read', 32.1, 32.1, 503)
('read', 32.1, 32.1, 503)
('read', 32.1, 32.1, 503)
('read', 32.1, 32.1, 503)
('ready', 32.1, 32.1, 503)
('read', 32.1, 32.1, 503)
('read', 32.1, 32.1, 503)
('read', 32.1, 32.1, 503)
('ready', 32.1, 32.1, 503)
('read', 32.1, 32.1, 503)
('read', 32.1, 32.1, 503)
('read', 32.1, 32.1, 503)
('ready', 32.1, 32.1, 503)
('read', 32.1, 32.1, 503)
('read', 32.1, 32.1, 503)
('ready', 32.1, 32.1, 503)
('read', 32.1, 32.1, 503)
('read', 32.1, 32.1, 503)
('read', 32.1, 32.1, 503)
('read', 32.1, 32.1, 503)
('ready', 32.1, 32.1, 503)
('read', 32.1, 32.1, 503)
('read', 32.1, 32.1, 503)
('read', 32.1, 32.1, 503)
('ready', 32.1, 32.1, 503)
('read', 32.1, 32.1, 503)
('read', 32.1, 32.1, 503)
('ready', 32.1, 32.1, 503)
('read', 32.1, 32.1, 503)
('read', 32.1, 32.2, 503)
('read', 32.1, 32.2, 503)
('ready', 32.1, 32.2, 503)
('read', 32.1, 32.2, 503)
('read', 32.2, 32.2, 503)
('read', 32.2, 32.2, 503)
('ready', 32.2, 32.2, 503)
('read', 32.2, 32.2, 503)
('read', 32.2, 32.2, 503)
('read', 32.2, 32.2, 503)
('ready', 32.2, 32.2, 503)
('read', 32.2, 32.2, 503)
('read', 32.2, 32.2, 503)
('ready', 32.2, 32.2, 503)
('read', 32.2, 32.2, 503)
('read', 32.2, 32.2, 503)
('ready', 32.2, 32.2, 503)
('read', 32.2, 32.2, 503)
('read', 32.2, 32.2, 503)
('ready', 32.2, 32.2, 503)
('read', 32.2, 32.2, 503)
('read', 32.2, 32.2, 503)
('read', 32.2, 32.2, 503)
('read', 32.2, 32.2, 503)
('read', 32.2, 32.2, 503)
('read', 32.2, 32.2, 503)
('ready', 32.2, 32.2, 503)
('read', 32.2, 32.2, 503)
('read', 32.2, 32.2, 503)
('read', 32.2, 32.2, 503)
('ready', 32.2, 32.2, 503)
('read', 32.2, 32.2, 503)
('read', 32.2, 32.2, 503)
('read', 32.2, 32.2, 503)
('ready', 32.2, 32.2, 503)
('read', 32.2, 32.2, 503)
('read', 32.2, 32.2, 503)
('ready', 32.2, 32.2, 503)
('read', 32.2, 32.2, 503)
('read', 32.2, 32.2, 503)
('read', 32.2, 32.2, 503)
('read', 32.2, 32.2, 503)
('ready', 32.2, 32.2, 503)
('read', 32.2, 32.2, 503)
('ready', 32.2, 32.2, 503)
('read', 32.2, 32.2, 503)
('read', 32.2, 32.2, 503)
('read', 32.2, 32.2, 503)
('ready', 32.2, 32.2, 503)
('read', 32.2, 32.2, 503)
('read', 32.2, 32.2, 503)
('read', 32.2, 32.2, 503)
('ready', 32.2, 32.2, 503)
('read', 32.2, 32.2, 503)
('read', 32.2, 32.2, 503)
('read', 32.2, 32.2, 503)
('ready', 32.2, 32.2, 503)
('read', 32.2, 32.2, 503)
('read', 32.2, 32.3, 503)
('read', 32.2, 32.3, 503)
('ready', 32.2, 32.3, 503)
('read', 32.2, 32.3, 503)
('read', 32.3, 32.3, 503)
('read', 32.3, 32.3, 503)
('read', 32.3, 32.3, 503)
('ready', 32.3, 32.3, 503)
('read', 32.3, 32.3, 503)
('read', 32.3, 32.3, 503)
('read', 32.3, 32.3, 503)
('ready', 32.3, 32.3, 503)
('read', 32.3, 32.3, 503)
('read', 32.3, 32.3, 503)
('ready', 32.3, 32.3, 503)
('read', 32.3, 32.3, 503)
('read', 32.3, 32.3, 503)
('ready', 32.3, 32.3, 503)
('read', 32.3, 32.3, 503)
('read', 32.3, 32.3, 503)
('read', 32.3, 32.3, 503)
('ready', 32.3, 32.3, 503)
('read', 32.3, 32.3, 503)
('read', 32.3, 32.3, 503)
('read', 32.3, 32.3, 503)
('ready', 32.3, 32.3, 503)
('read', 32.3, 32.3, 503)
('read', 32.3, 32.3, 503)
('read', 32.3, 32.3, 503)
('ready', 32.3, 32.3, 503)
('read', 32.3, 32.3, 503)
('read', 32.3, 32.3, 503)
('ready', 32.3, 32.3, 503)
('read', 32.3, 32.3, 503)
('read', 32.3, 32.3, 503)
('read', 32.3, 32.3, 503)
('ready', 32.3, 32.3, 503)
('read', 32.3, 32.3, 503)
('read', 32.3, 32.3, 503)
('ready', 32.3, 32.3, 503)
('read', 32.3, 32.3, 503)
('read', 32.3, 32.3, 503)
('ready', 32.3, 32.3, 503)
('read', 32.3, 32.3, 503)
('read', 32.3, 32.3, 503)
('read', 32.3, 32.3, 503)
('ready', 32.3, 32.3, 503)
('read', 32.3, 32.3, 503)
('read', 32.3, 32.3, 503)
('read', 32.3, 32.3, 503)
('ready', 32.3, 32.3, 503)
('read', 32.3, 32.3, 503)
('ready', 32.3, 32.3, 503)
('read', 32.3, 32.3, 503)
('read', 32.3, 32.3, 503)
('read', 32.3, 32.3, 503)
('ready', 32.3, 32.3, 503)
('read', 32.3, 32.3, 503)
('read', 32.3, 32.3, 503)
('read', 32.3, 32.3, 503)
('ready', 32.3, 32.3, 503)
('read', 32.3, 32.3, 503)
('read', 32.3, 32.3, 503)
('ready', 32.3, 32.4, 503)
('read', 32.3, 32.4, 503)
('read', 32.3, 32.4, 503)
('read', 32.3, 32.4, 503)
('read', 32.4, 32.4, 503)
('ready', 32.4, 32.4, 503)
('read', 32.4, 32.4, 503)
('read', 32.4, 32.4, 503)
('ready', 32.4, 32.4, 503)
('read', 32.4, 32.4, 503)
('read', 32.4, 32.4, 503)
('read', 32.4, 32.4, 503)
('read', 32.4, 32.4, 503)
('ready', 32.4, 32.4, 503)
('read', 32.4, 32.4, 503)
('read', 32.4, 32.4, 503)
('ready', 32.4, 32.4, 503)
('read', 32.4, 32.4, 503)
('read', 32.4, 32.4, 503)
('read', 32.4, 32.4, 503)
('ready', 32.4, 32.4, 503)
('read', 32.4, 32.4, 503)
('read', 32.4, 32.4, 503)
('read', 32.4, 32.4, 503)
('ready', 32.4, 32.4, 503)
('read', 32.4, 32.4, 503)
('read', 32.4, 32.4, 503)
('read', 32.4, 32.4, 503)
('read', 32.4, 32.4, 503)
('ready', 32.4, 32.4, 503)
('read', 32.4, 32.4, 503)
('read', 32.4, 32.4, 503)
('read', 32.4, 32.4, 503)
('ready', 32.4, 32.4, 503)
('read', 32.4, 32.4, 503)
('read', 32.4, 32.4, 503)
('read', 32.4, 32.4, 503)
('ready', 32.4, 32.4, 503)
('read', 32.4, 32.4, 503)
('read', 32.4, 32.4, 503)
('read', 32.4, 32.4, 503)
('ready', 32.4, 32.4, 503)
('read', 32.4, 32.4, 503)
('read', 32.4, 32.4, 503)
('ready', 32.4, 32.4, 503)
('read', 32.4, 32.4, 503)
('read', 32.4, 32.4, 503)
('read', 32.4, 32.4, 503)
('ready', 32.4, 32.4, 503)
('read', 32.4, 32.4, 503)
('read', 32.4, 32.4, 503)
('read', 32.4, 32.4, 503)
('ready', 32.4, 32.4, 503)
('read', 32.4, 32.4, 503)
('read', 32.4, 32.4, 503)
('read', 32.4, 32.4, 503)
('ready', 32.4, 32.4, 503)
('read', 32.4, 32.4, 503)
('read', 32.4, 32.4, 503)
('read', 32.4, 32.4, 503)
('ready', 32.4, 32.4, 503)
('read', 32.4, 32.5, 503)
('read', 32.4, 32.5, 503)
('read', 32.4, 32.5, 503)
('ready', 32.4, 32.5, 503)
('read', 32.5, 32.5, 503)
('read', 32.5, 32.5, 503)
('ready', 32.5, 32.5, 503)
('read', 32.5, 32.5, 503)
('read', 32.5, 32.5, 503)
('read', 32.5, 32.5, 503)
('ready', 32.5, 32.5, 503)
('read', 32.5, 32.5, 503)
('read', 32.5, 32.5, 503)
('read', 32.5, 32.5, 503)
('ready', 32.5, 32.5, 503)
('read', 32.5, 32.5, 503)
('read', 32.5, 32.5, 503)
('read', 32.5, 32.5, 503)
('ready', 32.5, 32.5, 503)
('read', 32.5, 32.5, 503)
('read', 32.5, 32.5, 503)
('read', 32.5, 32.5, 503)
('read', 32.5, 32.5, 503)
('ready', 32.5, 32.5, 503)
('read', 32.5, 32.5, 503)
('read', 32.5, 32.5, 503)
('ready', 32.5, 32.5, 503)
('read', 32.5, 32.5, 503)
('read', 32.5, 32.5, 503)
('read', 32.5, 32.5, 503)
('ready', 32.5, 32.5, 503)
('read', 32.5, 32.5, 503)
('read', 32.5, 32.5, 503)
('read', 32.5, 32.5, 503)
('read', 32.5, 32.5, 503)
('ready', 32.5, 32.5, 503)
('read', 32.5, 32.6, 503)
('read', 32.5, 32.6, 503)
('read', 32.5, 32.6, 503)
('ready', 32.5, 32.6, 503)
('read', 32.6, 32.6, 503)
('read', 32.6, 32.6, 503)
('ready', 32.6, 32.6, 503)
('read', 32.6, 32.6, 503)
('read', 32.6, 32.6, 503)
('read', 32.6, 32.6, 503)
('read', 32.6, 32.6, 503)
('ready', 32.6, 32.6, 503)
('read', 32.6, 32.6, 503)
('read', 32.6, 32.6, 503)
('read', 32.6, 32.6, 503)
('ready', 32.6, 32.6, 503)
('read', 32.6, 32.6, 503)
('read', 32.6, 32.6, 503)
('read', 32.6, 32.6, 503)
('ready', 32.6, 32.6, 503)
('read', 32.6, 32.6, 503)
('read', 32.6, 32.6, 503)
('ready', 32.6, 32.6, 503)
('read', 32.6, 32.6, 503)
('read', 32.6, 32.6, 503)
('read', 32.6, 32.6, 503)
('read', 32.6, 32.6, 503)
('ready', 32.6, 32.6, 503)
('read', 32.6, 32.6, 503)
('read', 32.6, 32.6, 503)
('read', 32.6, 32.6, 503)
('ready', 32.6, 32.6, 503)
('read', 32.6, 32.6, 503)
('ready', 32.6, 32.6, 503)
('read', 32.6, 32.6, 503)
('read', 32.6, 32.6, 503)
('read', 32.6, 32.6, 503)
('ready', 32.6, 32.6, 503)
('read', 32.6, 32.6, 503)
('read', 32.6, 32.6, 503)
('read', 32.6, 32.6, 503)
('ready', 32.6, 32.6, 503)
('read', 32.6, 32.6, 503)
('read', 32.6, 32.6, 503)
('read', 32.6, 32.6, 503)
('ready', 32.6, 32.6, 503)
('read', 32.6, 32.6, 503)
('read', 32.6, 32.6, 503)
('read', 32.6, 32.6, 503)
('ready', 32.6, 32.6, 503)
('read', 32.6, 32.6, 503)
('read', 32.6, 32.6, 503)
('read', 32.6, 32.6, 503)
('ready', 32.6, 32.6, 503)
('read', 32.6, 32.7, 503)
('read', 32.6, 32.7, 503)
('read', 32.6, 32.7, 503)
('ready', 32.6, 32.7, 503)
('read', 32.7, 32.7, 503)
('read', 32.7, 32.7, 503)
('ready', 32.7, 32.7, 503)
('read', 32.7, 32.7, 503)
('read', 32.7, 32.7, 503)
('read', 32.7, 32.7, 503)
('ready', 32.7, 32.7, 503)
('read', 32.7, 32.7, 503)
('read', 32.7, 32.7, 503)
('read', 32.7, 32.7, 503)
('read', 32.7, 32.7, 503)
('ready', 32.7, 32.7, 503)
('read', 32.7, 32.7, 503)
('read', 32.7, 32.7, 503)
('ready', 32.7, 32.7, 503)
('read', 32.7, 32.7, 503)
('read', 32.7, 32.7, 503)
('read', 32.7, 32.7, 503)
('read', 32.7, 32.7, 503)
('ready', 32.7, 32.7, 503)
('read', 32.7, 32.7, 503)
('read', 32.7, 32.7, 503)
('read', 32.7, 32.7, 503)
('ready', 32.7, 32.7, 503)
('read', 32.7, 32.7, 503)
('read', 32.7, 32.7, 503)
('ready', 32.7, 32.7, 503)
('read', 32.7, 32.7, 503)
('read', 32.7, 32.7, 503)
('read', 32.7, 32.7, 503)
('ready', 32.7, 32.7, 503)
('read', 32.7, 32.7, 503)
('read', 32.7, 32.7, 503)
('read', 32.7, 32.7, 503)
('ready', 32.7, 32.7, 503)
('read', 32.7, 32.7, 503)
('read', 32.7, 32.7, 503)
('read', 32.7, 32.7, 503)
('ready', 32.7, 32.7, 503)
('read', 32.7, 32.7, 503)
('read', 32.7, 32.7, 503)
('read', 32.7, 32.7, 503)
('ready', 32.7, 32.7, 503)
('read', 32.7, 32.7, 503)
('read', 32.7, 32.7, 503)
('read', 32.7, 32.7, 503)
('ready', 32.7, 32.7, 503)
('read', 32.7, 32.7, 503)
('read', 32.7, 32.7, 503)
('read', 32.7, 32.7, 503)
('ready', 32.7, 32.7, 503)
('read', 32.7, 32.8, 503)
('ready', 32.7, 32.8, 503)
('read', 32.7, 32.8, 503)
('read', 32.7, 32.8, 503)
('read', 32.8, 32.8, 503)
('ready', 32.8, 32.8, 503)
('read', 32.8, 32.8, 503)
('read', 32.8, 32.8, 503)
('read', 32.8, 32.8, 503)
('ready', 32.8, 32.8, 503)
('read', 32.8, 32.8, 503)
('read', 32.8, 32.8, 503)
('read', 32.8, 32.8, 503)
('ready', 32.8, 32.8, 503)
('read', 32.8, 32.8, 503)
('read', 32.8, 32.8, 503)
('read', 32.8, 32.8, 503)
('read', 32.8, 32.8, 503)
('ready', 32.8, 32.8, 503)
('read', 32.8, 32.8, 503)
('read', 32.8, 32.8, 503)
('read', 32.8, 32.8, 503)
('ready', 32.8, 32.8, 503)
('read', 32.8, 32.8, 503)
('read', 32.8, 32.8, 503)
('read', 32.8, 32.8, 503)
('ready', 32.8, 32.8, 503)
('read', 32.8, 32.8, 503)
('read', 32.8, 32.8, 503)
('ready', 32.8, 32.8, 503)
('read', 32.8, 32.8, 503)
('read', 32.8, 32.8, 503)
('read', 32.8, 32.8, 503)
('read', 32.8, 32.8, 503)
('ready', 32.8, 32.8, 503)
('read', 32.8, 32.8, 503)
('read', 32.8, 32.8, 503)
('read', 32.8, 32.8, 503)
('ready', 32.8, 32.8, 503)
('read', 32.8, 32.8, 503)
('read', 32.8, 32.8, 503)
('ready', 32.8, 32.8, 503)
('read', 32.8, 32.8, 503)
('read', 32.8, 32.8, 503)
('read', 32.8, 32.8, 503)
('ready', 32.8, 32.8, 503)
('read', 32.8, 32.8, 503)
('read', 32.8, 32.8, 503)
('read', 32.8, 32.8, 503)
('ready', 32.8, 32.8, 503)
('read', 32.8, 32.8, 503)
('read', 32.8, 32.8, 503)
('read', 32.8, 32.8, 503)
('read', 32.8, 32.8, 503)
('ready', 32.8, 32.8, 503)
('read', 32.8, 32.8, 503)
('read', 32.8, 32.8, 503)
('read', 32.8, 32.8, 503)
('ready', 32.8, 32.8, 503)
('read', 32.8, 32.8, 503)
('read', 32.8, 32.8, 503)
('read', 32.8, 32.9, 503)
('ready', 32.8, 32.9, 503)
('read', 32.8, 32.9, 503)
('read', 32.8, 32.9, 503)
('read', 32.9, 32.9, 503)
('ready', 32.9, 32.9, 503)
('ready', 32.9, 32.9, 503)
('read', 32.9, 32.9, 503)
('read', 32.9, 32.9, 503)
('read', 32.9, 32.9, 503)
('ready', 32.9, 32.9, 503)
('read', 32.9, 32.9, 503)
('read', 32.9, 32.9, 503)
('read', 32.9, 32.9, 503)
('ready', 32.9, 32.9, 503)
('read', 32.9, 32.9, 503)
('read', 32.9, 32.9, 503)
('read', 32.9, 32.9, 503)
('ready', 32.9, 32.9, 503)
('read', 32.9, 32.9, 503)
('read', 32.9, 32.9, 503)
('read', 32.9, 32.9, 503)
('ready', 32.9, 32.9, 503)
('read', 32.9, 32.9, 503)
('read', 32.9, 32.9, 503)
('ready', 32.9, 32.9, 503)
('read', 32.9, 32.9, 503)
('read', 32.9, 32.9, 503)
('read', 32.9, 32.9, 503)
('read', 32.9, 32.9, 503)
('ready', 32.9, 32.9, 503)
('read', 32.9, 32.9, 503)
('read', 32.9, 32.9, 503)
('read', 32.9, 32.9, 503)
('ready', 32.9, 32.9, 503)
('read', 32.9, 32.9, 503)
('read', 32.9, 32.9, 503)
('ready', 32.9, 32.9, 503)
('read', 32.9, 32.9, 503)
('read', 32.9, 32.9, 503)
('read', 32.9, 32.9, 503)
('ready', 32.9, 32.9, 503)
('read', 32.9, 32.9, 503)
('read', 32.9, 32.9, 503)
('read', 32.9, 32.9, 503)
('read', 32.9, 32.9, 503)
('ready', 32.9, 32.9, 503)
('read', 32.9, 32.9, 503)
('read', 32.9, 32.9, 503)
('ready', 32.9, 32.9, 503)
('read', 32.9, 32.9, 503)
('read', 32.9, 32.9, 503)
('read', 32.9, 32.9, 503)
('read', 32.9, 32.9, 503)
('ready', 32.9, 32.9, 503)
('read', 32.9, 32.9, 503)
('ready', 32.9, 32.9, 503)
('read', 32.9, 32.9, 503)
('read', 32.9, 32.9, 503)
('read', 32.9, 32.9, 503)
('ready', 32.9, 33.0, 503)
('read', 32.9, 33.0, 503)
('read', 32.9, 33.0, 503)
('read', 32.9, 33.0, 503)
('ready', 33.0, 33.0, 503)
('read', 33.0, 33.0, 503)
('read', 33.0, 33.0, 503)
('read', 33.0, 33.0, 503)
('read', 33.0, 33.0, 503)
('ready', 33.0, 33.0, 503)
('read', 33.0, 33.0, 503)
('read', 33.0, 33.0, 503)
('ready', 33.0, 33.0, 503)
('read', 33.0, 33.0, 503)
('read', 33.0, 33.0, 503)
('read', 33.0, 33.0, 503)
('ready', 33.0, 33.0, 503)
('read', 33.0, 33.0, 503)
('read', 33.0, 33.0, 503)
('read', 33.0, 33.0, 503)
('read', 33.0, 33.0, 503)
('read', 33.0, 33.0, 503)
('ready', 33.0, 33.0, 503)
('read', 33.0, 33.0, 503)
('ready', 33.0, 33.0, 503)
('read', 33.0, 33.0, 503)
('read', 33.0, 33.0, 503)
('read', 33.0, 33.0, 503)
('read', 33.0, 33.0, 503)
('read', 33.0, 33.0, 503)
('ready', 33.0, 33.0, 503)
('read', 33.0, 33.0, 503)
('read', 33.0, 33.0, 503)
('read', 33.0, 33.0, 503)
('read', 33.0, 33.0, 503)
('ready', 33.0, 33.0, 503)
('read', 33.0, 33.0, 503)
('read', 33.0, 33.0, 503)
('read', 33.0, 33.0, 503)
('read', 33.0, 33.0, 503)
('ready', 33.0, 33.0, 503)
('ready', 33.0, 33.0, 503)
('read', 33.0, 33.0, 503)
('read', 33.0, 33.0, 503)
('read', 33.0, 33.0, 503)
('ready', 33.0, 33.0, 503)
('read', 33.0, 33.0, 503)
('read', 33.0, 33.0, 503)
('read', 33.0, 33.0, 503)
('ready', 33.0, 33.0, 503)
('read', 33.0, 33.0, 503)
('read', 33.0, 33.0, 503)
('read', 33.0, 33.0, 503)
('ready', 33.0, 33.0, 503)
('read', 33.0, 33.0, 503)
('read', 33.0, 33.0, 503)
('read', 33.0, 33.0, 503)
('ready', 33.0, 33.0, 503)
('read', 33.0, 33.0, 503)
('read', 33.0, 33.0, 503)
('read', 33.0, 33.0, 503)
('read', 33.0, 33.1, 503)
('ready', 33.0, 33.1, 503)
('read', 33.0, 33.1, 503)
('read', 33.0, 33.1, 503)
('read', 33.1, 33.1, 503)
('ready', 33.1, 33.1, 503)
('read', 33.1, 33.1, 503)
('read', 33.1, 33.1, 503)
('read', 33.1, 33.1, 503)
('ready', 33.1, 33.1, 503)
('read', 33.1, 33.1, 503)
('read', 33.1, 33.1, 503)
('read', 33.1, 33.1, 503)
('ready', 33.1, 33.1, 503)
('read', 33.1, 33.1, 503)
('ready', 33.1, 33.1, 503)
('read', 33.1, 33.1, 503)
('read', 33.1, 33.1, 503)
('read', 33.1, 33.1, 503)
('read', 33.1, 33.1, 503)
('read', 33.1, 33.1, 503)
('ready', 33.1, 33.1, 503)
('read', 33.1, 33.1, 503)
('read', 33.1, 33.1, 503)
('read', 33.1, 33.1, 503)
('ready', 33.1, 33.1, 503)
('read', 33.1, 33.1, 503)
('read', 33.1, 33.1, 503)
('read', 33.1, 33.1, 503)
('ready', 33.1, 33.1, 503)
('read', 33.1, 33.1, 503)
('read', 33.1, 33.1, 503)
('read', 33.1, 33.1, 503)
('read', 33.1, 33.1, 503)
('ready', 33.1, 33.1, 503)
('read', 33.1, 33.1, 503)
('read', 33.1, 33.1, 503)
('ready', 33.1, 33.1, 503)
('read', 33.1, 33.1, 503)
('read', 33.1, 33.1, 503)
('read', 33.1, 33.1, 503)
('read', 33.1, 33.1, 503)
('read', 33.1, 33.1, 503)
('ready', 33.1, 33.1, 503)
('read', 33.1, 33.1, 503)
('read', 33.1, 33.1, 503)
('read', 33.1, 33.1, 503)
('read', 33.1, 33.1, 503)
('ready', 33.1, 33.1, 503)
('read', 33.1, 33.1, 503)
('read', 33.1, 33.1, 503)
('ready', 33.1, 33.1, 503)
('read', 33.1, 33.1, 503)
('ready', 33.1, 33.1, 503)
('read', 33.1, 33.1, 503)
('read', 33.1, 33.1, 503)
('read', 33.1, 33.1, 503)
('read', 33.1, 33.1, 503)
('read', 33.1, 33.1, 503)
('read', 33.1, 33.1, 503)
('ready', 33.1, 33.1, 503)
('read', 33.1, 33.1, 503)
('read', 33.1, 33.1, 503)
('ready', 33.1, 33.1, 503)
('read', 33.1, 33.1, 503)
('ready', 33.1, 33.2, 503)
('read', 33.1, 33.2, 503)
('read', 33.1, 33.2, 503)
('read', 33.1, 33.2, 503)
('read', 33.2, 33.2, 503)
('ready', 33.2, 33.2, 503)
('read', 33.2, 33.2, 503)
('read', 33.2, 33.2, 503)
('ready', 33.2, 33.2, 503)
('read', 33.2, 33.2, 503)
('read', 33.2, 33.2, 503)
('read', 33.2, 33.2, 503)
('read', 33.2, 33.2, 503)
('read', 33.2, 33.2, 503)
('ready', 33.2, 33.2, 503)
('read', 33.2, 33.2, 503)
('ready', 33.2, 33.2, 503)
('read', 33.2, 33.2, 503)
('read', 33.2, 33.2, 503)
('read', 33.2, 33.2, 503)
('read', 33.2, 33.2, 503)
('read', 33.2, 33.2, 503)
('read', 33.2, 33.2, 503)
('ready', 33.2, 33.2, 503)
('read', 33.2, 33.2, 503)
('ready', 33.2, 33.2, 503)
('read', 33.2, 33.2, 503)
('read', 33.2, 33.2, 503)
('read', 33.2, 33.2, 503)
('read', 33.2, 33.2, 503)
('ready', 33.2, 33.2, 503)
('read', 33.2, 33.2, 503)
('read', 33.2, 33.2, 503)
('read', 33.2, 33.2, 503)
('ready', 33.2, 33.2, 503)
('read', 33.2, 33.2, 503)
('read', 33.2, 33.2, 503)
('read', 33.2, 33.2, 503)
('read', 33.2, 33.2, 503)
('ready', 33.2, 33.2, 503)
('read', 33.2, 33.2, 503)
('read', 33.2, 33.2, 503)
('read', 33.2, 33.2, 503)
('ready', 33.2, 33.2, 503)
('read', 33.2, 33.2, 503)
('read', 33.2, 33.2, 503)
('read', 33.2, 33.2, 503)
('ready', 33.2, 33.2, 503)
('read', 33.2, 33.2, 503)
('read', 33.2, 33.2, 503)
('read', 33.2, 33.2, 503)
('ready', 33.2, 33.2, 503)
('read', 33.2, 33.2, 503)
('read', 33.2, 33.2, 503)
('ready', 33.2, 33.2, 503)
('read', 33.2, 33.2, 503)
('read', 33.2, 33.2, 503)
('read', 33.2, 33.2, 503)
('read', 33.2, 33.2, 503)
('ready', 33.2, 33.2, 503)
('read', 33.2, 33.3, 503)
('read', 33.2, 33.3, 503)
('ready', 33.2, 33.3, 503)
('read', 33.2, 33.3, 503)
('read', 33.3, 33.3, 503)
('read', 33.3, 33.3, 503)
('ready', 33.3, 33.3, 503)
('read', 33.3, 33.3, 503)
('read', 33.3, 33.3, 503)
('ready', 33.3, 33.3, 503)
('read', 33.3, 33.3, 503)
('read', 33.3, 33.3, 503)
('read', 33.3, 33.3, 503)
('read', 33.3, 33.3, 503)
('read', 33.3, 33.3, 503)
('ready', 33.3, 33.3, 503)
('read', 33.3, 33.3, 503)
('read', 33.3, 33.3, 503)
('ready', 33.3, 33.3, 503)
('read', 33.3, 33.3, 503)
('read', 33.3, 33.3, 503)
('read', 33.3, 33.3, 503)
('ready', 33.3, 33.3, 503)
('read', 33.3, 33.3, 503)
('read', 33.3, 33.3, 503)
('ready', 33.3, 33.3, 503)
('read', 33.3, 33.3, 503)
('read', 33.3, 33.3, 503)
('read', 33.3, 33.3, 503)
('ready', 33.3, 33.3, 503)
('read', 33.3, 33.3, 503)
('read', 33.3, 33.3, 503)
('read', 33.3, 33.3, 503)
('ready', 33.3, 33.3, 503)
('read', 33.3, 33.3, 503)
('read', 33.3, 33.3, 503)
('read', 33.3, 33.3, 503)
('read', 33.3, 33.3, 503)
('read', 33.3, 33.3, 503)
('ready', 33.3, 33.3, 503)
('read', 33.3, 33.3, 503)
('read', 33.3, 33.3, 503)
('read', 33.3, 33.3, 503)
('ready', 33.3, 33.3, 503)
('read', 33.3, 33.3, 503)
('read', 33.3, 33.3, 503)
('read', 33.3, 33.3, 503)
('read', 33.3, 33.3, 503)
('ready', 33.3, 33.3, 503)
('read', 33.3, 33.3, 503)
('read', 33.3, 33.3, 503)
('read', 33.3, 33.3, 503)
('read', 33.3, 33.3, 503)
('ready', 33.3, 33.3, 503)
('ready', 33.3, 33.3, 503)
('read', 33.3, 33.3, 503)
('read', 33.3, 33.3, 503)
('read', 33.3, 33.3, 503)
('ready', 33.3, 33.3, 503)
('read', 33.3, 33.4, 503)
('read', 33.3, 33.4, 503)
('read', 33.3, 33.4, 503)
('ready', 33.3, 33.4, 503)
('read', 33.4, 33.4, 503)
('ready', 33.4, 33.4, 503)
('read', 33.4, 33.4, 503)
('read', 33.4, 33.4, 503)
('read', 33.4, 33.4, 503)
('read', 33.4, 33.4, 503)
('read', 33.4, 33.4, 503)
('ready', 33.4, 33.4, 503)
('read', 33.4, 33.4, 503)
('ready', 33.4, 33.4, 503)
('read', 33.4, 33.4, 503)
('read', 33.4, 33.4, 503)
('read', 33.4, 33.4, 503)
('read', 33.4, 33.4, 503)
('read', 33.4, 33.4, 503)
('ready', 33.4, 33.4, 503)
('read', 33.4, 33.4, 503)
('read', 33.4, 33.4, 503)
('ready', 33.4, 33.4, 503)
('read', 33.4, 33.4, 503)
('read', 33.4, 33.4, 503)
('ready', 33.4, 33.4, 503)
('read', 33.4, 33.4, 503)
('read', 33.4, 33.4, 503)
('read', 33.4, 33.4, 503)
('ready', 33.4, 33.4, 503)
('read', 33.4, 33.4, 503)
('read', 33.4, 33.4, 503)
('read', 33.4, 33.4, 503)
('ready', 33.4, 33.4, 503)
('read', 33.4, 33.4, 503)
('read', 33.4, 33.4, 503)
('read', 33.4, 33.4, 503)
('ready', 33.4, 33.4, 503)
('read', 33.4, 33.4, 503)
('read', 33.4, 33.4, 503)
('read', 33.4, 33.4, 503)
('ready', 33.4, 33.4, 503)
('read', 33.4, 33.4, 503)
('read', 33.4, 33.4, 503)
('read', 33.4, 33.4, 503)
('read', 33.4, 33.4, 503)
('ready', 33.4, 33.4, 503)
('read', 33.4, 33.4, 503)
('read', 33.4, 33.4, 503)
('ready', 33.4, 33.4, 503)
('read', 33.4, 33.4, 503)
('read', 33.4, 33.4, 503)
('read', 33.4, 33.4, 503)
('ready', 33.4, 33.4, 503)
('read', 33.4, 33.4, 503)
('read', 33.4, 33.4, 503)
('ready', 33.4, 33.4, 503)
('read', 33.4, 33.4, 503)
('read', 33.4, 33.4, 503)
('read', 33.4, 33.4, 503)
('ready', 33.4, 33.4, 503)
('read', 33.4, 33.4, 503)
('read', 33.4, 33.5, 503)
('ready', 33.4, 33.5, 503)
('read', 33.4, 33.5, 503)
('read', 33.4, 33.5, 503)
('ready', 33.5, 33.5, 503)
('read', 33.5, 33.5, 503)
('read', 33.5, 33.5, 503)
('read', 33.5, 33.5, 503)
('ready', 33.5, 33.5, 503)
('read', 33.5, 33.5, 503)
('read', 33.5, 33.5, 503)
('ready', 33.5, 33.5, 503)
('read', 33.5, 33.5, 503)
('read', 33.5, 33.5, 503)
('read', 33.5, 33.5, 503)
('ready', 33.5, 33.5, 503)
('read', 33.5, 33.5, 503)
('read', 33.5, 33.5, 503)
('read', 33.5, 33.5, 503)
('read', 33.5, 33.5, 503)
('ready', 33.5, 33.5, 503)
('read', 33.5, 33.5, 503)
('read', 33.5, 33.5, 503)
('read', 33.5, 33.5, 503)
('read', 33.5, 33.5, 503)
('read', 33.5, 33.5, 503)
('ready', 33.5, 33.5, 503)
('read', 33.5, 33.5, 503)
('read', 33.5, 33.5, 503)
('read', 33.5, 33.5, 503)
('ready', 33.5, 33.5, 503)
('read', 33.5, 33.5, 503)
('read', 33.5, 33.5, 503)
('read', 33.5, 33.5, 503)
('ready', 33.5, 33.5, 503)
('read', 33.5, 33.5, 503)
('read', 33.5, 33.5, 503)
('read', 33.5, 33.5, 503)
('ready', 33.5, 33.5, 503)
('read', 33.5, 33.5, 503)
('ready', 33.5, 33.5, 503)
('read', 33.5, 33.5, 503)
('read', 33.5, 33.5, 503)
('read', 33.5, 33.5, 503)
('ready', 33.5, 33.5, 503)
('read', 33.5, 33.5, 503)
('read', 33.5, 33.5, 503)
('read', 33.5, 33.5, 503)
('ready', 33.5, 33.5, 503)
('read', 33.5, 33.5, 503)
('read', 33.5, 33.5, 503)
('read', 33.5, 33.5, 503)
('ready', 33.5, 33.5, 503)
('read', 33.5, 33.5, 503)
('read', 33.5, 33.5, 503)
('read', 33.5, 33.5, 503)
('ready', 33.5, 33.5, 503)
('read', 33.5, 33.5, 503)
('read', 33.5, 33.5, 503)
('read', 33.5, 33.5, 503)
('ready', 33.5, 33.5, 503)
('read', 33.5, 33.5, 503)
('read', 33.5, 33.6, 503)
('read', 33.5, 33.6, 503)
('ready', 33.5, 33.6, 503)
('read', 33.5, 33.6, 503)
('read', 33.6, 33.6, 503)
('read', 33.6, 33.6, 503)
('ready', 33.6, 33.6, 503)
('read', 33.6, 33.6, 503)
('read', 33.6, 33.6, 503)
('read', 33.6, 33.6, 503)
('ready', 33.6, 33.6, 503)
('read', 33.6, 33.6, 503)
('read', 33.6, 33.6, 503)
('ready', 33.6, 33.6, 503)
('read', 33.6, 33.6, 503)
('read', 33.6, 33.6, 503)
('read', 33.6, 33.6, 503)
('read', 33.6, 33.6, 503)
('read', 33.6, 33.6, 503)
('ready', 33.6, 33.6, 503)
('read', 33.6, 33.6, 503)
('read', 33.6, 33.6, 503)
('read', 33.6, 33.6, 503)
('ready', 33.6, 33.6, 503)
('read', 33.6, 33.6, 503)
('read', 33.6, 33.6, 503)
('read', 33.6, 33.6, 503)
('ready', 33.6, 33.6, 503)
('read', 33.6, 33.6, 503)
('read', 33.6, 33.6, 503)
('ready', 33.6, 33.6, 503)
('read', 33.6, 33.6, 503)
('read', 33.6, 33.6, 503)
('read', 33.6, 33.6, 503)
('read', 33.6, 33.6, 503)
('ready', 33.6, 33.6, 503)
('read', 33.6, 33.6, 503)
('read', 33.6, 33.6, 503)
('read', 33.6, 33.6, 503)
('ready', 33.6, 33.6, 503)
('read', 33.6, 33.6, 503)
('read', 33.6, 33.6, 503)
('read', 33.6, 33.6, 503)
('ready', 33.6, 33.6, 503)
('read', 33.6, 33.6, 503)
('read', 33.6, 33.6, 503)
('ready', 33.6, 33.6, 503)
('read', 33.6, 33.6, 503)
('read', 33.6, 33.6, 503)
('ready', 33.6, 33.6, 503)
('read', 33.6, 33.6, 503)
('read', 33.6, 33.6, 503)
('read', 33.6, 33.6, 503)
('ready', 33.6, 33.6, 503)
('read', 33.6, 33.6, 503)
('read', 33.6, 33.6, 503)
('read', 33.6, 33.6, 503)
('ready', 33.6, 33.6, 503)
('read', 33.6, 33.6, 503)
('read', 33.6, 33.6, 503)
('ready', 33.6, 33.6, 503)
('read', 33.6, 33.6, 503)
('read', 33.6, 33.7, 503)
('read', 33.6, 33.7, 503)
('read', 33.6, 33.7, 503)
('ready', 33.6, 33.7, 503)
('ready', 33.7, 33.7, 503)
('read', 33.7, 33.7, 503)
('read', 33.7, 33.7, 503)
('read', 33.7, 33.7, 503)
('ready', 33.7, 33.7, 503)
('ready', 33.7, 33.7, 503)
('read', 33.7, 33.7, 503)
('read', 33.7, 33.7, 503)
('read', 33.7, 33.7, 503)
('ready', 33.7, 33.7, 503)
('ready', 33.7, 33.7, 503)
('read', 33.7, 33.7, 503)
('read', 33.7, 33.7, 503)
('read', 33.7, 33.7, 503)
('read', 33.7, 33.7, 503)
('ready', 33.7, 33.7, 503)
('read', 33.7, 33.7, 503)
('read', 33.7, 33.7, 503)
('read', 33.7, 33.7, 503)
('ready', 33.7, 33.7, 503)
('read', 33.7, 33.7, 503)
('read', 33.7, 33.7, 503)
('ready', 33.7, 33.7, 503)
('read', 33.7, 33.7, 503)
('read', 33.7, 33.7, 503)
('read', 33.7, 33.7, 503)
('ready', 33.7, 33.7, 503)
('ready', 33.7, 33.7, 503)
('read', 33.7, 33.7, 503)
('read', 33.7, 33.7, 503)
('read', 33.7, 33.7, 503)
('ready', 33.7, 33.7, 503)
('read', 33.7, 33.7, 503)
('read', 33.7, 33.7, 503)
('read', 33.7, 33.7, 503)
('ready', 33.7, 33.7, 503)
('read', 33.7, 33.7, 503)
('read', 33.7, 33.7, 503)
('read', 33.7, 33.7, 503)
('ready', 33.7, 33.8, 503)
('read', 33.7, 33.8, 503)
('read', 33.7, 33.8, 503)
('read', 33.7, 33.8, 503)
('ready', 33.8, 33.8, 503)
('read', 33.8, 33.8, 503)
('read', 33.8, 33.8, 503)
('read', 33.8, 33.8, 503)
('ready', 33.8, 33.8, 503)
('read', 33.8, 33.8, 503)
('ready', 33.8, 33.8, 503)
('read', 33.8, 33.8, 503)
('read', 33.8, 33.8, 503)
('read', 33.8, 33.8, 503)
('ready', 33.8, 33.8, 503)
('read', 33.8, 33.8, 503)
('read', 33.8, 33.8, 503)
('read', 33.8, 33.8, 503)
('read', 33.8, 33.8, 503)
('read', 33.8, 33.8, 503)
('ready', 33.8, 33.8, 503)
('read', 33.8, 33.8, 503)
('read', 33.8, 33.8, 503)
('read', 33.8, 33.8, 503)
('read', 33.8, 33.8, 503)
('ready', 33.8, 33.8, 503)
('read', 33.8, 33.8, 503)
('read', 33.8, 33.8, 503)
('read', 33.8, 33.8, 503)
('ready', 33.8, 33.8, 503)
('ready', 33.8, 33.8, 503)
('read', 33.8, 33.8, 503)
('read', 33.8, 33.8, 503)
('read', 33.8, 33.8, 503)
('ready', 33.8, 33.8, 503)
('read', 33.8, 33.8, 503)
('read', 33.8, 33.8, 503)
('read', 33.8, 33.8, 503)
('ready', 33.8, 33.8, 503)
('read', 33.8, 33.8, 503)
('read', 33.8, 33.8, 503)
('ready', 33.8, 33.8, 503)
('read', 33.8, 33.8, 503)
('read', 33.8, 33.8, 503)
('read', 33.8, 33.8, 503)
('ready', 33.8, 33.8, 503)
('read', 33.8, 33.8, 503)
('read', 33.8, 33.8, 503)
('ready', 33.8, 33.8, 503)
('read', 33.8, 33.8, 503)
('read', 33.8, 33.8, 503)
('read', 33.8, 33.8, 503)
('ready', 33.8, 33.8, 503)
('read', 33.8, 33.8, 503)
('read', 33.8, 33.8, 503)
('read', 33.8, 33.8, 503)
('read', 33.8, 33.8, 503)
('read', 33.8, 33.8, 503)
('ready', 33.8, 33.8, 503)
('read', 33.8, 33.8, 503)
('ready', 33.8, 33.8, 503)
('read', 33.8, 33.9, 503)
('read', 33.8, 33.9, 503)
('ready', 33.8, 33.9, 503)
('read', 33.8, 33.9, 503)
('read', 33.9, 33.9, 503)
('read', 33.9, 33.9, 503)
('read', 33.9, 33.9, 503)
('read', 33.9, 33.9, 503)
('read', 33.9, 33.9, 503)
('ready', 33.9, 33.9, 503)
('read', 33.9, 33.9, 503)
('read', 33.9, 33.9, 503)
('ready', 33.9, 33.9, 503)
('read', 33.9, 33.9, 503)
('read', 33.9, 33.9, 503)
('read', 33.9, 33.9, 503)
('read', 33.9, 33.9, 503)
('ready', 33.9, 33.9, 503)
('read', 33.9, 33.9, 503)
('read', 33.9, 33.9, 503)
('read', 33.9, 33.9, 503)
('ready', 33.9, 33.9, 503)
('read', 33.9, 33.9, 503)
('read', 33.9, 33.9, 503)
('read', 33.9, 33.9, 503)
('ready', 33.9, 33.9, 503)
('read', 33.9, 33.9, 503)
('read', 33.9, 33.9, 503)
('read', 33.9, 33.9, 503)
('read', 33.9, 33.9, 503)
('ready', 33.9, 33.9, 503)
('read', 33.9, 33.9, 503)
('read', 33.9, 33.9, 503)
('read', 33.9, 33.9, 503)
('ready', 33.9, 33.9, 503)
('read', 33.9, 33.9, 503)
('read', 33.9, 33.9, 503)
('read', 33.9, 33.9, 503)
('ready', 33.9, 33.9, 503)
('read', 33.9, 33.9, 503)
('read', 33.9, 33.9, 503)
('ready', 33.9, 33.9, 503)
('read', 33.9, 33.9, 503)
('read', 33.9, 33.9, 503)
('read', 33.9, 33.9, 503)
('ready', 33.9, 33.9, 503)
('read', 33.9, 33.9, 503)
('read', 33.9, 33.9, 503)
('read', 33.9, 33.9, 503)
('read', 33.9, 33.9, 503)
('ready', 33.9, 33.9, 503)
('read', 33.9, 33.9, 503)
('read', 33.9, 33.9, 503)
('ready', 33.9, 33.9, 503)
('read', 33.9, 33.9, 503)
('read', 33.9, 33.9, 503)
('ready', 33.9, 33.9, 503)
('read', 33.9, 33.9, 503)
('read', 33.9, 33.9, 503)
('read', 33.9, 33.9, 503)
('read', 33.9, 34.0, 503)
('ready', 33.9, 34.0, 503)
('read', 33.9, 34.0, 503)
('read', 33.9, 34.0, 503)
('ready', 34.0, 34.0, 503)
('read', 34.0, 34.0, 503)
('read', 34.0, 34.0, 503)
('read', 34.0, 34.0, 503)
('ready', 34.0, 34.0, 503)
('read', 34.0, 34.0, 503)
('read', 34.0, 34.0, 503)
('ready', 34.0, 34.0, 503)
('read', 34.0, 34.0, 503)
('read', 34.0, 34.0, 503)
('read', 34.0, 34.0, 503)
('ready', 34.0, 34.0, 503)
('read', 34.0, 34.0, 503)
('read', 34.0, 34.0, 503)
('read', 34.0, 34.0, 503)
('ready', 34.0, 34.0, 503)
('read', 34.0, 34.0, 503)
('read', 34.0, 34.0, 503)
('read', 34.0, 34.0, 503)
('ready', 34.0, 34.0, 503)
('read', 34.0, 34.0, 503)
('read', 34.0, 34.0, 503)
('read', 34.0, 34.0, 503)
('ready', 34.0, 34.0, 503)
('read', 34.0, 34.0, 503)
('read', 34.0, 34.0, 503)
('ready', 34.0, 34.0, 503)
('read', 34.0, 34.0, 503)
('read', 34.0, 34.0, 503)
('read', 34.0, 34.0, 503)
('ready', 34.0, 34.0, 503)
('read', 34.0, 34.0, 503)
('read', 34.0, 34.0, 503)
('read', 34.0, 34.0, 503)
('read', 34.0, 34.0, 503)
('ready', 34.0, 34.0, 503)
('read', 34.0, 34.0, 503)
('read', 34.0, 34.0, 503)
('read', 34.0, 34.0, 503)
('ready', 34.0, 34.1, 503)
('read', 34.0, 34.1, 503)
('read', 34.0, 34.1, 503)
('read', 34.0, 34.1, 503)
('ready', 34.1, 34.1, 503)
('read', 34.1, 34.1, 503)
('read', 34.1, 34.1, 503)
('read', 34.1, 34.1, 503)
('ready', 34.1, 34.1, 503)
('read', 34.1, 34.1, 503)
('read', 34.1, 34.1, 503)
('read', 34.1, 34.1, 503)
('ready', 34.1, 34.1, 503)
('read', 34.1, 34.1, 503)
('read', 34.1, 34.1, 503)
('read', 34.1, 34.1, 503)
('ready', 34.1, 34.1, 503)
('read', 34.1, 34.1, 503)
('read', 34.1, 34.1, 503)
('ready', 34.1, 34.1, 503)
('read', 34.1, 34.1, 503)
('read', 34.1, 34.1, 503)
('read', 34.1, 34.1, 503)
('read', 34.1, 34.1, 503)
('ready', 34.1, 34.1, 503)
('read', 34.1, 34.1, 503)
('read', 34.1, 34.1, 503)
('ready', 34.1, 34.1, 503)
('read', 34.1, 34.1, 503)
('read', 34.1, 34.1, 503)
('read', 34.1, 34.1, 503)
('ready', 34.1, 34.1, 503)
('read', 34.1, 34.1, 503)
('read', 34.1, 34.1, 503)
('read', 34.1, 34.1, 503)
('ready', 34.1, 34.1, 503)
('read', 34.1, 34.1, 503)
('read', 34.1, 34.1, 503)
('read', 34.1, 34.1, 503)
('ready', 34.1, 34.1, 503)
('read', 34.1, 34.1, 503)
('read', 34.1, 34.1, 503)
('read', 34.1, 34.1, 503)
('ready', 34.1, 34.1, 503)
('read', 34.1, 34.1, 503)
('read', 34.1, 34.1, 503)
('read', 34.1, 34.1, 503)
('read', 34.1, 34.2, 503)
('ready', 34.1, 34.2, 503)
('read', 34.1, 34.2, 503)
('read', 34.1, 34.2, 503)
('ready', 34.2, 34.2, 503)
('read', 34.2, 34.2, 503)
('read', 34.2, 34.2, 503)
('read', 34.2, 34.2, 503)
('ready', 34.2, 34.2, 503)
('read', 34.2, 34.2, 503)
('read', 34.2, 34.2, 503)
('read', 34.2, 34.2, 503)
('ready', 34.2, 34.2, 503)
('read', 34.2, 34.2, 503)
('read', 34.2, 34.2, 503)
('read', 34.2, 34.2, 503)
('read', 34.2, 34.2, 503)
('ready', 34.2, 34.2, 503)
('read', 34.2, 34.2, 503)
('ready', 34.2, 34.2, 503)
('read', 34.2, 34.2, 503)
('read', 34.2, 34.2, 503)
('read', 34.2, 34.2, 503)
('read', 34.2, 34.2, 503)
('read', 34.2, 34.2, 503)
('ready', 34.2, 34.2, 503)
('read', 34.2, 34.2, 503)
('read', 34.2, 34.2, 503)
('read', 34.2, 34.2, 503)
('ready', 34.2, 34.2, 503)
('read', 34.2, 34.2, 503)
('read', 34.2, 34.2, 503)
('read', 34.2, 34.2, 503)
('read', 34.2, 34.2, 503)
('ready', 34.2, 34.2, 503)
('read', 34.2, 34.2, 503)
('read', 34.2, 34.2, 503)
('read', 34.2, 34.2, 503)
('read', 34.2, 34.2, 503)
('ready', 34.2, 34.2, 503)
('read', 34.2, 34.2, 503)
('read', 34.2, 34.2, 503)
('read', 34.2, 34.3, 503)
('read', 34.2, 34.3, 503)
('ready', 34.2, 34.3, 503)
('read', 34.2, 34.3, 503)
('read', 34.3, 34.3, 503)
('ready', 34.3, 34.3, 503)
('read', 34.3, 34.3, 503)
('read', 34.3, 34.3, 503)
('read', 34.3, 34.3, 503)
('read', 34.3, 34.3, 503)
('ready', 34.3, 34.3, 503)
('read', 34.3, 34.3, 503)
('read', 34.3, 34.3, 503)
('ready', 34.3, 34.3, 503)
('read', 34.3, 34.3, 503)
('read', 34.3, 34.3, 503)
('ready', 34.3, 34.3, 503)
('read', 34.3, 34.3, 503)
('read', 34.3, 34.3, 503)
('read', 34.3, 34.3, 503)
('ready', 34.3, 34.3, 503)
('read', 34.3, 34.3, 503)
('read', 34.3, 34.3, 503)
('read', 34.3, 34.3, 503)
('ready', 34.3, 34.3, 503)
('read', 34.3, 34.3, 503)
('read', 34.3, 34.3, 503)
('read', 34.3, 34.3, 503)
('ready', 34.3, 34.3, 503)
('read', 34.3, 34.3, 503)
('read', 34.3, 34.3, 503)
('ready', 34.3, 34.3, 503)
('read', 34.3, 34.3, 503)
('read', 34.3, 34.3, 503)
('read', 34.3, 34.3, 503)
('ready', 34.3, 34.3, 503)
('read', 34.3, 34.3, 503)
('read', 34.3, 34.3, 503)
('ready', 34.3, 34.3, 503)
('read', 34.3, 34.3, 503)
('read', 34.3, 34.3, 503)
('read', 34.3, 34.3, 503)
('ready', 34.3, 34.3, 503)
('read', 34.3, 34.3, 503)
('read', 34.3, 34.3, 503)
('read', 34.3, 34.4, 503)
('ready', 34.3, 34.4, 503)
('read', 34.3, 34.4, 503)
('read', 34.3, 34.4, 503)
('ready', 34.4, 34.4, 503)
('read', 34.4, 34.4, 503)
('read', 34.4, 34.4, 503)
('read', 34.4, 34.4, 503)
('ready', 34.4, 34.4, 503)
('read', 34.4, 34.4, 503)
('ready', 34.4, 34.4, 503)
('read', 34.4, 34.4, 503)
('read', 34.4, 34.4, 503)
('read', 34.4, 34.4, 503)
('ready', 34.4, 34.4, 503)
('read', 34.4, 34.4, 503)
('read', 34.4, 34.4, 503)
('read', 34.4, 34.4, 503)
('ready', 34.4, 34.4, 503)
('read', 34.4, 34.4, 503)
('read', 34.4, 34.4, 503)
('read', 34.4, 34.4, 503)
('ready', 34.4, 34.4, 503)
('read', 34.4, 34.4, 503)
('read', 34.4, 34.4, 503)
('read', 34.4, 34.4, 503)
('ready', 34.4, 34.4, 503)
('read', 34.4, 34.4, 503)
('read', 34.4, 34.4, 503)
('read', 34.4, 34.4, 503)
('read', 34.4, 34.4, 503)
('ready', 34.4, 34.4, 503)
('read', 34.4, 34.4, 503)
('read', 34.4, 34.4, 503)
('read', 34.4, 34.4, 503)
('ready', 34.4, 34.4, 503)
('read', 34.4, 34.4, 503)
('read', 34.4, 34.4, 503)
('read', 34.4, 34.4, 503)
('read', 34.4, 34.4, 503)
('ready', 34.4, 34.4, 503)
('read', 34.4, 34.4, 503)
('read', 34.4, 34.4, 503)
('read', 34.4, 34.4, 503)
('ready', 34.4, 34.4, 503)
('read', 34.4, 34.4, 503)
('read', 34.4, 34.5, 503)
('read', 34.4, 34.5, 503)
('ready', 34.4, 34.5, 503)
('read', 34.4, 34.5, 503)
('read', 34.5, 34.5, 503)
('ready', 34.5, 34.5, 503)
('read', 34.5, 34.5, 503)
('read', 34.5, 34.5, 503)
('read', 34.5, 34.5, 503)
('ready', 34.5, 34.5, 503)
('read', 34.5, 34.5, 503)
('ready', 34.5, 34.5, 503)
('read', 34.5, 34.5, 503)
('read', 34.5, 34.5, 503)
('read', 34.5, 34.5, 503)
('ready', 34.5, 34.5, 503)
('read', 34.5, 34.5, 503)
('read', 34.5, 34.5, 503)
('read', 34.5, 34.5, 503)
('ready', 34.5, 34.5, 503)
('read', 34.5, 34.5, 503)
('read', 34.5, 34.5, 503)
('read', 34.5, 34.5, 503)
('ready', 34.5, 34.5, 503)
('read', 34.5, 34.5, 503)
('read', 34.5, 34.5, 503)
('read', 34.5, 34.5, 503)
('ready', 34.5, 34.5, 503)
('read', 34.5, 34.5, 503)
('read', 34.5, 34.5, 503)
('read', 34.5, 34.5, 503)
('ready', 34.5, 34.5, 503)
('read', 34.5, 34.5, 503)
('read', 34.5, 34.5, 503)
('read', 34.5, 34.5, 503)
('ready', 34.5, 34.5, 503)
('read', 34.5, 34.5, 503)
('read', 34.5, 34.5, 503)
('ready', 34.5, 34.5, 503)
('read', 34.5, 34.5, 503)
('read', 34.5, 34.5, 503)
('read', 34.5, 34.5, 503)
('read', 34.5, 34.5, 503)
('ready', 34.5, 34.5, 503)
('ready', 34.5, 34.6, 503)
('read', 34.5, 34.6, 503)
('read', 34.5, 34.6, 503)
('read', 34.5, 34.6, 503)
('ready', 34.6, 34.6, 503)
('read', 34.6, 34.6, 503)
('read', 34.6, 34.6, 503)
('ready', 34.6, 34.6, 503)
('read', 34.6, 34.6, 503)
('read', 34.6, 34.6, 503)
('read', 34.6, 34.6, 503)
('read', 34.6, 34.6, 503)
('ready', 34.6, 34.6, 503)
('read', 34.6, 34.6, 503)
('ready', 34.6, 34.6, 503)
('read', 34.6, 34.6, 503)
('read', 34.6, 34.6, 503)
('read', 34.6, 34.6, 503)
('ready', 34.6, 34.6, 503)
('read', 34.6, 34.6, 503)
('read', 34.6, 34.6, 503)
('read', 34.6, 34.6, 503)
('ready', 34.6, 34.6, 503)
('read', 34.6, 34.6, 503)
('read', 34.6, 34.6, 503)
('read', 34.6, 34.6, 503)
('ready', 34.6, 34.6, 503)
('read', 34.6, 34.6, 503)
('read', 34.6, 34.6, 503)
('ready', 34.6, 34.6, 503)
('read', 34.6, 34.6, 503)
('read', 34.6, 34.6, 503)
('read', 34.6, 34.6, 503)
('ready', 34.6, 34.6, 503)
('read', 34.6, 34.6, 503)
('read', 34.6, 34.6, 503)
('read', 34.6, 34.6, 503)
('ready', 34.6, 34.6, 503)
('read', 34.6, 34.6, 503)
('read', 34.6, 34.6, 503)
('read', 34.6, 34.6, 503)
('ready', 34.6, 34.6, 503)
('read', 34.6, 34.6, 503)
('read', 34.6, 34.6, 503)
('ready', 34.6, 34.6, 503)
('read', 34.6, 34.6, 503)
('read', 34.6, 34.6, 503)
('read', 34.6, 34.7, 503)
('ready', 34.6, 34.7, 503)
('read', 34.6, 34.7, 503)
('read', 34.6, 34.7, 503)
('read', 34.7, 34.7, 503)
('ready', 34.7, 34.7, 503)
('read', 34.7, 34.7, 503)
('read', 34.7, 34.7, 503)
('read', 34.7, 34.7, 503)
('ready', 34.7, 34.7, 503)
('read', 34.7, 34.7, 503)
('read', 34.7, 34.7, 503)
('read', 34.7, 34.7, 503)
('ready', 34.7, 34.7, 503)
('read', 34.7, 34.7, 503)
('read', 34.7, 34.7, 503)
('ready', 34.7, 34.7, 503)
('read', 34.7, 34.7, 503)
('read', 34.7, 34.7, 503)
('read', 34.7, 34.7, 503)
('read', 34.7, 34.7, 503)
('ready', 34.7, 34.7, 503)
('read', 34.7, 34.7, 503)
('read', 34.7, 34.7, 503)
('ready', 34.7, 34.7, 503)
('read', 34.7, 34.7, 503)
('ready', 34.7, 34.7, 503)
('read', 34.7, 34.7, 503)
('read', 34.7, 34.7, 503)
('read', 34.7, 34.7, 503)
('ready', 34.7, 34.7, 503)
('read', 34.7, 34.7, 503)
('read', 34.7, 34.7, 503)
('read', 34.7, 34.7, 503)
('ready', 34.7, 34.7, 503)
('read', 34.7, 34.7, 503)
('read', 34.7, 34.7, 503)
('read', 34.7, 34.7, 503)
('ready', 34.7, 34.7, 503)
('read', 34.7, 34.7, 503)
('read', 34.7, 34.7, 503)
('ready', 34.7, 34.8, 503)
('read', 34.7, 34.8, 503)
('read', 34.7, 34.8, 503)
('read', 34.7, 34.8, 503)
('ready', 34.8, 34.8, 503)
('read', 34.8, 34.8, 503)
('read', 34.8, 34.8, 503)
('read', 34.8, 34.8, 503)
('read', 34.8, 34.8, 503)
('read', 34.8, 34.8, 503)
('ready', 34.8, 34.8, 503)
('read', 34.8, 34.8, 503)
('read', 34.8, 34.8, 503)
('read', 34.8, 34.8, 503)
('ready', 34.8, 34.8, 503)
('read', 34.8, 34.8, 503)
('read', 34.8, 34.8, 503)
('read', 34.8, 34.8, 503)
('ready', 34.8, 34.8, 503)
('read', 34.8, 34.8, 503)
('read', 34.8, 34.8, 503)
('ready', 34.8, 34.8, 503)
('read', 34.8, 34.8, 503)
('read', 34.8, 34.8, 503)
('read', 34.8, 34.8, 503)
('read', 34.8, 34.8, 503)
('ready', 34.8, 34.8, 503)
('read', 34.8, 34.8, 503)
('read', 34.8, 34.8, 503)
('read', 34.8, 34.8, 503)
('ready', 34.8, 34.8, 503)
('read', 34.8, 34.8, 503)
('read', 34.8, 34.8, 503)
('read', 34.8, 34.8, 503)
('ready', 34.8, 34.8, 503)
('read', 34.8, 34.8, 503)
('read', 34.8, 34.8, 503)
('read', 34.8, 34.8, 503)
('ready', 34.8, 34.8, 503)
('read', 34.8, 34.8, 503)
('read', 34.8, 34.8, 503)
('ready', 34.8, 34.8, 503)
('read', 34.8, 34.8, 503)
('read', 34.8, 34.8, 503)
('read', 34.8, 34.8, 503)
('ready', 34.8, 34.8, 503)
('read', 34.8, 34.9, 503)
('read', 34.8, 34.9, 503)
('ready', 34.8, 34.9, 503)
('read', 34.8, 34.9, 503)
('read', 34.9, 34.9, 503)
('read', 34.9, 34.9, 503)
('ready', 34.9, 34.9, 503)
('read', 34.9, 34.9, 503)
('read', 34.9, 34.9, 503)
('read', 34.9, 34.9, 503)
('read', 34.9, 34.9, 503)
('read', 34.9, 34.9, 503)
('ready', 34.9, 34.9, 503)
('read', 34.9, 34.9, 503)
('ready', 34.9, 34.9, 503)
('read', 34.9, 34.9, 503)
('read', 34.9, 34.9, 503)
('ready', 34.9, 34.9, 503)
('read', 34.9, 34.9, 503)
('read', 34.9, 34.9, 503)
('read', 34.9, 34.9, 503)
('ready', 34.9, 34.9, 503)
('read', 34.9, 34.9, 503)
('read', 34.9, 34.9, 503)
('read', 34.9, 34.9, 503)
('ready', 34.9, 34.9, 503)
('read', 34.9, 34.9, 503)
('read', 34.9, 34.9, 503)
('read', 34.9, 34.9, 503)
('ready', 34.9, 34.9, 503)
('read', 34.9, 34.9, 503)
('read', 34.9, 34.9, 503)
('read', 34.9, 34.9, 503)
('read', 34.9, 34.9, 503)
('ready', 34.9, 34.9, 503)
('read', 34.9, 34.9, 503)
('read', 34.9, 34.9, 503)
('read', 34.9, 34.9, 503)
('ready', 34.9, 34.9, 503)
('read', 34.9, 34.9, 503)
('read', 34.9, 34.9, 503)
('read', 34.9, 34.9, 503)
('ready', 34.9, 34.9, 503)
('read', 34.9, 34.9, 503)
('read', 34.9, 34.9, 503)
('read', 34.9, 34.9, 503)
('ready', 34.9, 35.0, 503)
('read', 34.9, 35.0, 503)
('read', 34.9, 35.0, 503)
('read', 34.9, 35.0, 503)
('ready', 35.0, 35.0, 503)
('read', 35.0, 35.0, 503)
('read', 35.0, 35.0, 503)
('read', 35.0, 35.0, 503)
('ready', 35.0, 35.0, 503)
('read', 35.0, 35.0, 503)
('read', 35.0, 35.0, 503)
('read', 35.0, 35.0, 503)
('read', 35.0, 35.0, 503)
('ready', 35.0, 35.0, 503)
('read', 35.0, 35.0, 503)
('ready', 35.0, 35.0, 503)
('read', 35.0, 35.0, 503)
('read', 35.0, 35.0, 503)
('read', 35.0, 35.0, 503)
('ready', 35.0, 35.0, 503)
('read', 35.0, 35.0, 503)
('read', 35.0, 35.0, 503)
('ready', 35.0, 35.0, 503)
('read', 35.0, 35.0, 503)
('read', 35.0, 35.0, 503)
('read', 35.0, 35.0, 503)
('ready', 35.0, 35.0, 503)
('read', 35.0, 35.0, 503)
('read', 35.0, 35.0, 503)
('ready', 35.0, 35.0, 503)
('read', 35.0, 35.0, 503)
('read', 35.0, 35.0, 503)
('read', 35.0, 35.0, 503)
('ready', 35.0, 35.0, 503)
('read', 35.0, 35.0, 503)
('read', 35.0, 35.0, 503)
('read', 35.0, 35.0, 503)
('ready', 35.0, 35.0, 503)
('read', 35.0, 35.0, 503)
('read', 35.0, 35.0, 503)
('read', 35.0, 35.0, 503)
('ready', 35.0, 35.0, 503)
('read', 35.0, 35.0, 503)
('read', 35.0, 35.1, 503)
('read', 35.0, 35.1, 503)
('read', 35.0, 35.1, 503)
('ready', 35.0, 35.1, 503)
('read', 35.1, 35.1, 503)
('read', 35.1, 35.1, 503)
('read', 35.1, 35.1, 503)
('ready', 35.1, 35.1, 503)
('read', 35.1, 35.1, 503)
('read', 35.1, 35.1, 503)
('ready', 35.1, 35.1, 503)
('read', 35.1, 35.1, 503)
('read', 35.1, 35.1, 503)
('read', 35.1, 35.1, 503)
('read', 35.1, 35.1, 503)
('ready', 35.1, 35.1, 503)
('read', 35.1, 35.1, 503)
('read', 35.1, 35.1, 503)
('read', 35.1, 35.1, 503)
('read', 35.1, 35.1, 503)
('ready', 35.1, 35.1, 503)
('read', 35.1, 35.1, 503)
('read', 35.1, 35.1, 503)
('read', 35.1, 35.1, 503)
('read', 35.1, 35.1, 503)
('ready', 35.1, 35.1, 503)
('read', 35.1, 35.1, 503)
('read', 35.1, 35.1, 503)
('ready', 35.1, 35.1, 503)
('read', 35.1, 35.1, 503)
('read', 35.1, 35.1, 503)
('read', 35.1, 35.2, 503)
('ready', 35.1, 35.2, 503)
('read', 35.1, 35.2, 503)
('read', 35.1, 35.2, 503)
('read', 35.2, 35.2, 503)
('ready', 35.2, 35.2, 503)
('read', 35.2, 35.2, 503)
('read', 35.2, 35.2, 503)
('read', 35.2, 35.2, 503)
('ready', 35.2, 35.2, 503)
('read', 35.2, 35.2, 503)
('read', 35.2, 35.2, 503)
('ready', 35.2, 35.2, 503)
('read', 35.2, 35.2, 503)
('read', 35.2, 35.2, 503)
('read', 35.2, 35.2, 503)
('ready', 35.2, 35.2, 503)
('read', 35.2, 35.2, 503)
('read', 35.2, 35.2, 503)
('read', 35.2, 35.2, 503)
('read', 35.2, 35.2, 503)
('read', 35.2, 35.2, 503)
('ready', 35.2, 35.2, 503)
('read', 35.2, 35.2, 503)
('read', 35.2, 35.2, 503)
('read', 35.2, 35.2, 503)
('ready', 35.2, 35.2, 503)
('read', 35.2, 35.2, 503)
('read', 35.2, 35.2, 503)
('read', 35.2, 35.2, 503)
('ready', 35.2, 35.2, 503)
('read', 35.2, 35.2, 503)
('read', 35.2, 35.2, 503)
('read', 35.2, 35.2, 503)
('read', 35.2, 35.2, 503)
('ready', 35.2, 35.2, 503)
('read', 35.2, 35.2, 503)
('read', 35.2, 35.2, 503)
('read', 35.2, 35.2, 503)
('ready', 35.2, 35.2, 503)
('read', 35.2, 35.2, 503)
('read', 35.2, 35.2, 503)
('read', 35.2, 35.3, 503)
('read', 35.2, 35.3, 503)
('ready', 35.2, 35.3, 503)
('read', 35.2, 35.3, 503)
('read', 35.3, 35.3, 503)
('read', 35.3, 35.3, 503)
('ready', 35.3, 35.3, 503)
('read', 35.3, 35.3, 503)
('read', 35.3, 35.3, 503)
('read', 35.3, 35.3, 503)
('ready', 35.3, 35.3, 503)
('read', 35.3, 35.3, 503)
('read', 35.3, 35.3, 503)
('read', 35.3, 35.3, 503)
('ready', 35.3, 35.3, 503)
('read', 35.3, 35.3, 503)
('read', 35.3, 35.3, 503)
('read', 35.3, 35.3, 503)
('ready', 35.3, 35.3, 503)
('read', 35.3, 35.3, 503)
('read', 35.3, 35.3, 503)
('read', 35.3, 35.3, 503)
('read', 35.3, 35.3, 503)
('ready', 35.3, 35.3, 503)
('read', 35.3, 35.3, 503)
('read', 35.3, 35.3, 503)
('read', 35.3, 35.3, 503)
('ready', 35.3, 35.3, 503)
('read', 35.3, 35.3, 503)
('read', 35.3, 35.3, 503)
('ready', 35.3, 35.3, 503)
('read', 35.3, 35.3, 503)
('read', 35.3, 35.3, 503)
('read', 35.3, 35.3, 503)
('read', 35.3, 35.3, 503)
('ready', 35.3, 35.3, 503)
('read', 35.3, 35.3, 503)
('read', 35.3, 35.3, 503)
('read', 35.3, 35.3, 503)
('ready', 35.3, 35.3, 503)
('read', 35.3, 35.3, 503)
('read', 35.3, 35.3, 503)
('read', 35.3, 35.3, 503)
('ready', 35.3, 35.4, 503)
('read', 35.3, 35.4, 503)
('read', 35.3, 35.4, 503)
('read', 35.3, 35.4, 503)
('ready', 35.4, 35.4, 503)
('read', 35.4, 35.4, 503)
('read', 35.4, 35.4, 503)
('read', 35.4, 35.4, 503)
('read', 35.4, 35.4, 503)
('ready', 35.4, 35.4, 503)
('read', 35.4, 35.4, 503)
('read', 35.4, 35.4, 503)
('read', 35.4, 35.4, 503)
('ready', 35.4, 35.4, 503)
('read', 35.4, 35.4, 503)
('read', 35.4, 35.4, 503)
('ready', 35.4, 35.4, 503)
('read', 35.4, 35.4, 503)
('read', 35.4, 35.4, 503)
('ready', 35.4, 35.4, 503)
('read', 35.4, 35.4, 503)
('read', 35.4, 35.4, 503)
('read', 35.4, 35.4, 503)
('read', 35.4, 35.4, 503)
('read', 35.4, 35.4, 503)
('ready', 35.4, 35.4, 503)
('read', 35.4, 35.4, 503)
('ready', 35.4, 35.4, 503)
('read', 35.4, 35.4, 503)
('read', 35.4, 35.4, 503)
('ready', 35.4, 35.4, 503)
('read', 35.4, 35.4, 503)
('read', 35.4, 35.4, 503)
('read', 35.4, 35.4, 503)
('ready', 35.4, 35.4, 503)
('read', 35.4, 35.4, 503)
('read', 35.4, 35.4, 503)
('ready', 35.4, 35.4, 503)
('read', 35.4, 35.4, 503)
('read', 35.4, 35.4, 503)
('ready', 35.4, 35.4, 503)
('read', 35.4, 35.5, 503)
('read', 35.4, 35.5, 503)
('ready', 35.4, 35.5, 503)
('read', 35.4, 35.5, 503)
('read', 35.5, 35.5, 503)
('read', 35.5, 35.5, 503)
('read', 35.5, 35.5, 503)
('ready', 35.5, 35.5, 503)
('read', 35.5, 35.5, 503)
('read', 35.5, 35.5, 503)
('read', 35.5, 35.5, 503)
('ready', 35.5, 35.5, 503)
('read', 35.5, 35.5, 503)
('read', 35.5, 35.5, 503)
('read', 35.5, 35.5, 503)
('ready', 35.5, 35.5, 503)
('read', 35.5, 35.5, 503)
('read', 35.5, 35.5, 503)
('ready', 35.5, 35.5, 503)
('read', 35.5, 35.5, 503)
('read', 35.5, 35.5, 503)
('ready', 35.5, 35.5, 503)
('read', 35.5, 35.5, 503)
('read', 35.5, 35.5, 503)
('read', 35.5, 35.5, 503)
('read', 35.5, 35.5, 503)
('ready', 35.5, 35.5, 503)
('read', 35.5, 35.5, 503)
('read', 35.5, 35.5, 503)
('read', 35.5, 35.5, 503)
('read', 35.5, 35.5, 503)
('ready', 35.5, 35.5, 503)
('read', 35.5, 35.5, 503)
('read', 35.5, 35.5, 503)
('read', 35.5, 35.5, 503)
('read', 35.5, 35.5, 503)
('ready', 35.5, 35.5, 503)
('read', 35.5, 35.5, 503)
('read', 35.5, 35.5, 503)
('ready', 35.5, 35.5, 503)
('read', 35.5, 35.5, 503)
('read', 35.5, 35.5, 503)
('read', 35.5, 35.6, 503)
('read', 35.5, 35.6, 503)
('ready', 35.5, 35.6, 503)
('read', 35.5, 35.6, 503)
('read', 35.6, 35.6, 503)
('read', 35.6, 35.6, 503)
('ready', 35.6, 35.6, 503)
('read', 35.6, 35.6, 503)
('read', 35.6, 35.6, 503)
('read', 35.6, 35.6, 503)
('ready', 35.6, 35.6, 503)
('read', 35.6, 35.6, 503)
('read', 35.6, 35.6, 503)
('read', 35.6, 35.6, 503)
('ready', 35.6, 35.6, 503)
('read', 35.6, 35.6, 503)
('read', 35.6, 35.6, 503)
('read', 35.6, 35.6, 503)
('ready', 35.6, 35.6, 503)
('read', 35.6, 35.6, 503)
('read', 35.6, 35.6, 503)
('read', 35.6, 35.6, 503)
('ready', 35.6, 35.6, 503)
('read', 35.6, 35.6, 503)
('read', 35.6, 35.6, 503)
('read', 35.6, 35.6, 503)
('ready', 35.6, 35.6, 503)
('read', 35.6, 35.6, 503)
('read', 35.6, 35.6, 503)
('read', 35.6, 35.6, 503)
('ready', 35.6, 35.6, 503)
('read', 35.6, 35.6, 503)
('read', 35.6, 35.6, 503)
('ready', 35.6, 35.6, 503)
('read', 35.6, 35.6, 503)
('read', 35.6, 35.6, 503)
('read', 35.6, 35.6, 503)
('read', 35.6, 35.6, 503)
('read', 35.6, 35.6, 503)
('ready', 35.6, 35.6, 503)
('read', 35.6, 35.6, 503)
('read', 35.6, 35.7, 503)
('read', 35.6, 35.7, 503)
('ready', 35.6, 35.7, 503)
('read', 35.6, 35.7, 503)
('read', 35.7, 35.7, 503)
('read', 35.7, 35.7, 503)
('ready', 35.7, 35.7, 503)
('read', 35.7, 35.7, 503)
('read', 35.7, 35.7, 503)
('read', 35.7, 35.7, 503)
('ready', 35.7, 35.7, 503)
('read', 35.7, 35.7, 503)
('read', 35.7, 35.7, 503)
('ready', 35.7, 35.7, 503)
('read', 35.7, 35.7, 503)
('read', 35.7, 35.7, 503)
('read', 35.7, 35.7, 503)
('ready', 35.7, 35.7, 503)
('read', 35.7, 35.7, 503)
('read', 35.7, 35.7, 503)
('ready', 35.7, 35.7, 503)
('read', 35.7, 35.7, 503)
('read', 35.7, 35.7, 503)
('read', 35.7, 35.7, 503)
('ready', 35.7, 35.7, 503)
('read', 35.7, 35.7, 503)
('read', 35.7, 35.7, 503)
('ready', 35.7, 35.7, 503)
('read', 35.7, 35.7, 503)
('read', 35.7, 35.7, 503)
('read', 35.7, 35.7, 503)
('read', 35.7, 35.7, 503)
('ready', 35.7, 35.7, 503)
('read', 35.7, 35.7, 503)
('read', 35.7, 35.7, 503)
('ready', 35.7, 35.7, 503)
('read', 35.7, 35.7, 503)
('read', 35.7, 35.7, 503)
('read', 35.7, 35.7, 503)
('ready', 35.7, 35.7, 503)
('read', 35.7, 35.7, 503)
('read', 35.7, 35.7, 503)
('ready', 35.7, 35.7, 503)
('read', 35.7, 35.7, 503)
('ready', 35.7, 35.8, 503)
('read', 35.7, 35.8, 503)
('read', 35.7, 35.8, 503)
('read', 35.7, 35.8, 503)
('read', 35.8, 35.8, 503)
('ready', 35.8, 35.8, 503)
('read', 35.8, 35.8, 503)
('read', 35.8, 35.8, 503)
('read', 35.8, 35.8, 503)
('read', 35.8, 35.8, 503)
('read', 35.8, 35.8, 503)
('ready', 35.8, 35.8, 503)
('read', 35.8, 35.8, 503)
('read', 35.8, 35.8, 503)
('read', 35.8, 35.8, 503)
('ready', 35.8, 35.8, 503)
('read', 35.8, 35.8, 503)
('read', 35.8, 35.8, 503)
('ready', 35.8, 35.8, 503)
('read', 35.8, 35.8, 503)
('read', 35.8, 35.8, 503)
('read', 35.8, 35.8, 503)
('ready', 35.8, 35.8, 503)
('read', 35.8, 35.8, 503)
('read', 35.8, 35.8, 503)
('read', 35.8, 35.8, 503)
('ready', 35.8, 35.8, 503)
('read', 35.8, 35.8, 503)
('read', 35.8, 35.8, 503)
('read', 35.8, 35.8, 503)
('ready', 35.8, 35.8, 503)
('read', 35.8, 35.8, 503)
('read', 35.8, 35.8, 503)
('read', 35.8, 35.8, 503)
('ready', 35.8, 35.8, 503)
('read', 35.8, 35.8, 503)
('read', 35.8, 35.8, 503)
('read', 35.8, 35.8, 503)
('ready', 35.8, 35.8, 503)
('read', 35.8, 35.8, 503)
('read', 35.8, 35.8, 503)
('read', 35.8, 35.8, 503)
('ready', 35.8, 35.9, 503)
('read', 35.8, 35.9, 503)
('read', 35.8, 35.9, 503)
('read', 35.8, 35.9, 503)
('ready', 35.9, 35.9, 503)
('read', 35.9, 35.9, 503)
('ready', 35.9, 35.9, 503)
('read', 35.9, 35.9, 503)
('read', 35.9, 35.9, 503)
('ready', 35.9, 35.9, 503)
('read', 35.9, 35.9, 503)
('read', 35.9, 35.9, 503)
('ready', 35.9, 35.9, 503)
('read', 35.9, 35.9, 503)
('read', 35.9, 35.9, 503)
('read', 35.9, 35.9, 503)
('read', 35.9, 35.9, 503)
('ready', 35.9, 35.9, 503)
('read', 35.9, 35.9, 503)
('read', 35.9, 35.9, 503)
('read', 35.9, 35.9, 503)
('ready', 35.9, 35.9, 503)
('read', 35.9, 35.9, 503)
('read', 35.9, 35.9, 503)
('read', 35.9, 35.9, 503)
('read', 35.9, 35.9, 503)
('ready', 35.9, 35.9, 503)
('read', 35.9, 35.9, 503)
('read', 35.9, 35.9, 503)
('ready', 35.9, 35.9, 503)
('read', 35.9, 35.9, 503)
('read', 35.9, 35.9, 503)
('read', 35.9, 35.9, 503)
('ready', 35.9, 35.9, 503)
('read', 35.9, 35.9, 503)
('read', 35.9, 35.9, 503)
('ready', 35.9, 35.9, 503)
('read', 35.9, 35.9, 503)
('read', 35.9, 35.9, 503)
('read', 35.9, 35.9, 503)
('read', 35.9, 35.9, 503)
('ready', 35.9, 35.9, 503)
('read', 35.9, 36.0, 503)
('read', 35.9, 36.0, 503)
('ready', 35.9, 36.0, 503)
('read', 35.9, 36.0, 503)
('read', 36.0, 36.0, 503)
('read', 36.0, 36.0, 503)
('read', 36.0, 36.0, 503)
('ready', 36.0, 36.0, 503)
('read', 36.0, 36.0, 503)
('read', 36.0, 36.0, 503)
('read', 36.0, 36.0, 503)
('ready', 36.0, 36.0, 503)
('read', 36.0, 36.0, 503)
('read', 36.0, 36.0, 503)
('read', 36.0, 36.0, 503)
('ready', 36.0, 36.0, 503)
('read', 36.0, 36.0, 503)
('read', 36.0, 36.0, 503)
('read', 36.0, 36.0, 503)
('read', 36.0, 36.0, 503)
('ready', 36.0, 36.0, 503)
('read', 36.0, 36.0, 503)
('read', 36.0, 36.0, 503)
('read', 36.0, 36.0, 503)
('read', 36.0, 36.0, 503)
('ready', 36.0, 36.0, 503)
('read', 36.0, 36.0, 503)
('read', 36.0, 36.0, 503)
('ready', 36.0, 36.0, 503)
('read', 36.0, 36.0, 503)
('read', 36.0, 36.0, 503)
('ready', 36.0, 36.0, 503)
('read', 36.0, 36.0, 503)
('read', 36.0, 36.0, 503)
('read', 36.0, 36.0, 503)
('ready', 36.0, 36.0, 503)
('read', 36.0, 36.0, 503)
('read', 36.0, 36.0, 503)
('read', 36.0, 36.0, 503)
('ready', 36.0, 36.0, 503)
('read', 36.0, 36.0, 503)
('read', 36.0, 36.0, 503)
('read', 36.0, 36.0, 503)
('ready', 36.0, 36.1, 503)
('read', 36.0, 36.1, 503)
('read', 36.0, 36.1, 503)
('read', 36.0, 36.1, 503)
('ready', 36.1, 36.1, 503)
('read', 36.1, 36.1, 503)
('ready', 36.1, 36.1, 503)
('read', 36.1, 36.1, 503)
('read', 36.1, 36.1, 503)
('read', 36.1, 36.1, 503)
('read', 36.1, 36.1, 503)
('ready', 36.1, 36.1, 503)
('read', 36.1, 36.1, 503)
('read', 36.1, 36.1, 503)
('read', 36.1, 36.1, 503)
('ready', 36.1, 36.1, 503)
('read', 36.1, 36.1, 503)
('read', 36.1, 36.1, 503)
('read', 36.1, 36.1, 503)
('read', 36.1, 36.1, 503)
('read', 36.1, 36.1, 503)
('ready', 36.1, 36.1, 503)
('read', 36.1, 36.1, 503)
('ready', 36.1, 36.1, 503)
('read', 36.1, 36.1, 503)
('read', 36.1, 36.1, 503)
('read', 36.1, 36.1, 503)
('ready', 36.1, 36.1, 503)
('read', 36.1, 36.1, 503)
('read', 36.1, 36.1, 503)
('read', 36.1, 36.1, 503)
('ready', 36.1, 36.1, 503)
('read', 36.1, 36.1, 503)
('read', 36.1, 36.1, 503)
('read', 36.1, 36.1, 503)
('read', 36.1, 36.1, 503)
('read', 36.1, 36.1, 503)
('ready', 36.1, 36.1, 503)
('read', 36.1, 36.1, 503)
('read', 36.1, 36.1, 503)
('read', 36.1, 36.1, 503)
('ready', 36.1, 36.1, 503)
('read', 36.1, 36.2, 503)
('read', 36.1, 36.2, 503)
('read', 36.1, 36.2, 503)
('ready', 36.1, 36.2, 503)
('read', 36.2, 36.2, 503)
('ready', 36.2, 36.2, 503)
('read', 36.2, 36.2, 503)
('read', 36.2, 36.2, 503)
('read', 36.2, 36.2, 503)
('read', 36.2, 36.2, 503)
('ready', 36.2, 36.2, 503)
('read', 36.2, 36.2, 503)
('read', 36.2, 36.2, 503)
('read', 36.2, 36.2, 503)
('ready', 36.2, 36.2, 503)
('read', 36.2, 36.2, 503)
('read', 36.2, 36.2, 503)
('ready', 36.2, 36.2, 503)
('read', 36.2, 36.2, 503)
('read', 36.2, 36.2, 503)
('read', 36.2, 36.2, 503)
('read', 36.2, 36.2, 503)
('ready', 36.2, 36.2, 503)
('read', 36.2, 36.2, 503)
('read', 36.2, 36.2, 503)
('ready', 36.2, 36.2, 503)
('read', 36.2, 36.2, 503)
('read', 36.2, 36.2, 503)
('ready', 36.2, 36.2, 503)
('read', 36.2, 36.2, 503)
('read', 36.2, 36.2, 503)
('read', 36.2, 36.2, 503)
('ready', 36.2, 36.2, 503)
('read', 36.2, 36.2, 503)
('read', 36.2, 36.2, 503)
('read', 36.2, 36.2, 503)
('ready', 36.2, 36.2, 503)
('read', 36.2, 36.2, 503)
('read', 36.2, 36.2, 503)
('read', 36.2, 36.2, 503)
('ready', 36.2, 36.2, 503)
('read', 36.2, 36.2, 503)
('read', 36.2, 36.3, 503)
('read', 36.2, 36.3, 503)
('ready', 36.2, 36.3, 503)
('read', 36.2, 36.3, 503)
('read', 36.3, 36.3, 503)
('read', 36.3, 36.3, 503)
('ready', 36.3, 36.3, 503)
('read', 36.3, 36.3, 503)
('read', 36.3, 36.3, 503)
('read', 36.3, 36.3, 503)
('ready', 36.3, 36.3, 503)
('read', 36.3, 36.3, 503)
('read', 36.3, 36.3, 503)
('read', 36.3, 36.3, 503)
('ready', 36.3, 36.3, 503)
('read', 36.3, 36.3, 503)
('read', 36.3, 36.3, 503)
('read', 36.3, 36.3, 503)
('ready', 36.3, 36.3, 503)
('read', 36.3, 36.3, 503)
('read', 36.3, 36.3, 503)
('read', 36.3, 36.3, 503)
('ready', 36.3, 36.3, 503)
('read', 36.3, 36.3, 503)
('read', 36.3, 36.3, 503)
('read', 36.3, 36.3, 503)
('read', 36.3, 36.3, 503)
('read', 36.3, 36.3, 503)
('ready', 36.3, 36.3, 503)
('read', 36.3, 36.3, 503)
('read', 36.3, 36.3, 503)
('read', 36.3, 36.3, 503)
('read', 36.3, 36.3, 503)
('ready', 36.3, 36.3, 503)
('read', 36.3, 36.3, 503)
('ready', 36.3, 36.3, 503)
('read', 36.3, 36.3, 503)
('read', 36.3, 36.3, 503)
('ready', 36.3, 36.3, 503)
('read', 36.3, 36.3, 503)
('read', 36.3, 36.3, 503)
('read', 36.3, 36.3, 503)
('ready', 36.3, 36.4, 503)
('read', 36.3, 36.4, 503)
('read', 36.3, 36.4, 503)
('read', 36.3, 36.4, 503)
('ready', 36.4, 36.4, 503)
('read', 36.4, 36.4, 503)
('read', 36.4, 36.4, 503)
('read', 36.4, 36.4, 503)
('ready', 36.4, 36.4, 503)
('read', 36.4, 36.4, 503)
('read', 36.4, 36.4, 503)
('ready', 36.4, 36.4, 503)
('read', 36.4, 36.4, 503)
('read', 36.4, 36.4, 503)
('read', 36.4, 36.4, 503)
('ready', 36.4, 36.4, 503)
('read', 36.4, 36.4, 503)
('read', 36.4, 36.4, 503)
('read', 36.4, 36.4, 503)
('read', 36.4, 36.4, 503)
('ready', 36.4, 36.4, 503)
('read', 36.4, 36.4, 503)
('read', 36.4, 36.4, 503)
('ready', 36.4, 36.4, 503)
('read', 36.4, 36.4, 503)
('read', 36.4, 36.4, 503)
('read', 36.4, 36.4, 503)
('ready', 36.4, 36.4, 503)
('read', 36.4, 36.4, 503)
('read', 36.4, 36.4, 503)
('read', 36.4, 36.4, 503)
('ready', 36.4, 36.4, 503)
('read', 36.4, 36.4, 503)
('read', 36.4, 36.4, 503)
('read', 36.4, 36.4, 503)
('read', 36.4, 36.4, 503)
('ready', 36.4, 36.4, 503)
('read', 36.4, 36.4, 503)
('read', 36.4, 36.4, 503)
('read', 36.4, 36.4, 503)
('ready', 36.4, 36.4, 503)
('read', 36.4, 36.4, 503)
('read', 36.4, 36.4, 503)
('read', 36.4, 36.5, 503)
('ready', 36.4, 36.5, 503)
('read', 36.4, 36.5, 503)
('read', 36.4, 36.5, 503)
('read', 36.5, 36.5, 503)
('ready', 36.5, 36.5, 503)
('read', 36.5, 36.5, 503)
('read', 36.5, 36.5, 503)
('ready', 36.5, 36.5, 503)
('read', 36.5, 36.5, 503)
('read', 36.5, 36.5, 503)
('read', 36.5, 36.5, 503)
('ready', 36.5, 36.5, 503)
('read', 36.5, 36.5, 503)
('read', 36.5, 36.5, 503)
('ready', 36.5, 36.5, 503)
('read', 36.5, 36.5, 503)
('read', 36.5, 36.5, 503)
('read', 36.5, 36.5, 503)
('ready', 36.5, 36.5, 503)
('read', 36.5, 36.5, 503)
('read', 36.5, 36.5, 503)
('read', 36.5, 36.5, 503)
('ready', 36.5, 36.5, 503)
('read', 36.5, 36.5, 503)
('read', 36.5, 36.5, 503)
('read', 36.5, 36.5, 503)
('ready', 36.5, 36.5, 503)
('read', 36.5, 36.5, 503)
('read', 36.5, 36.5, 503)
('read', 36.5, 36.5, 503)
('ready', 36.5, 36.5, 503)
('read', 36.5, 36.5, 503)
('read', 36.5, 36.5, 503)
('read', 36.5, 36.5, 503)
('ready', 36.5, 36.5, 503)
('read', 36.5, 36.5, 503)
('read', 36.5, 36.5, 503)
('read', 36.5, 36.5, 503)
('ready', 36.5, 36.5, 503)
('read', 36.5, 36.5, 503)
('read', 36.5, 36.5, 503)
('ready', 36.5, 36.5, 503)
('read', 36.5, 36.5, 503)
('read', 36.5, 36.6, 503)
('read', 36.5, 36.6, 503)
('ready', 36.5, 36.6, 503)
('read', 36.5, 36.6, 503)
('read', 36.6, 36.6, 503)
('read', 36.6, 36.6, 503)
('ready', 36.6, 36.6, 503)
('read', 36.6, 36.6, 503)
('read', 36.6, 36.6, 503)
('read', 36.6, 36.6, 503)
('ready', 36.6, 36.6, 503)
('read', 36.6, 36.6, 503)
('read', 36.6, 36.6, 503)
('ready', 36.6, 36.6, 503)
('read', 36.6, 36.6, 503)
('read', 36.6, 36.6, 503)
('read', 36.6, 36.6, 503)
('ready', 36.6, 36.6, 503)
('read', 36.6, 36.6, 503)
('read', 36.6, 36.6, 503)
('read', 36.6, 36.6, 503)
('ready', 36.6, 36.6, 503)
('read', 36.6, 36.6, 503)
('read', 36.6, 36.6, 503)
('read', 36.6, 36.6, 503)
('ready', 36.6, 36.6, 503)
('read', 36.6, 36.6, 503)
('read', 36.6, 36.6, 503)
('read', 36.6, 36.6, 503)
('ready', 36.6, 36.6, 503)
('read', 36.6, 36.7, 503)
('read', 36.6, 36.7, 503)
('read', 36.6, 36.7, 503)
('ready', 36.6, 36.7, 503)
('read', 36.7, 36.7, 503)
('ready', 36.7, 36.7, 503)
('read', 36.7, 36.7, 503)
('read', 36.7, 36.7, 503)
('read', 36.7, 36.7, 503)
('ready', 36.7, 36.7, 503)
('read', 36.7, 36.7, 503)
('read', 36.7, 36.7, 503)
('ready', 36.7, 36.7, 503)
('read', 36.7, 36.7, 503)
('read', 36.7, 36.7, 503)
('read', 36.7, 36.7, 503)
('ready', 36.7, 36.7, 503)
('read', 36.7, 36.7, 503)
('read', 36.7, 36.7, 503)
('read', 36.7, 36.7, 503)
('ready', 36.7, 36.7, 503)
('read', 36.7, 36.7, 503)
('read', 36.7, 36.7, 503)
('read', 36.7, 36.7, 503)
('ready', 36.7, 36.7, 503)
('read', 36.7, 36.7, 503)
('read', 36.7, 36.7, 503)
('read', 36.7, 36.7, 503)
('ready', 36.7, 36.7, 503)
('read', 36.7, 36.7, 503)
('read', 36.7, 36.7, 503)
('read', 36.7, 36.7, 503)
('ready', 36.7, 36.7, 503)
('read', 36.7, 36.7, 503)
('read', 36.7, 36.7, 503)
('read', 36.7, 36.7, 503)
('ready', 36.7, 36.7, 503)
('read', 36.7, 36.7, 503)
('read', 36.7, 36.7, 503)
('read', 36.7, 36.7, 503)
('ready', 36.7, 36.7, 503)
('read', 36.7, 36.7, 503)
('read', 36.7, 36.7, 503)
('ready', 36.7, 36.7, 503)
('read', 36.7, 36.7, 503)
('read', 36.7, 36.7, 503)
('read', 36.7, 36.7, 503)
('ready', 36.7, 36.8, 503)
('read', 36.7, 36.8, 503)
('read', 36.7, 36.8, 503)
('read', 36.7, 36.8, 503)
('ready', 36.8, 36.8, 503)
('read', 36.8, 36.8, 503)
('read', 36.8, 36.8, 503)
('read', 36.8, 36.8, 503)
('ready', 36.8, 36.8, 503)
('read', 36.8, 36.8, 503)
('read', 36.8, 36.8, 503)
('ready', 36.8, 36.8, 503)
('read', 36.8, 36.8, 503)
('read', 36.8, 36.8, 503)
('read', 36.8, 36.8, 503)
('ready', 36.8, 36.8, 503)
('read', 36.8, 36.8, 503)
('read', 36.8, 36.8, 503)
('read', 36.8, 36.8, 503)
('read', 36.8, 36.8, 503)
('ready', 36.8, 36.8, 503)
('read', 36.8, 36.8, 503)
('read', 36.8, 36.8, 503)
('ready', 36.8, 36.8, 503)
('read', 36.8, 36.8, 503)
('read', 36.8, 36.8, 503)
('ready', 36.8, 36.8, 503)
('read', 36.8, 36.8, 503)
('read', 36.8, 36.8, 503)
('read', 36.8, 36.8, 503)
('ready', 36.8, 36.8, 503)
('read', 36.8, 36.8, 503)
('read', 36.8, 36.8, 503)
('read', 36.8, 36.8, 503)
('ready', 36.8, 36.8, 503)
('read', 36.8, 36.8, 503)
('read', 36.8, 36.8, 503)
('read', 36.8, 36.8, 503)
('ready', 36.8, 36.8, 503)
('read', 36.8, 36.8, 503)
('read', 36.8, 36.8, 503)
('read', 36.8, 36.8, 503)
('ready', 36.8, 36.8, 503)
('read', 36.8, 36.8, 503)
('read', 36.8, 36.9, 503)
('read', 36.8, 36.9, 503)
('ready', 36.8, 36.9, 503)
('read', 36.8, 36.9, 503)
('read', 36.9, 36.9, 503)
('read', 36.9, 36.9, 503)
('ready', 36.9, 36.9, 503)
('read', 36.9, 36.9, 503)
('read', 36.9, 36.9, 503)
('read', 36.9, 36.9, 503)
('ready', 36.9, 36.9, 503)
('read', 36.9, 36.9, 503)
('read', 36.9, 36.9, 503)
('read', 36.9, 36.9, 503)
('read', 36.9, 36.9, 503)
('ready', 36.9, 36.9, 503)
('read', 36.9, 36.9, 503)
('read', 36.9, 36.9, 503)
('ready', 36.9, 36.9, 503)
('read', 36.9, 36.9, 503)
('read', 36.9, 36.9, 503)
('read', 36.9, 36.9, 503)
('ready', 36.9, 36.9, 503)
('read', 36.9, 36.9, 503)
('read', 36.9, 36.9, 503)
('read', 36.9, 36.9, 503)
('read', 36.9, 36.9, 503)
('ready', 36.9, 36.9, 503)
('read', 36.9, 36.9, 503)
('read', 36.9, 36.9, 503)
('read', 36.9, 36.9, 503)
('ready', 36.9, 36.9, 503)
('read', 36.9, 36.9, 503)
('read', 36.9, 36.9, 503)
('ready', 36.9, 36.9, 503)
('read', 36.9, 36.9, 503)
('read', 36.9, 36.9, 503)
('read', 36.9, 36.9, 503)
('read', 36.9, 36.9, 503)
('ready', 36.9, 36.9, 503)
('read', 36.9, 36.9, 503)
('read', 36.9, 36.9, 503)
('read', 36.9, 36.9, 503)
('read', 36.9, 36.9, 503)
('read', 36.9, 36.9, 503)
('read', 36.9, 36.9, 503)
('ready', 36.9, 36.9, 503)
('read', 36.9, 37.0, 503)
('ready', 36.9, 37.0, 503)
('read', 36.9, 37.0, 503)
('read', 36.9, 37.0, 503)
('read', 37.0, 37.0, 503)
('read', 37.0, 37.0, 503)
('ready', 37.0, 37.0, 503)
('read', 37.0, 37.0, 503)
('read', 37.0, 37.0, 503)
('read', 37.0, 37.0, 503)
('read', 37.0, 37.0, 503)
('ready', 37.0, 37.0, 503)
('read', 37.0, 37.0, 503)
('read', 37.0, 37.0, 503)
('read', 37.0, 37.0, 503)
('ready', 37.0, 37.0, 503)
('read', 37.0, 37.0, 503)
('read', 37.0, 37.0, 503)
('read', 37.0, 37.0, 503)
('ready', 37.0, 37.0, 503)
('read', 37.0, 37.0, 503)
('read', 37.0, 37.0, 503)
('read', 37.0, 37.0, 503)
('ready', 37.0, 37.0, 503)
('read', 37.0, 37.0, 503)
('read', 37.0, 37.0, 503)
('read', 37.0, 37.0, 503)
('ready', 37.0, 37.0, 503)
('read', 37.0, 37.0, 503)
('read', 37.0, 37.0, 503)
('read', 37.0, 37.0, 503)
('read', 37.0, 37.0, 503)
('read', 37.0, 37.0, 503)
('ready', 37.0, 37.0, 503)
('read', 37.0, 37.0, 503)
('read', 37.0, 37.0, 503)
('read', 37.0, 37.0, 503)
('ready', 37.0, 37.0, 503)
('read', 37.0, 37.0, 503)
('read', 37.0, 37.0, 503)
('read', 37.0, 37.0, 503)
('read', 37.0, 37.0, 503)
('ready', 37.0, 37.0, 503)
('read', 37.0, 37.0, 503)
('read', 37.0, 37.1, 503)
('ready', 37.0, 37.1, 503)
('read', 37.0, 37.1, 503)
('read', 37.0, 37.1, 503)
('read', 37.1, 37.1, 503)
('ready', 37.1, 37.1, 503)
('read', 37.1, 37.1, 503)
('read', 37.1, 37.1, 503)
('read', 37.1, 37.1, 503)
('ready', 37.1, 37.1, 503)
('read', 37.1, 37.1, 503)
('read', 37.1, 37.1, 503)
('read', 37.1, 37.1, 503)
('ready', 37.1, 37.1, 503)
('read', 37.1, 37.1, 503)
('read', 37.1, 37.1, 503)
('read', 37.1, 37.1, 503)
('ready', 37.1, 37.1, 503)
('read', 37.1, 37.1, 503)
('read', 37.1, 37.1, 503)
('read', 37.1, 37.1, 503)
('ready', 37.1, 37.1, 503)
('read', 37.1, 37.1, 503)
('read', 37.1, 37.1, 503)
('read', 37.1, 37.1, 503)
('ready', 37.1, 37.1, 503)
('read', 37.1, 37.1, 503)
('read', 37.1, 37.1, 503)
('read', 37.1, 37.1, 503)
('ready', 37.1, 37.1, 503)
('read', 37.1, 37.1, 503)
('ready', 37.1, 37.1, 503)
('read', 37.1, 37.1, 503)
('read', 37.1, 37.1, 503)
('read', 37.1, 37.1, 503)
('ready', 37.1, 37.1, 503)
('read', 37.1, 37.1, 503)
('read', 37.1, 37.1, 503)
('ready', 37.1, 37.1, 503)
('read', 37.1, 37.1, 503)
('ready', 37.1, 37.2, 503)
('read', 37.1, 37.2, 503)
('read', 37.1, 37.2, 503)
('read', 37.1, 37.2, 503)
('ready', 37.2, 37.2, 503)
('read', 37.2, 37.2, 503)
('read', 37.2, 37.2, 503)
('read', 37.2, 37.2, 503)
('ready', 37.2, 37.2, 503)
('read', 37.2, 37.2, 503)
('read', 37.2, 37.2, 503)
('read', 37.2, 37.2, 503)
('read', 37.2, 37.2, 503)
('ready', 37.2, 37.2, 503)
('read', 37.2, 37.2, 503)
('read', 37.2, 37.2, 503)
('ready', 37.2, 37.2, 503)
('read', 37.2, 37.2, 503)
('read', 37.2, 37.2, 503)
('read', 37.2, 37.2, 503)
('ready', 37.2, 37.2, 503)
('read', 37.2, 37.2, 503)
('read', 37.2, 37.2, 503)
('ready', 37.2, 37.2, 503)
('read', 37.2, 37.2, 503)
('read', 37.2, 37.2, 503)
('read', 37.2, 37.2, 503)
('read', 37.2, 37.2, 503)
('ready', 37.2, 37.2, 503)
('read', 37.2, 37.2, 503)
('read', 37.2, 37.2, 503)
('ready', 37.2, 37.2, 503)
('read', 37.2, 37.2, 503)
('read', 37.2, 37.2, 503)
('read', 37.2, 37.2, 503)
('ready', 37.2, 37.2, 503)
('read', 37.2, 37.2, 503)
('read', 37.2, 37.2, 503)
('read', 37.2, 37.2, 503)
('read', 37.2, 37.2, 503)
('ready', 37.2, 37.2, 503)
('read', 37.2, 37.2, 503)
('read', 37.2, 37.2, 503)
('read', 37.2, 37.3, 503)
('read', 37.2, 37.3, 503)
('read', 37.2, 37.3, 503)
('ready', 37.2, 37.3, 503)
('read', 37.3, 37.3, 503)
('ready', 37.3, 37.3, 503)
('read', 37.3, 37.3, 503)
('read', 37.3, 37.3, 503)
('read', 37.3, 37.3, 503)
('ready', 37.3, 37.3, 503)
('read', 37.3, 37.3, 503)
('read', 37.3, 37.3, 503)
('read', 37.3, 37.3, 503)
('ready', 37.3, 37.3, 503)
('read', 37.3, 37.3, 503)
('read', 37.3, 37.3, 503)
('read', 37.3, 37.3, 503)
('ready', 37.3, 37.3, 503)
('read', 37.3, 37.3, 503)
('read', 37.3, 37.3, 503)
('read', 37.3, 37.3, 503)
('ready', 37.3, 37.3, 503)
('read', 37.3, 37.3, 503)
('read', 37.3, 37.3, 503)
('read', 37.3, 37.3, 503)
('ready', 37.3, 37.3, 503)
('read', 37.3, 37.3, 503)
('read', 37.3, 37.3, 503)
('ready', 37.3, 37.3, 503)
('read', 37.3, 37.3, 503)
('read', 37.3, 37.3, 503)
('read', 37.3, 37.3, 503)
('ready', 37.3, 37.3, 503)
('read', 37.3, 37.3, 503)
('read', 37.3, 37.3, 503)
('read', 37.3, 37.3, 503)
('ready', 37.3, 37.3, 503)
('read', 37.3, 37.3, 503)
('read', 37.3, 37.3, 503)
('read', 37.3, 37.3, 503)
('read', 37.3, 37.3, 503)
('ready', 37.3, 37.3, 503)
('read', 37.3, 37.4, 503)
('read', 37.3, 37.4, 503)
('read', 37.3, 37.4, 503)
('ready', 37.3, 37.4, 503)
('ready', 37.4, 37.4, 503)
('read', 37.4, 37.4, 503)
('read', 37.4, 37.4, 503)
('read', 37.4, 37.4, 503)
('ready', 37.4, 37.4, 503)
('read', 37.4, 37.4, 503)
('read', 37.4, 37.4, 503)
('read', 37.4, 37.4, 503)
('ready', 37.4, 37.4, 503)
('read', 37.4, 37.4, 503)
('read', 37.4, 37.4, 503)
('read', 37.4, 37.4, 503)
('ready', 37.4, 37.4, 503)
('read', 37.4, 37.4, 503)
('read', 37.4, 37.4, 503)
('read', 37.4, 37.4, 503)
('ready', 37.4, 37.4, 503)
('read', 37.4, 37.4, 503)
('read', 37.4, 37.4, 503)
('read', 37.4, 37.4, 503)
('ready', 37.4, 37.4, 503)
('read', 37.4, 37.4, 503)
('ready', 37.4, 37.4, 503)
('read', 37.4, 37.4, 503)
('read', 37.4, 37.4, 503)
('read', 37.4, 37.4, 503)
('read', 37.4, 37.4, 503)
('ready', 37.4, 37.4, 503)
('read', 37.4, 37.4, 503)
('read', 37.4, 37.4, 503)
('ready', 37.4, 37.4, 503)
('read', 37.4, 37.4, 503)
('read', 37.4, 37.4, 503)
('read', 37.4, 37.4, 503)
('ready', 37.4, 37.4, 503)
('read', 37.4, 37.4, 503)
('read', 37.4, 37.4, 503)
('read', 37.4, 37.4, 503)
('ready', 37.4, 37.4, 503)
('read', 37.4, 37.4, 503)
('ready', 37.4, 37.4, 503)
('read', 37.4, 37.4, 503)
('read', 37.4, 37.4, 503)
('read', 37.4, 37.5, 503)
('read', 37.4, 37.5, 503)
('read', 37.4, 37.5, 503)
('ready', 37.4, 37.5, 503)
('read', 37.5, 37.5, 503)
('read', 37.5, 37.5, 503)
('ready', 37.5, 37.5, 503)
('read', 37.5, 37.5, 503)
('read', 37.5, 37.5, 503)
('read', 37.5, 37.5, 503)
('read', 37.5, 37.5, 503)
('ready', 37.5, 37.5, 503)
('read', 37.5, 37.5, 503)
('read', 37.5, 37.5, 503)
('read', 37.5, 37.5, 503)
('ready', 37.5, 37.5, 503)
('read', 37.5, 37.5, 503)
('read', 37.5, 37.5, 503)
('read', 37.5, 37.5, 503)
('read', 37.5, 37.5, 503)
('read', 37.5, 37.5, 503)
('ready', 37.5, 37.5, 503)
('read', 37.5, 37.5, 503)
('read', 37.5, 37.5, 503)
('ready', 37.5, 37.5, 503)
('read', 37.5, 37.5, 503)
('read', 37.5, 37.5, 503)
('read', 37.5, 37.5, 503)
('ready', 37.5, 37.5, 503)
('read', 37.5, 37.5, 503)
('read', 37.5, 37.5, 503)
('read', 37.5, 37.5, 503)
('ready', 37.5, 37.5, 503)
('read', 37.5, 37.5, 503)
('read', 37.5, 37.5, 503)
('read', 37.5, 37.5, 503)
('ready', 37.5, 37.5, 503)
('read', 37.5, 37.5, 503)
('read', 37.5, 37.5, 503)
('read', 37.5, 37.5, 503)
('read', 37.5, 37.5, 503)
('ready', 37.5, 37.5, 503)
('read', 37.5, 37.5, 503)
('read', 37.5, 37.5, 503)
('read', 37.5, 37.6, 503)
('read', 37.5, 37.6, 503)
('ready', 37.5, 37.6, 503)
('read', 37.5, 37.6, 503)
('read', 37.6, 37.6, 503)
('read', 37.6, 37.6, 503)
('ready', 37.6, 37.6, 503)
('read', 37.6, 37.6, 503)
('read', 37.6, 37.6, 503)
('ready', 37.6, 37.6, 503)
('read', 37.6, 37.6, 503)
('read', 37.6, 37.6, 503)
('read', 37.6, 37.6, 503)
('ready', 37.6, 37.6, 503)
('read', 37.6, 37.6, 503)
('ready', 37.6, 37.6, 503)
('read', 37.6, 37.6, 503)
('read', 37.6, 37.6, 503)
('ready', 37.6, 37.6, 503)
('read', 37.6, 37.6, 503)
('read', 37.6, 37.6, 503)
('read', 37.6, 37.6, 503)
('read', 37.6, 37.6, 503)
('ready', 37.6, 37.6, 503)
('read', 37.6, 37.6, 503)
('read', 37.6, 37.6, 503)
('read', 37.6, 37.6, 503)
('ready', 37.6, 37.6, 503)
('read', 37.6, 37.6, 503)
('read', 37.6, 37.6, 503)
('read', 37.6, 37.6, 503)
('read', 37.6, 37.6, 503)
('ready', 37.6, 37.6, 503)
('read', 37.6, 37.6, 503)
('read', 37.6, 37.6, 503)
('read', 37.6, 37.6, 503)
('read', 37.6, 37.6, 503)
('read', 37.6, 37.6, 503)
('ready', 37.6, 37.6, 503)
('read', 37.6, 37.6, 503)
('read', 37.6, 37.6, 503)
('read', 37.6, 37.6, 503)
('ready', 37.6, 37.6, 503)
('read', 37.6, 37.6, 503)
('read', 37.6, 37.6, 503)
('read', 37.6, 37.6, 503)
('ready', 37.6, 37.7, 503)
('read', 37.6, 37.7, 503)
('read', 37.6, 37.7, 503)
('read', 37.6, 37.7, 503)
('ready', 37.7, 37.7, 503)
('read', 37.7, 37.7, 503)
('read', 37.7, 37.7, 503)
('ready', 37.7, 37.7, 503)
('read', 37.7, 37.7, 503)
('read', 37.7, 37.7, 503)
('read', 37.7, 37.7, 503)
('read', 37.7, 37.7, 503)
('ready', 37.7, 37.7, 503)
('read', 37.7, 37.7, 503)
('read', 37.7, 37.7, 503)
('read', 37.7, 37.7, 503)
('ready', 37.7, 37.7, 503)
('read', 37.7, 37.7, 503)
('read', 37.7, 37.7, 503)
('read', 37.7, 37.7, 503)
('ready', 37.7, 37.7, 503)
('read', 37.7, 37.7, 503)
('read', 37.7, 37.7, 503)
('read', 37.7, 37.7, 503)
('ready', 37.7, 37.7, 503)
('read', 37.7, 37.7, 503)
('read', 37.7, 37.7, 503)
('read', 37.7, 37.7, 503)
('ready', 37.7, 37.7, 503)
('read', 37.7, 37.7, 503)
('read', 37.7, 37.7, 503)
('ready', 37.7, 37.7, 503)
('read', 37.7, 37.7, 503)
('read', 37.7, 37.7, 503)
('read', 37.7, 37.7, 503)
('ready', 37.7, 37.7, 503)
('read', 37.7, 37.7, 503)
('read', 37.7, 37.7, 503)
('read', 37.7, 37.7, 503)
('ready', 37.7, 37.7, 503)
('read', 37.7, 37.7, 503)
('ready', 37.7, 37.7, 503)
('read', 37.7, 37.7, 503)
('read', 37.7, 37.7, 503)
('read', 37.7, 37.7, 503)
('read', 37.7, 37.7, 503)
('ready', 37.7, 37.7, 503)
('read', 37.7, 37.7, 503)
('read', 37.7, 37.8, 503)
('read', 37.7, 37.8, 503)
('ready', 37.7, 37.8, 503)
('read', 37.7, 37.8, 503)
('ready', 37.8, 37.8, 503)
('read', 37.8, 37.8, 503)
('read', 37.8, 37.8, 503)
('read', 37.8, 37.8, 503)
('read', 37.8, 37.8, 503)
('read', 37.8, 37.8, 503)
('ready', 37.8, 37.8, 503)
('read', 37.8, 37.8, 503)
('ready', 37.8, 37.8, 503)
('read', 37.8, 37.8, 503)
('read', 37.8, 37.8, 503)
('read', 37.8, 37.8, 503)
('read', 37.8, 37.8, 503)
('read', 37.8, 37.8, 503)
('ready', 37.8, 37.8, 503)
('read', 37.8, 37.8, 503)
('read', 37.8, 37.8, 503)
('read', 37.8, 37.8, 503)
('read', 37.8, 37.8, 503)
('ready', 37.8, 37.8, 503)
('read', 37.8, 37.8, 503)
('read', 37.8, 37.8, 503)
('ready', 37.8, 37.8, 503)
('read', 37.8, 37.8, 503)
('read', 37.8, 37.8, 503)
('read', 37.8, 37.8, 503)
('read', 37.8, 37.8, 503)
('ready', 37.8, 37.8, 503)
('read', 37.8, 37.8, 503)
('read', 37.8, 37.8, 503)
('ready', 37.8, 37.8, 503)
('read', 37.8, 37.8, 503)
('read', 37.8, 37.8, 503)
('read', 37.8, 37.8, 503)
('ready', 37.8, 37.8, 503)
('read', 37.8, 37.8, 503)
('read', 37.8, 37.8, 503)
('read', 37.8, 37.8, 503)
('ready', 37.8, 37.9, 503)
('read', 37.8, 37.9, 503)
('read', 37.8, 37.9, 503)
('read', 37.8, 37.9, 503)
('ready', 37.9, 37.9, 503)
('read', 37.9, 37.9, 503)
('read', 37.9, 37.9, 503)
('read', 37.9, 37.9, 503)
('ready', 37.9, 37.9, 503)
('read', 37.9, 37.9, 503)
('read', 37.9, 37.9, 503)
('read', 37.9, 37.9, 503)
('ready', 37.9, 37.9, 503)
('read', 37.9, 37.9, 503)
('read', 37.9, 37.9, 503)
('read', 37.9, 37.9, 503)
('ready', 37.9, 37.9, 503)
('read', 37.9, 37.9, 503)
('read', 37.9, 37.9, 503)
('read', 37.9, 37.9, 503)
('ready', 37.9, 37.9, 503)
('read', 37.9, 37.9, 503)
('read', 37.9, 37.9, 503)
('read', 37.9, 37.9, 503)
('ready', 37.9, 37.9, 503)
('read', 37.9, 37.9, 503)
('read', 37.9, 37.9, 503)
('read', 37.9, 37.9, 503)
('ready', 37.9, 37.9, 503)
('read', 37.9, 37.9, 503)
('read', 37.9, 37.9, 503)
('ready', 37.9, 37.9, 503)
('read', 37.9, 37.9, 503)
('read', 37.9, 37.9, 503)
('read', 37.9, 37.9, 503)
('ready', 37.9, 37.9, 503)
('read', 37.9, 37.9, 503)
('read', 37.9, 37.9, 503)
('read', 37.9, 37.9, 503)
('read', 37.9, 37.9, 503)
('ready', 37.9, 37.9, 503)
('read', 37.9, 37.9, 503)
('read', 37.9, 37.9, 503)
('read', 37.9, 37.9, 503)
('ready', 37.9, 37.9, 503)
('read', 37.9, 38.0, 503)
('read', 37.9, 38.0, 503)
('read', 37.9, 38.0, 503)
('ready', 37.9, 38.0, 503)
('read', 38.0, 38.0, 503)
('read', 38.0, 38.0, 503)
('ready', 38.0, 38.0, 503)
('read', 38.0, 38.0, 503)
('read', 38.0, 38.0, 503)
('read', 38.0, 38.0, 503)
('ready', 38.0, 38.0, 503)
('read', 38.0, 38.0, 503)
('read', 38.0, 38.0, 503)
('read', 38.0, 38.0, 503)
('ready', 38.0, 38.0, 503)
('read', 38.0, 38.0, 503)
('ready', 38.0, 38.0, 503)
('read', 38.0, 38.0, 503)
('read', 38.0, 38.0, 503)
('read', 38.0, 38.0, 503)
('read', 38.0, 38.0, 503)
('read', 38.0, 38.0, 503)
('ready', 38.0, 38.0, 503)
('read', 38.0, 38.0, 503)
('ready', 38.0, 38.0, 503)
('read', 38.0, 38.0, 503)
('read', 38.0, 38.0, 503)
('read', 38.0, 38.0, 503)
('ready', 38.0, 38.0, 503)
('read', 38.0, 38.0, 503)
('read', 38.0, 38.0, 503)
('read', 38.0, 38.0, 503)
('ready', 38.0, 38.0, 503)
('read', 38.0, 38.0, 503)
('read', 38.0, 38.0, 503)
('read', 38.0, 38.0, 503)
('read', 38.0, 38.0, 503)
('ready', 38.0, 38.0, 503)
('read', 38.0, 38.0, 503)
('read', 38.0, 38.0, 503)
('ready', 38.0, 38.0, 503)
('read', 38.0, 38.0, 503)
('read', 38.0, 38.0, 503)
('ready', 38.0, 38.0, 503)
('read', 38.0, 38.0, 503)
('read', 38.0, 38.1, 503)
('read', 38.0, 38.1, 503)
('ready', 38.0, 38.1, 503)
('read', 38.0, 38.1, 503)
('read', 38.1, 38.1, 503)
('read', 38.1, 38.1, 503)
('read', 38.1, 38.1, 503)
('ready', 38.1, 38.1, 503)
('read', 38.1, 38.1, 503)
('read', 38.1, 38.1, 503)
('read', 38.1, 38.1, 503)
('read', 38.1, 38.1, 503)
('read', 38.1, 38.1, 503)
('ready', 38.1, 38.1, 503)
('read', 38.1, 38.1, 503)
('ready', 38.1, 38.1, 503)
('read', 38.1, 38.1, 503)
('read', 38.1, 38.1, 503)
('read', 38.1, 38.1, 503)
('ready', 38.1, 38.1, 503)
('read', 38.1, 38.1, 503)
('read', 38.1, 38.1, 503)
('read', 38.1, 38.1, 503)
('ready', 38.1, 38.1, 503)
('read', 38.1, 38.1, 503)
('read', 38.1, 38.1, 503)
('read', 38.1, 38.1, 503)
('ready', 38.1, 38.1, 503)
('read', 38.1, 38.1, 503)
('read', 38.1, 38.1, 503)
('ready', 38.1, 38.1, 503)
('read', 38.1, 38.1, 503)
('read', 38.1, 38.1, 503)
('read', 38.1, 38.1, 503)
('read', 38.1, 38.1, 503)
('read', 38.1, 38.1, 503)
('ready', 38.1, 38.1, 503)
('read', 38.1, 38.1, 503)
('read', 38.1, 38.1, 503)
('read', 38.1, 38.1, 503)
('read', 38.1, 38.1, 503)
('ready', 38.1, 38.1, 503)
('read', 38.1, 38.1, 503)
('ready', 38.1, 38.2, 503)
('read', 38.1, 38.2, 503)
('read', 38.1, 38.2, 503)
('read', 38.1, 38.2, 503)
('ready', 38.2, 38.2, 503)
('read', 38.2, 38.2, 503)
('ready', 38.2, 38.2, 503)
('read', 38.2, 38.2, 503)
('read', 38.2, 38.2, 503)
('ready', 38.2, 38.2, 503)
('read', 38.2, 38.2, 503)
('read', 38.2, 38.2, 503)
('read', 38.2, 38.2, 503)
('ready', 38.2, 38.2, 503)
('read', 38.2, 38.2, 503)
('read', 38.2, 38.2, 503)
('read', 38.2, 38.2, 503)
('read', 38.2, 38.2, 503)
('ready', 38.2, 38.2, 503)
('read', 38.2, 38.2, 503)
('read', 38.2, 38.2, 503)
('read', 38.2, 38.2, 503)
('ready', 38.2, 38.2, 503)
('read', 38.2, 38.2, 503)
('read', 38.2, 38.2, 503)
('read', 38.2, 38.2, 503)
('ready', 38.2, 38.2, 503)
('read', 38.2, 38.2, 503)
('read', 38.2, 38.2, 503)
('read', 38.2, 38.2, 503)
('read', 38.2, 38.2, 503)
('ready', 38.2, 38.2, 503)
('read', 38.2, 38.3, 503)
('read', 38.2, 38.3, 503)
('ready', 38.2, 38.3, 503)
('read', 38.2, 38.3, 503)
('read', 38.3, 38.3, 503)
('read', 38.3, 38.3, 503)
('read', 38.3, 38.3, 503)
('read', 38.3, 38.3, 503)
('ready', 38.3, 38.3, 503)
('read', 38.3, 38.3, 503)
('read', 38.3, 38.3, 503)
('read', 38.3, 38.3, 503)
('ready', 38.3, 38.3, 503)
('read', 38.3, 38.3, 503)
('read', 38.3, 38.3, 503)
('ready', 38.3, 38.3, 503)
('read', 38.3, 38.3, 503)
('read', 38.3, 38.3, 503)
('read', 38.3, 38.3, 503)
('ready', 38.3, 38.3, 503)
('read', 38.3, 38.3, 503)
('ready', 38.3, 38.3, 503)
('read', 38.3, 38.3, 503)
('read', 38.3, 38.3, 503)
('read', 38.3, 38.3, 503)
('ready', 38.3, 38.3, 503)
('read', 38.3, 38.3, 503)
('read', 38.3, 38.3, 503)
('read', 38.3, 38.3, 503)
('read', 38.3, 38.3, 503)
('read', 38.3, 38.3, 503)
('ready', 38.3, 38.3, 503)
('read', 38.3, 38.3, 503)
('read', 38.3, 38.3, 503)
('ready', 38.3, 38.3, 503)
('read', 38.3, 38.3, 503)
('read', 38.3, 38.3, 503)
('read', 38.3, 38.4, 503)
('read', 38.3, 38.4, 503)
('read', 38.3, 38.4, 503)
('ready', 38.3, 38.4, 503)
('read', 38.4, 38.4, 503)
('ready', 38.4, 38.4, 503)
('read', 38.4, 38.4, 503)
('read', 38.4, 38.4, 503)
('read', 38.4, 38.4, 503)
('read', 38.4, 38.4, 503)
('ready', 38.4, 38.4, 503)
('read', 38.4, 38.4, 503)
('read', 38.4, 38.4, 503)
('ready', 38.4, 38.4, 503)
('read', 38.4, 38.4, 503)
('read', 38.4, 38.4, 503)
('read', 38.4, 38.4, 503)
('ready', 38.4, 38.4, 503)
('read', 38.4, 38.4, 503)
('read', 38.4, 38.4, 503)
('read', 38.4, 38.4, 503)
('ready', 38.4, 38.4, 503)
('read', 38.4, 38.4, 503)
('read', 38.4, 38.4, 503)
('ready', 38.4, 38.4, 503)
('read', 38.4, 38.4, 503)
('read', 38.4, 38.4, 503)
('read', 38.4, 38.4, 503)
('ready', 38.4, 38.4, 503)
('read', 38.4, 38.4, 503)
('read', 38.4, 38.4, 503)
('read', 38.4, 38.4, 503)
('read', 38.4, 38.4, 503)
('ready', 38.4, 38.4, 503)
('read', 38.4, 38.4, 503)
('read', 38.4, 38.4, 503)
('ready', 38.4, 38.4, 503)
('read', 38.4, 38.4, 503)
('read', 38.4, 38.4, 503)
('read', 38.4, 38.4, 503)
('read', 38.4, 38.4, 503)
('ready', 38.4, 38.4, 503)
('read', 38.4, 38.4, 503)
('read', 38.4, 38.4, 503)
('read', 38.4, 38.5, 503)
('ready', 38.4, 38.5, 503)
('read', 38.4, 38.5, 503)
('read', 38.4, 38.5, 503)
('read', 38.5, 38.5, 503)
('read', 38.5, 38.5, 503)
('ready', 38.5, 38.5, 503)
('read', 38.5, 38.5, 503)
('read', 38.5, 38.5, 503)
('read', 38.5, 38.5, 503)
('read', 38.5, 38.5, 503)
('read', 38.5, 38.5, 503)
('ready', 38.5, 38.5, 503)
('read', 38.5, 38.5, 503)
('read', 38.5, 38.5, 503)
('read', 38.5, 38.5, 503)
('read', 38.5, 38.5, 503)
('ready', 38.5, 38.5, 503)
('read', 38.5, 38.5, 503)
('read', 38.5, 38.5, 503)
('ready', 38.5, 38.5, 503)
('read', 38.5, 38.5, 503)
('read', 38.5, 38.5, 503)
('read', 38.5, 38.5, 503)
('ready', 38.5, 38.5, 503)
('read', 38.5, 38.5, 503)
('read', 38.5, 38.5, 503)
('read', 38.5, 38.5, 503)
('ready', 38.5, 38.5, 503)
('read', 38.5, 38.5, 503)
('read', 38.5, 38.5, 503)
('read', 38.5, 38.5, 503)
('ready', 38.5, 38.5, 503)
('read', 38.5, 38.5, 503)
('read', 38.5, 38.5, 503)
('read', 38.5, 38.5, 503)
('ready', 38.5, 38.5, 503)
('read', 38.5, 38.5, 503)
('read', 38.5, 38.5, 503)
('read', 38.5, 38.5, 503)
('ready', 38.5, 38.5, 503)
('read', 38.5, 38.6, 503)
('read', 38.5, 38.6, 503)
('read', 38.5, 38.6, 503)
('ready', 38.5, 38.6, 503)
('read', 38.6, 38.6, 503)
('read', 38.6, 38.6, 503)
('read', 38.6, 38.6, 503)
('ready', 38.6, 38.6, 503)
('read', 38.6, 38.6, 503)
('read', 38.6, 38.6, 503)
('ready', 38.6, 38.6, 503)
('read', 38.6, 38.6, 503)
('read', 38.6, 38.6, 503)
('ready', 38.6, 38.6, 503)
('read', 38.6, 38.6, 503)
('read', 38.6, 38.6, 503)
('read', 38.6, 38.6, 503)
('ready', 38.6, 38.6, 503)
('read', 38.6, 38.6, 503)
('read', 38.6, 38.6, 503)
('read', 38.6, 38.6, 503)
('ready', 38.6, 38.6, 503)
('read', 38.6, 38.6, 503)
('read', 38.6, 38.6, 503)
('read', 38.6, 38.6, 503)
('ready', 38.6, 38.6, 503)
('read', 38.6, 38.6, 503)
('read', 38.6, 38.6, 503)
('ready', 38.6, 38.6, 503)
('read', 38.6, 38.6, 503)
('read', 38.6, 38.6, 503)
('read', 38.6, 38.6, 503)
('read', 38.6, 38.6, 503)
('read', 38.6, 38.6, 503)
('ready', 38.6, 38.6, 503)
('read', 38.6, 38.7, 503)
('read', 38.6, 38.7, 503)
('ready', 38.6, 38.7, 503)
('read', 38.6, 38.7, 503)
('read', 38.7, 38.7, 503)
('read', 38.7, 38.7, 503)
('read', 38.7, 38.7, 503)
('ready', 38.7, 38.7, 503)
('read', 38.7, 38.7, 503)
('read', 38.7, 38.7, 503)
('read', 38.7, 38.7, 503)
('ready', 38.7, 38.7, 503)
('read', 38.7, 38.7, 503)
('read', 38.7, 38.7, 503)
('read', 38.7, 38.7, 503)
('ready', 38.7, 38.7, 503)
('read', 38.7, 38.7, 503)
('read', 38.7, 38.7, 503)
('read', 38.7, 38.7, 503)
('ready', 38.7, 38.7, 503)
('read', 38.7, 38.7, 503)
('read', 38.7, 38.7, 503)
('read', 38.7, 38.7, 503)
('ready', 38.7, 38.7, 503)
('read', 38.7, 38.7, 503)
('read', 38.7, 38.7, 503)
('ready', 38.7, 38.7, 503)
('read', 38.7, 38.7, 503)
('read', 38.7, 38.7, 503)
('read', 38.7, 38.7, 503)
('ready', 38.7, 38.7, 503)
('read', 38.7, 38.7, 503)
('read', 38.7, 38.7, 503)
('read', 38.7, 38.7, 503)
('read', 38.7, 38.7, 503)
('read', 38.7, 38.7, 503)
('ready', 38.7, 38.7, 503)
('read', 38.7, 38.7, 503)
('ready', 38.7, 38.7, 503)
('read', 38.7, 38.7, 503)
('read', 38.7, 38.7, 503)
('read', 38.7, 38.8, 503)
('ready', 38.7, 38.8, 503)
('read', 38.7, 38.8, 503)
('read', 38.7, 38.8, 503)
('read', 38.8, 38.8, 503)
('ready', 38.8, 38.8, 503)
('read', 38.8, 38.8, 503)
('read', 38.8, 38.8, 503)
('ready', 38.8, 38.8, 503)
('read', 38.8, 38.8, 503)
('read', 38.8, 38.8, 503)
('read', 38.8, 38.8, 503)
('read', 38.8, 38.8, 503)
('ready', 38.8, 38.8, 503)
('read', 38.8, 38.8, 503)
('read', 38.8, 38.8, 503)
('read', 38.8, 38.8, 503)
('ready', 38.8, 38.8, 503)
('read', 38.8, 38.8, 503)
('read', 38.8, 38.8, 503)
('read', 38.8, 38.8, 503)
('ready', 38.8, 38.8, 503)
('read', 38.8, 38.8, 503)
('read', 38.8, 38.8, 503)
('read', 38.8, 38.8, 503)
('ready', 38.8, 38.8, 503)
('read', 38.8, 38.8, 503)
('read', 38.8, 38.8, 503)
('ready', 38.8, 38.8, 503)
('read', 38.8, 38.8, 503)
('read', 38.8, 38.8, 503)
('read', 38.8, 38.8, 503)
('ready', 38.8, 38.8, 503)
('read', 38.8, 38.8, 503)
('read', 38.8, 38.8, 503)
('read', 38.8, 38.8, 503)
('ready', 38.8, 38.8, 503)
('read', 38.8, 38.8, 503)
('read', 38.8, 38.8, 503)
('read', 38.8, 38.8, 503)
('ready', 38.8, 38.8, 503)
('read', 38.8, 38.8, 503)
('read', 38.8, 38.9, 503)
('read', 38.8, 38.9, 503)
('ready', 38.8, 38.9, 503)
('read', 38.8, 38.9, 503)
('read', 38.9, 38.9, 503)
('read', 38.9, 38.9, 503)
('ready', 38.9, 38.9, 503)
('read', 38.9, 38.9, 503)
('read', 38.9, 38.9, 503)
('ready', 38.9, 38.9, 503)
('read', 38.9, 38.9, 503)
('read', 38.9, 38.9, 503)
('read', 38.9, 38.9, 503)
('ready', 38.9, 38.9, 503)
('read', 38.9, 38.9, 503)
('ready', 38.9, 38.9, 503)
('read', 38.9, 38.9, 503)
('read', 38.9, 38.9, 503)
('ready', 38.9, 38.9, 503)
('read', 38.9, 38.9, 503)
('read', 38.9, 38.9, 503)
('read', 38.9, 38.9, 503)
('ready', 38.9, 38.9, 503)
('read', 38.9, 38.9, 503)
('read', 38.9, 38.9, 503)
('read', 38.9, 38.9, 503)
('ready', 38.9, 38.9, 503)
('read', 38.9, 38.9, 503)
('read', 38.9, 38.9, 503)
('read', 38.9, 38.9, 503)
('ready', 38.9, 38.9, 503)
('read', 38.9, 38.9, 503)
('read', 38.9, 38.9, 503)
('ready', 38.9, 38.9, 503)
('read', 38.9, 38.9, 503)
('read', 38.9, 38.9, 503)
('read', 38.9, 38.9, 503)
('ready', 38.9, 38.9, 503)
('read', 38.9, 38.9, 503)
('ready', 38.9, 38.9, 503)
('read', 38.9, 38.9, 503)
('read', 38.9, 38.9, 503)
('read', 38.9, 39.0, 503)
('ready', 38.9, 39.0, 503)
('read', 38.9, 39.0, 503)
('read', 38.9, 39.0, 503)
('read', 39.0, 39.0, 503)
('ready', 39.0, 39.0, 503)
('read', 39.0, 39.0, 503)
('read', 39.0, 39.0, 503)
('read', 39.0, 39.0, 503)
('read', 39.0, 39.0, 503)
('ready', 39.0, 39.0, 503)
('read', 39.0, 39.0, 503)
('read', 39.0, 39.0, 503)
('ready', 39.0, 39.0, 503)
('read', 39.0, 39.0, 503)
('read', 39.0, 39.0, 503)
('read', 39.0, 39.0, 503)
('read', 39.0, 39.0, 503)
('read', 39.0, 39.0, 503)
('ready', 39.0, 39.0, 503)
('read', 39.0, 39.0, 503)
('read', 39.0, 39.0, 503)
('read', 39.0, 39.0, 503)
('ready', 39.0, 39.0, 503)
('read', 39.0, 39.0, 503)
('read', 39.0, 39.0, 503)
('ready', 39.0, 39.0, 503)
('read', 39.0, 39.0, 503)
('read', 39.0, 39.0, 503)
('read', 39.0, 39.0, 503)
('ready', 39.0, 39.0, 503)
('read', 39.0, 39.0, 503)
('read', 39.0, 39.0, 503)
('read', 39.0, 39.0, 503)
('read', 39.0, 39.0, 503)
('ready', 39.0, 39.0, 503)
('read', 39.0, 39.0, 503)
('read', 39.0, 39.0, 503)
('read', 39.0, 39.0, 503)
('read', 39.0, 39.0, 503)
('ready', 39.0, 39.0, 503)
('read', 39.0, 39.1, 503)
('read', 39.0, 39.1, 503)
('ready', 39.0, 39.1, 503)
('read', 39.0, 39.1, 503)
('read', 39.1, 39.1, 503)
('ready', 39.1, 39.1, 503)
('read', 39.1, 39.1, 503)
('read', 39.1, 39.1, 503)
('read', 39.1, 39.1, 503)
('ready', 39.1, 39.1, 503)
('read', 39.1, 39.1, 503)
('read', 39.1, 39.1, 503)
('read', 39.1, 39.1, 503)
('ready', 39.1, 39.1, 503)
('read', 39.1, 39.1, 503)
('read', 39.1, 39.1, 503)
('read', 39.1, 39.1, 503)
('read', 39.1, 39.1, 503)
('ready', 39.1, 39.1, 503)
('read', 39.1, 39.1, 503)
('read', 39.1, 39.1, 503)
('ready', 39.1, 39.1, 503)
('read', 39.1, 39.1, 503)
('read', 39.1, 39.1, 503)
('read', 39.1, 39.1, 503)
('ready', 39.1, 39.1, 503)
('read', 39.1, 39.1, 503)
('read', 39.1, 39.1, 503)
('read', 39.1, 39.1, 503)
('read', 39.1, 39.1, 503)
('ready', 39.1, 39.1, 503)
('read', 39.1, 39.1, 503)
('read', 39.1, 39.1, 503)
('ready', 39.1, 39.1, 503)
('read', 39.1, 39.1, 503)
('read', 39.1, 39.1, 503)
('read', 39.1, 39.1, 503)
('ready', 39.1, 39.1, 503)
('ready', 39.1, 39.1, 503)
('read', 39.1, 39.1, 503)
('read', 39.1, 39.1, 503)
('read', 39.1, 39.1, 503)
('ready', 39.1, 39.2, 503)
('read', 39.1, 39.2, 503)
('read', 39.1, 39.2, 503)
('read', 39.1, 39.2, 503)
('ready', 39.2, 39.2, 503)
('read', 39.2, 39.2, 503)
('read', 39.2, 39.2, 503)
('read', 39.2, 39.2, 503)
('ready', 39.2, 39.2, 503)
('read', 39.2, 39.2, 503)
('ready', 39.2, 39.2, 503)
('read', 39.2, 39.2, 503)
('read', 39.2, 39.2, 503)
('read', 39.2, 39.2, 503)
('ready', 39.2, 39.2, 503)
('read', 39.2, 39.2, 503)
('read', 39.2, 39.2, 503)
('ready', 39.2, 39.2, 503)
('read', 39.2, 39.2, 503)
('read', 39.2, 39.2, 503)
('read', 39.2, 39.2, 503)
('ready', 39.2, 39.2, 503)
('read', 39.2, 39.2, 503)
('read', 39.2, 39.2, 503)
('read', 39.2, 39.2, 503)
('read', 39.2, 39.2, 503)
('ready', 39.2, 39.2, 503)
('read', 39.2, 39.2, 503)
('read', 39.2, 39.2, 503)
('read', 39.2, 39.2, 503)
('ready', 39.2, 39.2, 503)
('read', 39.2, 39.2, 503)
('read', 39.2, 39.2, 503)
('read', 39.2, 39.2, 503)
('ready', 39.2, 39.2, 503)
('read', 39.2, 39.2, 503)
('read', 39.2, 39.2, 503)
('read', 39.2, 39.2, 503)
('ready', 39.2, 39.2, 503)
('read', 39.2, 39.2, 503)
('read', 39.2, 39.2, 503)
('read', 39.2, 39.2, 503)
('ready', 39.2, 39.3, 503)
('read', 39.2, 39.3, 503)
('read', 39.2, 39.3, 503)
('read', 39.2, 39.3, 503)
('ready', 39.3, 39.3, 503)
('read', 39.3, 39.3, 503)
('read', 39.3, 39.3, 503)
('read', 39.3, 39.3, 503)
('ready', 39.3, 39.3, 503)
('read', 39.3, 39.3, 503)
('read', 39.3, 39.3, 503)
('read', 39.3, 39.3, 503)
('ready', 39.3, 39.3, 503)
('read', 39.3, 39.3, 503)
('read', 39.3, 39.3, 503)
('read', 39.3, 39.3, 503)
('ready', 39.3, 39.3, 503)
('read', 39.3, 39.3, 503)
('read', 39.3, 39.3, 503)
('read', 39.3, 39.3, 503)
('read', 39.3, 39.3, 503)
('ready', 39.3, 39.3, 503)
('read', 39.3, 39.3, 503)
('read', 39.3, 39.3, 503)
('read', 39.3, 39.3, 503)
('ready', 39.3, 39.3, 503)
('read', 39.3, 39.3, 503)
('read', 39.3, 39.3, 503)
('ready', 39.3, 39.3, 503)
('read', 39.3, 39.3, 503)
('read', 39.3, 39.3, 503)
('read', 39.3, 39.3, 503)
('read', 39.3, 39.3, 503)
('ready', 39.3, 39.3, 503)
('read', 39.3, 39.3, 503)
('read', 39.3, 39.3, 503)
('read', 39.3, 39.3, 503)
('ready', 39.3, 39.3, 503)
('read', 39.3, 39.3, 503)
('ready', 39.3, 39.3, 503)
('read', 39.3, 39.3, 503)
('read', 39.3, 39.3, 503)
('read', 39.3, 39.3, 503)
('ready', 39.3, 39.4, 503)
('read', 39.3, 39.4, 503)
('read', 39.3, 39.4, 503)
('read', 39.3, 39.4, 503)
('ready', 39.4, 39.4, 503)
('read', 39.4, 39.4, 503)
('read', 39.4, 39.4, 503)
('read', 39.4, 39.4, 503)
('ready', 39.4, 39.4, 503)
('read', 39.4, 39.4, 503)
('ready', 39.4, 39.4, 503)
('read', 39.4, 39.4, 503)
('read', 39.4, 39.4, 503)
('read', 39.4, 39.4, 503)
('ready', 39.4, 39.4, 503)
('read', 39.4, 39.4, 503)
('read', 39.4, 39.4, 503)
('read', 39.4, 39.4, 503)
('read', 39.4, 39.4, 503)
('ready', 39.4, 39.4, 503)
('read', 39.4, 39.4, 503)
('read', 39.4, 39.4, 503)
('read', 39.4, 39.4, 503)
('read', 39.4, 39.4, 503)
('read', 39.4, 39.4, 503)
('ready', 39.4, 39.4, 503)
('read', 39.4, 39.4, 503)
('read', 39.4, 39.4, 503)
('read', 39.4, 39.4, 503)
('ready', 39.4, 39.4, 503)
('read', 39.4, 39.4, 503)
('read', 39.4, 39.4, 503)
('ready', 39.4, 39.4, 503)
('read', 39.4, 39.4, 503)
('read', 39.4, 39.4, 503)
('read', 39.4, 39.4, 503)
('ready', 39.4, 39.4, 503)
('read', 39.4, 39.4, 503)
('read', 39.4, 39.4, 503)
('read', 39.4, 39.4, 503)
('ready', 39.4, 39.5, 503)
('read', 39.4, 39.5, 503)
('read', 39.4, 39.5, 503)
('read', 39.4, 39.5, 503)
('ready', 39.5, 39.5, 503)
('read', 39.5, 39.5, 503)
('read', 39.5, 39.5, 503)
('ready', 39.5, 39.5, 503)
('read', 39.5, 39.5, 503)
('read', 39.5, 39.5, 503)
('read', 39.5, 39.5, 503)
('read', 39.5, 39.5, 503)
('ready', 39.5, 39.5, 503)
('read', 39.5, 39.5, 503)
('read', 39.5, 39.5, 503)
('read', 39.5, 39.5, 503)
('ready', 39.5, 39.5, 503)
('read', 39.5, 39.5, 503)
('read', 39.5, 39.5, 503)
('ready', 39.5, 39.5, 503)
('read', 39.5, 39.5, 503)
('read', 39.5, 39.5, 503)
('read', 39.5, 39.5, 503)
('read', 39.5, 39.5, 503)
('ready', 39.5, 39.5, 503)
('read', 39.5, 39.5, 503)
('read', 39.5, 39.5, 503)
('read', 39.5, 39.5, 503)
('ready', 39.5, 39.5, 503)
('read', 39.5, 39.5, 503)
('read', 39.5, 39.5, 503)
('read', 39.5, 39.5, 503)
('ready', 39.5, 39.5, 503)
('read', 39.5, 39.5, 503)
('read', 39.5, 39.5, 503)
('read', 39.5, 39.5, 503)
('ready', 39.5, 39.5, 503)
('read', 39.5, 39.5, 503)
('read', 39.5, 39.5, 503)
('read', 39.5, 39.5, 503)
('ready', 39.5, 39.5, 503)
('read', 39.5, 39.6, 503)
('read', 39.5, 39.6, 503)
('read', 39.5, 39.6, 503)
('ready', 39.5, 39.6, 503)
('read', 39.6, 39.6, 503)
('read', 39.6, 39.6, 503)
('read', 39.6, 39.6, 503)
('ready', 39.6, 39.6, 503)
('read', 39.6, 39.6, 503)
('read', 39.6, 39.6, 503)
('read', 39.6, 39.6, 503)
('read', 39.6, 39.6, 503)
('ready', 39.6, 39.6, 503)
('read', 39.6, 39.6, 503)
('read', 39.6, 39.6, 503)
('read', 39.6, 39.6, 503)
('ready', 39.6, 39.6, 503)
('read', 39.6, 39.6, 503)
('read', 39.6, 39.6, 503)
('read', 39.6, 39.6, 503)
('read', 39.6, 39.6, 503)
('ready', 39.6, 39.6, 503)
('read', 39.6, 39.6, 503)
('read', 39.6, 39.6, 503)
('ready', 39.6, 39.6, 503)
('read', 39.6, 39.6, 503)
('read', 39.6, 39.6, 503)
('read', 39.6, 39.6, 503)
('ready', 39.6, 39.6, 503)
('read', 39.6, 39.6, 503)
('read', 39.6, 39.6, 503)
('read', 39.6, 39.6, 503)
('ready', 39.6, 39.6, 503)
('read', 39.6, 39.6, 503)
('read', 39.6, 39.6, 503)
('read', 39.6, 39.6, 503)
('ready', 39.6, 39.6, 503)
('read', 39.6, 39.6, 503)
('read', 39.6, 39.6, 503)
('read', 39.6, 39.6, 503)
('ready', 39.6, 39.6, 503)
('read', 39.6, 39.6, 503)
('read', 39.6, 39.7, 503)
('read', 39.6, 39.7, 503)
('ready', 39.6, 39.7, 503)
('read', 39.6, 39.7, 503)
('read', 39.7, 39.7, 503)
('read', 39.7, 39.7, 503)
('read', 39.7, 39.7, 503)
('ready', 39.7, 39.7, 503)
('read', 39.7, 39.7, 503)
('read', 39.7, 39.7, 503)
('read', 39.7, 39.7, 503)
('ready', 39.7, 39.7, 503)
('read', 39.7, 39.7, 503)
('read', 39.7, 39.7, 503)
('read', 39.7, 39.7, 503)
('ready', 39.7, 39.7, 503)
('read', 39.7, 39.7, 503)
('read', 39.7, 39.7, 503)
('read', 39.7, 39.7, 503)
('read', 39.7, 39.7, 503)
('ready', 39.7, 39.7, 503)
('read', 39.7, 39.7, 503)
('read', 39.7, 39.7, 503)
('ready', 39.7, 39.7, 503)
('read', 39.7, 39.7, 503)
('read', 39.7, 39.7, 503)
('read', 39.7, 39.7, 503)
('read', 39.7, 39.7, 503)
('read', 39.7, 39.7, 503)
('ready', 39.7, 39.7, 503)
('read', 39.7, 39.7, 503)
('read', 39.7, 39.7, 503)
('read', 39.7, 39.7, 503)
('read', 39.7, 39.7, 503)
('ready', 39.7, 39.7, 503)
('read', 39.7, 39.7, 503)
('read', 39.7, 39.7, 503)
('read', 39.7, 39.7, 503)
('ready', 39.7, 39.7, 503)
('read', 39.7, 39.7, 503)
('read', 39.7, 39.8, 503)
('ready', 39.7, 39.8, 503)
('read', 39.7, 39.8, 503)
('read', 39.7, 39.8, 503)
('read', 39.8, 39.8, 503)
('read', 39.8, 39.8, 503)
('ready', 39.8, 39.8, 503)
('read', 39.8, 39.8, 503)
('read', 39.8, 39.8, 503)
('read', 39.8, 39.8, 503)
('read', 39.8, 39.8, 503)
('ready', 39.8, 39.8, 503)
('read', 39.8, 39.8, 503)
('read', 39.8, 39.8, 503)
('ready', 39.8, 39.8, 503)
('read', 39.8, 39.8, 503)
('read', 39.8, 39.8, 503)
('read', 39.8, 39.8, 503)
('ready', 39.8, 39.8, 503)
('read', 39.8, 39.8, 503)
('read', 39.8, 39.8, 503)
('read', 39.8, 39.8, 503)
('ready', 39.8, 39.8, 503)
('read', 39.8, 39.8, 503)
('read', 39.8, 39.8, 503)
('ready', 39.8, 39.8, 503)
('read', 39.8, 39.8, 503)
('read', 39.8, 39.8, 503)
('read', 39.8, 39.8, 503)
('ready', 39.8, 39.8, 503)
('read', 39.8, 39.8, 503)
('read', 39.8, 39.8, 503)
('ready', 39.8, 39.8, 503)
('read', 39.8, 39.8, 503)
('read', 39.8, 39.8, 503)
('read', 39.8, 39.8, 503)
('read', 39.8, 39.8, 503)
('ready', 39.8, 39.8, 503)
('read', 39.8, 39.8, 503)
('read', 39.8, 39.8, 503)
('read', 39.8, 39.8, 503)
('ready', 39.8, 39.8, 503)
('read', 39.8, 39.9, 503)
('read', 39.8, 39.9, 503)
('ready', 39.8, 39.9, 503)
('read', 39.8, 39.9, 503)
('read', 39.9, 39.9, 503)
('read', 39.9, 39.9, 503)
('read', 39.9, 39.9, 503)
('ready', 39.9, 39.9, 503)
('read', 39.9, 39.9, 503)
('read', 39.9, 39.9, 503)
('read', 39.9, 39.9, 503)
('read', 39.9, 39.9, 503)
('ready', 39.9, 39.9, 503)
('read', 39.9, 39.9, 503)
('read', 39.9, 39.9, 503)
('ready', 39.9, 39.9, 503)
('read', 39.9, 39.9, 503)
('read', 39.9, 39.9, 503)
('read', 39.9, 39.9, 503)
('ready', 39.9, 39.9, 503)
('read', 39.9, 39.9, 503)
('read', 39.9, 39.9, 503)
('read', 39.9, 39.9, 503)
('ready', 39.9, 39.9, 503)
('read', 39.9, 39.9, 503)
('read', 39.9, 39.9, 503)
('ready', 39.9, 39.9, 503)
('read', 39.9, 39.9, 503)
('read', 39.9, 39.9, 503)
('read', 39.9, 39.9, 503)
('ready', 39.9, 39.9, 503)
('read', 39.9, 39.9, 503)
('read', 39.9, 40.0, 503)
('read', 39.9, 40.0, 503)
('ready', 39.9, 40.0, 503)
('read', 39.9, 40.0, 503)
('read', 40.0, 40.0, 503)
('read', 40.0, 40.0, 503)
('ready', 40.0, 40.0, 503)
('read', 40.0, 40.0, 503)
('read', 40.0, 40.0, 503)
('read', 40.0, 40.0, 503)
('read', 40.0, 40.0, 503)
('ready', 40.0, 40.0, 503)
('read', 40.0, 40.0, 503)
('read', 40.0, 40.0, 503)
('ready', 40.0, 40.0, 503)
('read', 40.0, 40.0, 503)
('read', 40.0, 40.0, 503)
('read', 40.0, 40.0, 503)
('ready', 40.0, 40.0, 503)
('read', 40.0, 40.0, 503)
('read', 40.0, 40.0, 503)
('read', 40.0, 40.0, 503)
('ready', 40.0, 40.0, 503)
('read', 40.0, 40.0, 503)
('read', 40.0, 40.0, 503)
('ready', 40.0, 40.0, 503)
('read', 40.0, 40.0, 503)
('read', 40.0, 40.0, 503)
('read', 40.0, 40.0, 503)
('read', 40.0, 40.0, 503)
('ready', 40.0, 40.0, 503)
('read', 40.0, 40.0, 503)
('read', 40.0, 40.0, 503)
('ready', 40.0, 40.0, 503)
('read', 40.0, 40.0, 503)
('read', 40.0, 40.0, 503)
('read', 40.0, 40.0, 503)
('read', 40.0, 40.0, 503)
('ready', 40.0, 40.0, 503)
('read', 40.0, 40.0, 503)
('read', 40.0, 40.0, 503)
('ready', 40.0, 40.0, 503)
('read', 40.0, 40.0, 503)
('read', 40.0, 40.0, 503)
('read', 40.0, 40.1, 503)
('ready', 40.0, 40.1, 503)
('read', 40.0, 40.1, 503)
('read', 40.0, 40.1, 503)
('read', 40.1, 40.1, 503)
('ready', 40.1, 40.1, 503)
('read', 40.1, 40.1, 503)
('read', 40.1, 40.1, 503)
('read', 40.1, 40.1, 503)
('read', 40.1, 40.1, 503)
('read', 40.1, 40.1, 503)
('ready', 40.1, 40.1, 503)
('read', 40.1, 40.1, 503)
('read', 40.1, 40.1, 503)
('read', 40.1, 40.1, 503)
('ready', 40.1, 40.1, 503)
('read', 40.1, 40.1, 503)
('read', 40.1, 40.1, 503)
('ready', 40.1, 40.1, 503)
('read', 40.1, 40.1, 503)
('read', 40.1, 40.1, 503)
('ready', 40.1, 40.1, 503)
('read', 40.1, 40.1, 503)
('read', 40.1, 40.1, 503)
('read', 40.1, 40.1, 503)
('ready', 40.1, 40.1, 503)
('read', 40.1, 40.1, 503)
('read', 40.1, 40.1, 503)
('read', 40.1, 40.1, 503)
('ready', 40.1, 40.1, 503)
('read', 40.1, 40.1, 503)
('read', 40.1, 40.1, 503)
('read', 40.1, 40.1, 503)
('read', 40.1, 40.1, 503)
('ready', 40.1, 40.1, 503)
('read', 40.1, 40.1, 503)
('read', 40.1, 40.1, 503)
('ready', 40.1, 40.1, 503)
('read', 40.1, 40.1, 503)
('read', 40.1, 40.1, 503)
('read', 40.1, 40.1, 503)
('read', 40.1, 40.1, 503)
('read', 40.1, 40.1, 503)
('ready', 40.1, 40.1, 503)
('read', 40.1, 40.1, 503)
('read', 40.1, 40.1, 503)
('read', 40.1, 40.2, 503)
('read', 40.1, 40.2, 503)
('ready', 40.1, 40.2, 503)
('read', 40.1, 40.2, 503)
('read', 40.2, 40.2, 503)
('ready', 40.2, 40.2, 503)
('read', 40.2, 40.2, 503)
('read', 40.2, 40.2, 503)
('read', 40.2, 40.2, 503)
('ready', 40.2, 40.2, 503)
('read', 40.2, 40.2, 503)
('read', 40.2, 40.2, 503)
('read', 40.2, 40.2, 503)
('ready', 40.2, 40.2, 503)
('read', 40.2, 40.2, 503)
('read', 40.2, 40.2, 503)
('read', 40.2, 40.2, 503)
('ready', 40.2, 40.2, 503)
('read', 40.2, 40.2, 503)
('read', 40.2, 40.2, 503)
('read', 40.2, 40.2, 503)
('read', 40.2, 40.2, 503)
('ready', 40.2, 40.2, 503)
('read', 40.2, 40.2, 503)
('read', 40.2, 40.2, 503)
('read', 40.2, 40.2, 503)
('read', 40.2, 40.2, 503)
('read', 40.2, 40.2, 503)
('ready', 40.2, 40.2, 503)
('read', 40.2, 40.2, 503)
('read', 40.2, 40.2, 503)
('read', 40.2, 40.2, 503)
('ready', 40.2, 40.2, 503)
('read', 40.2, 40.2, 503)
('read', 40.2, 40.2, 503)
('ready', 40.2, 40.2, 503)
('read', 40.2, 40.2, 503)
('read', 40.2, 40.2, 503)
('read', 40.2, 40.2, 503)
('ready', 40.2, 40.2, 503)
('read', 40.2, 40.2, 503)
('read', 40.2, 40.2, 503)
('read', 40.2, 40.2, 503)
('ready', 40.2, 40.2, 503)
('read', 40.2, 40.3, 503)
('read', 40.2, 40.3, 503)
('ready', 40.2, 40.3, 503)
('read', 40.2, 40.3, 503)
('read', 40.3, 40.3, 503)
('read', 40.3, 40.3, 503)
('read', 40.3, 40.3, 503)
('ready', 40.3, 40.3, 503)
('read', 40.3, 40.3, 503)
('read', 40.3, 40.3, 503)
('ready', 40.3, 40.3, 503)
('read', 40.3, 40.3, 503)
('read', 40.3, 40.3, 503)
('read', 40.3, 40.3, 503)
('ready', 40.3, 40.3, 503)
('read', 40.3, 40.3, 503)
('read', 40.3, 40.3, 503)
('read', 40.3, 40.3, 503)
('ready', 40.3, 40.3, 503)
('read', 40.3, 40.3, 503)
('read', 40.3, 40.3, 503)
('ready', 40.3, 40.3, 503)
('read', 40.3, 40.3, 503)
('read', 40.3, 40.3, 503)
('read', 40.3, 40.3, 503)
('read', 40.3, 40.3, 503)
('ready', 40.3, 40.3, 503)
('read', 40.3, 40.3, 503)
('read', 40.3, 40.3, 503)
('read', 40.3, 40.3, 503)
('ready', 40.3, 40.3, 503)
('read', 40.3, 40.3, 503)
('ready', 40.3, 40.3, 503)
('read', 40.3, 40.3, 503)
('read', 40.3, 40.3, 503)
('read', 40.3, 40.3, 503)
('read', 40.3, 40.3, 503)
('ready', 40.3, 40.3, 503)
('read', 40.3, 40.3, 503)
('read', 40.3, 40.3, 503)
('ready', 40.3, 40.3, 503)
('read', 40.3, 40.3, 503)
('read', 40.3, 40.3, 503)
('read', 40.3, 40.3, 503)
('ready', 40.3, 40.4, 503)
('read', 40.3, 40.4, 503)
('read', 40.3, 40.4, 503)
('read', 40.3, 40.4, 503)
('ready', 40.4, 40.4, 503)
('read', 40.4, 40.4, 503)
('read', 40.4, 40.4, 503)
('read', 40.4, 40.4, 503)
('ready', 40.4, 40.4, 503)
('read', 40.4, 40.4, 503)
('read', 40.4, 40.4, 503)
('ready', 40.4, 40.4, 503)
('read', 40.4, 40.4, 503)
('read', 40.4, 40.4, 503)
('read', 40.4, 40.4, 503)
('ready', 40.4, 40.4, 503)
('read', 40.4, 40.4, 503)
('read', 40.4, 40.4, 503)
('read', 40.4, 40.4, 503)
('ready', 40.4, 40.4, 503)
('read', 40.4, 40.4, 503)
('read', 40.4, 40.4, 503)
('read', 40.4, 40.4, 503)
('read', 40.4, 40.4, 503)
('ready', 40.4, 40.4, 503)
('read', 40.4, 40.4, 503)
('read', 40.4, 40.4, 503)
('read', 40.4, 40.4, 503)
('ready', 40.4, 40.4, 503)
('read', 40.4, 40.4, 503)
('read', 40.4, 40.4, 503)
('read', 40.4, 40.4, 503)
('ready', 40.4, 40.4, 503)
('read', 40.4, 40.4, 503)
('read', 40.4, 40.4, 503)
('read', 40.4, 40.4, 503)
('ready', 40.4, 40.4, 503)
('read', 40.4, 40.4, 503)
('read', 40.4, 40.4, 503)
('read', 40.4, 40.4, 503)
('ready', 40.4, 40.4, 503)
('read', 40.4, 40.4, 503)
('read', 40.4, 40.4, 503)
('read', 40.4, 40.5, 503)
('ready', 40.4, 40.5, 503)
('read', 40.4, 40.5, 503)
('read', 40.4, 40.5, 503)
('ready', 40.5, 40.5, 503)
('read', 40.5, 40.5, 503)
('read', 40.5, 40.5, 503)
('read', 40.5, 40.5, 503)
('read', 40.5, 40.5, 503)
('ready', 40.5, 40.5, 503)
('read', 40.5, 40.5, 503)
('read', 40.5, 40.5, 503)
('ready', 40.5, 40.5, 503)
('read', 40.5, 40.5, 503)
('read', 40.5, 40.5, 503)
('read', 40.5, 40.5, 503)
('ready', 40.5, 40.5, 503)
('read', 40.5, 40.5, 503)
('read', 40.5, 40.5, 503)
('read', 40.5, 40.5, 503)
('ready', 40.5, 40.5, 503)
('read', 40.5, 40.5, 503)
('read', 40.5, 40.5, 503)
('read', 40.5, 40.5, 503)
('ready', 40.5, 40.5, 503)
('read', 40.5, 40.5, 503)
('read', 40.5, 40.5, 503)
('read', 40.5, 40.5, 503)
('read', 40.5, 40.5, 503)
('ready', 40.5, 40.5, 503)
('read', 40.5, 40.5, 503)
('read', 40.5, 40.5, 503)
('ready', 40.5, 40.5, 503)
('read', 40.5, 40.5, 503)
('read', 40.5, 40.5, 503)
('read', 40.5, 40.5, 503)
('ready', 40.5, 40.5, 503)
('read', 40.5, 40.5, 503)
('read', 40.5, 40.5, 503)
('ready', 40.5, 40.5, 503)
('read', 40.5, 40.5, 503)
('read', 40.5, 40.5, 503)
('read', 40.5, 40.5, 503)
('read', 40.5, 40.5, 503)
('ready', 40.5, 40.5, 503)
('read', 40.5, 40.6, 503)
('read', 40.5, 40.6, 503)
('read', 40.5, 40.6, 503)
('ready', 40.5, 40.6, 503)
('read', 40.6, 40.6, 503)
('ready', 40.6, 40.6, 503)
('read', 40.6, 40.6, 503)
('read', 40.6, 40.6, 503)
('read', 40.6, 40.6, 503)
('ready', 40.6, 40.6, 503)
('read', 40.6, 40.6, 503)
('read', 40.6, 40.6, 503)
('read', 40.6, 40.6, 503)
('ready', 40.6, 40.6, 503)
('read', 40.6, 40.6, 503)
('read', 40.6, 40.6, 503)
('read', 40.6, 40.6, 503)
('ready', 40.6, 40.6, 503)
('read', 40.6, 40.6, 503)
('read', 40.6, 40.6, 503)
('ready', 40.6, 40.6, 503)
('read', 40.6, 40.6, 503)
('read', 40.6, 40.6, 503)
('read', 40.6, 40.6, 503)
('ready', 40.6, 40.6, 503)
('read', 40.6, 40.6, 503)
('read', 40.6, 40.6, 503)
('read', 40.6, 40.6, 503)
('ready', 40.6, 40.6, 503)
('read', 40.6, 40.6, 503)
('read', 40.6, 40.6, 503)
('read', 40.6, 40.6, 503)
('ready', 40.6, 40.6, 503)
('read', 40.6, 40.6, 503)
('read', 40.6, 40.6, 503)
('read', 40.6, 40.6, 503)
('ready', 40.6, 40.6, 503)
('read', 40.6, 40.6, 503)
('read', 40.6, 40.6, 503)
('ready', 40.6, 40.6, 503)
('read', 40.6, 40.6, 503)
('read', 40.6, 40.6, 503)
('ready', 40.6, 40.7, 503)
('read', 40.6, 40.7, 503)
('read', 40.6, 40.7, 503)
('read', 40.6, 40.7, 503)
('read', 40.7, 40.7, 503)
('read', 40.7, 40.7, 503)
('ready', 40.7, 40.7, 503)
('read', 40.7, 40.7, 503)
('read', 40.7, 40.7, 503)
('read', 40.7, 40.7, 503)
('read', 40.7, 40.7, 503)
('ready', 40.7, 40.7, 503)
('read', 40.7, 40.7, 503)
('read', 40.7, 40.7, 503)
('read', 40.7, 40.7, 503)
('ready', 40.7, 40.7, 503)
('read', 40.7, 40.7, 503)
('read', 40.7, 40.7, 503)
('ready', 40.7, 40.7, 503)
('read', 40.7, 40.7, 503)
('read', 40.7, 40.7, 503)
('read', 40.7, 40.7, 503)
('ready', 40.7, 40.7, 503)
('read', 40.7, 40.7, 503)
('read', 40.7, 40.7, 503)
('read', 40.7, 40.7, 503)
('ready', 40.7, 40.7, 503)
('read', 40.7, 40.7, 503)
('ready', 40.7, 40.7, 503)
('read', 40.7, 40.7, 503)
('read', 40.7, 40.7, 503)
('read', 40.7, 40.7, 503)
('read', 40.7, 40.7, 503)
('ready', 40.7, 40.7, 503)
('read', 40.7, 40.7, 503)
('read', 40.7, 40.7, 503)
('read', 40.7, 40.7, 503)
('read', 40.7, 40.7, 503)
('ready', 40.7, 40.7, 503)
('read', 40.7, 40.7, 503)
('read', 40.7, 40.7, 503)
('read', 40.7, 40.7, 503)
('ready', 40.7, 40.7, 503)
('read', 40.7, 40.7, 503)
('read', 40.7, 40.7, 503)
('ready', 40.7, 40.8, 503)
('read', 40.7, 40.8, 503)
('read', 40.7, 40.8, 503)
('read', 40.7, 40.8, 503)
('ready', 40.8, 40.8, 503)
('read', 40.8, 40.8, 503)
('read', 40.8, 40.8, 503)
('read', 40.8, 40.8, 503)
('ready', 40.8, 40.8, 503)
('read', 40.8, 40.8, 503)
('read', 40.8, 40.8, 503)
('read', 40.8, 40.8, 503)
('ready', 40.8, 40.8, 503)
('read', 40.8, 40.8, 503)
('read', 40.8, 40.8, 503)
('read', 40.8, 40.8, 503)
('ready', 40.8, 40.8, 503)
('ready', 40.8, 40.8, 503)
('read', 40.8, 40.8, 503)
('read', 40.8, 40.8, 503)
('read', 40.8, 40.8, 503)
('read', 40.8, 40.8, 503)
('ready', 40.8, 40.8, 503)
('read', 40.8, 40.8, 503)
('read', 40.8, 40.8, 503)
('read', 40.8, 40.8, 503)
('ready', 40.8, 40.8, 503)
('read', 40.8, 40.8, 503)
('read', 40.8, 40.8, 503)
('read', 40.8, 40.8, 503)
('read', 40.8, 40.8, 503)
('ready', 40.8, 40.8, 503)
('read', 40.8, 40.8, 503)
('read', 40.8, 40.8, 503)
('read', 40.8, 40.8, 503)
('read', 40.8, 40.8, 503)
('ready', 40.8, 40.8, 503)
('read', 40.8, 40.8, 503)
('read', 40.8, 40.8, 503)
('ready', 40.8, 40.8, 503)
('read', 40.8, 40.8, 503)
('read', 40.8, 40.8, 503)
('read', 40.8, 40.8, 503)
('ready', 40.8, 40.9, 503)
('read', 40.8, 40.9, 503)
('read', 40.8, 40.9, 503)
('read', 40.8, 40.9, 503)
('read', 40.9, 40.9, 503)
('ready', 40.9, 40.9, 503)
('read', 40.9, 40.9, 503)
('read', 40.9, 40.9, 503)
('ready', 40.9, 40.9, 503)
('read', 40.9, 40.9, 503)
('read', 40.9, 40.9, 503)
('read', 40.9, 40.9, 503)
('read', 40.9, 40.9, 503)
('ready', 40.9, 40.9, 503)
('read', 40.9, 40.9, 503)
('ready', 40.9, 40.9, 503)
('read', 40.9, 40.9, 503)
('read', 40.9, 40.9, 503)
('read', 40.9, 40.9, 503)
('read', 40.9, 40.9, 503)
('ready', 40.9, 40.9, 503)
('read', 40.9, 40.9, 503)
('read', 40.9, 40.9, 503)
('read', 40.9, 40.9, 503)
('ready', 40.9, 40.9, 503)
('read', 40.9, 40.9, 503)
('read', 40.9, 40.9, 503)
('read', 40.9, 40.9, 503)
('ready', 40.9, 40.9, 503)
('read', 40.9, 40.9, 503)
('read', 40.9, 40.9, 503)
('read', 40.9, 40.9, 503)
('ready', 40.9, 40.9, 503)
('read', 40.9, 40.9, 503)
('read', 40.9, 40.9, 503)
('read', 40.9, 40.9, 503)
('ready', 40.9, 40.9, 503)
('read', 40.9, 40.9, 503)
('read', 40.9, 40.9, 503)
('ready', 40.9, 40.9, 503)
('read', 40.9, 40.9, 503)
('read', 40.9, 41.0, 503)
('read', 40.9, 41.0, 503)
('read', 40.9, 41.0, 503)
('ready', 40.9, 41.0, 503)
('read', 41.0, 41.0, 503)
('read', 41.0, 41.0, 503)
('read', 41.0, 41.0, 503)
('ready', 41.0, 41.0, 503)
('read', 41.0, 41.0, 503)
('read', 41.0, 41.0, 503)
('read', 41.0, 41.0, 503)
('ready', 41.0, 41.0, 503)
('read', 41.0, 41.0, 503)
('read', 41.0, 41.0, 503)
('ready', 41.0, 41.0, 503)
('read', 41.0, 41.0, 503)
('read', 41.0, 41.0, 503)
('read', 41.0, 41.0, 503)
('ready', 41.0, 41.0, 503)
('read', 41.0, 41.0, 503)
('read', 41.0, 41.0, 503)
('read', 41.0, 41.0, 503)
('ready', 41.0, 41.0, 503)
('read', 41.0, 41.0, 503)
('read', 41.0, 41.0, 503)
('read', 41.0, 41.0, 503)
('ready', 41.0, 41.0, 503)
('ready', 41.0, 41.0, 503)
('read', 41.0, 41.0, 503)
('read', 41.0, 41.0, 503)
('read', 41.0, 41.0, 503)
('ready', 41.0, 41.0, 503)
('read', 41.0, 41.0, 503)
('read', 41.0, 41.0, 503)
('read', 41.0, 41.0, 503)
('ready', 41.0, 41.0, 503)
('read', 41.0, 41.0, 503)
('read', 41.0, 41.0, 503)
('read', 41.0, 41.0, 503)
('ready', 41.0, 41.0, 503)
('read', 41.0, 41.0, 503)
('read', 41.0, 41.0, 503)
('ready', 41.0, 41.0, 503)
('read', 41.0, 41.0, 503)
('ready', 41.0, 41.1, 503)
('read', 41.0, 41.1, 503)
('read', 41.0, 41.1, 503)
('read', 41.0, 41.1, 503)
('read', 41.1, 41.1, 503)
('read', 41.1, 41.1, 503)
('read', 41.1, 41.1, 503)
('ready', 41.1, 41.1, 503)
('read', 41.1, 41.1, 503)
('read', 41.1, 41.1, 503)
('read', 41.1, 41.1, 503)
('read', 41.1, 41.1, 503)
('ready', 41.1, 41.1, 503)
('read', 41.1, 41.1, 503)
('ready', 41.1, 41.1, 503)
('read', 41.1, 41.1, 503)
('read', 41.1, 41.1, 503)
('read', 41.1, 41.1, 503)
('ready', 41.1, 41.1, 503)
('read', 41.1, 41.1, 503)
('read', 41.1, 41.1, 503)
('read', 41.1, 41.1, 503)
('read', 41.1, 41.1, 503)
('read', 41.1, 41.1, 503)
('ready', 41.1, 41.1, 503)
('read', 41.1, 41.1, 503)
('read', 41.1, 41.1, 503)
('ready', 41.1, 41.1, 503)
('read', 41.1, 41.1, 503)
('read', 41.1, 41.1, 503)
('ready', 41.1, 41.1, 503)
('read', 41.1, 41.1, 503)
('read', 41.1, 41.1, 503)
('read', 41.1, 41.1, 503)
('ready', 41.1, 41.1, 503)
('read', 41.1, 41.1, 503)
('read', 41.1, 41.1, 503)
('read', 41.1, 41.1, 503)
('ready', 41.1, 41.1, 503)
('read', 41.1, 41.1, 503)
('read', 41.1, 41.1, 503)
('read', 41.1, 41.1, 503)
('ready', 41.1, 41.1, 503)
('read', 41.1, 41.2, 503)
('read', 41.1, 41.2, 503)
('read', 41.1, 41.2, 503)
('ready', 41.1, 41.2, 503)
('read', 41.2, 41.2, 503)
('read', 41.2, 41.2, 503)
('read', 41.2, 41.2, 503)
('ready', 41.2, 41.2, 503)
('read', 41.2, 41.2, 503)
('read', 41.2, 41.2, 503)
('ready', 41.2, 41.2, 503)
('read', 41.2, 41.2, 503)
('read', 41.2, 41.2, 503)
('read', 41.2, 41.2, 503)
('read', 41.2, 41.2, 503)
('ready', 41.2, 41.2, 503)
('read', 41.2, 41.2, 503)
('read', 41.2, 41.2, 503)
('read', 41.2, 41.2, 503)
('ready', 41.2, 41.2, 503)
('read', 41.2, 41.2, 503)
('read', 41.2, 41.2, 503)
('read', 41.2, 41.2, 503)
('ready', 41.2, 41.2, 503)
('read', 41.2, 41.2, 503)
('read', 41.2, 41.2, 503)
('read', 41.2, 41.2, 503)
('read', 41.2, 41.2, 503)
('ready', 41.2, 41.2, 503)
('read', 41.2, 41.2, 503)
('read', 41.2, 41.2, 503)
('ready', 41.2, 41.2, 503)
('read', 41.2, 41.2, 503)
('read', 41.2, 41.2, 503)
('read', 41.2, 41.2, 503)
('read', 41.2, 41.2, 503)
('ready', 41.2, 41.2, 503)
('read', 41.2, 41.2, 503)
('read', 41.2, 41.2, 503)
('read', 41.2, 41.2, 503)
('ready', 41.2, 41.2, 503)
('read', 41.2, 41.2, 503)
('read', 41.2, 41.2, 503)
('read', 41.2, 41.2, 503)
('ready', 41.2, 41.2, 503)
('read', 41.2, 41.2, 503)
('read', 41.2, 41.2, 503)
('read', 41.2, 41.3, 503)
('ready', 41.2, 41.3, 503)
('read', 41.2, 41.3, 503)
('read', 41.2, 41.3, 503)
('read', 41.3, 41.3, 503)
('ready', 41.3, 41.3, 503)
('read', 41.3, 41.3, 503)
('read', 41.3, 41.3, 503)
('read', 41.3, 41.3, 503)
('read', 41.3, 41.3, 503)
('ready', 41.3, 41.3, 503)
('read', 41.3, 41.3, 503)
('read', 41.3, 41.3, 503)
('read', 41.3, 41.3, 503)
('ready', 41.3, 41.3, 503)
('read', 41.3, 41.3, 503)
('read', 41.3, 41.3, 503)
('read', 41.3, 41.3, 503)
('ready', 41.3, 41.3, 503)
('read', 41.3, 41.3, 503)
('read', 41.3, 41.3, 503)
('read', 41.3, 41.3, 503)
('ready', 41.3, 41.3, 503)
('read', 41.3, 41.3, 503)
('ready', 41.3, 41.3, 503)
('read', 41.3, 41.3, 503)
('read', 41.3, 41.3, 503)
('read', 41.3, 41.3, 503)
('read', 41.3, 41.3, 503)
('read', 41.3, 41.3, 503)
('ready', 41.3, 41.3, 503)
('read', 41.3, 41.4, 503)
('ready', 41.3, 41.4, 503)
('read', 41.3, 41.4, 503)
('read', 41.3, 41.4, 503)
('read', 41.4, 41.4, 503)
('ready', 41.4, 41.4, 503)
('read', 41.4, 41.4, 503)
('read', 41.4, 41.4, 503)
('ready', 41.4, 41.4, 503)
('read', 41.4, 41.4, 503)
('read', 41.4, 41.4, 503)
('read', 41.4, 41.4, 503)
('ready', 41.4, 41.4, 503)
('read', 41.4, 41.4, 503)
('read', 41.4, 41.4, 503)
('ready', 41.4, 41.4, 503)
('read', 41.4, 41.4, 503)
('read', 41.4, 41.4, 503)
('read', 41.4, 41.4, 503)
('ready', 41.4, 41.4, 503)
('read', 41.4, 41.4, 503)
('read', 41.4, 41.4, 503)
('read', 41.4, 41.4, 503)
('read', 41.4, 41.4, 503)
('ready', 41.4, 41.4, 503)
('read', 41.4, 41.4, 503)
('read', 41.4, 41.4, 503)
('read', 41.4, 41.4, 503)
('ready', 41.4, 41.4, 503)
('read', 41.4, 41.4, 503)
('read', 41.4, 41.4, 503)
('read', 41.4, 41.4, 503)
('ready', 41.4, 41.4, 503)
('read', 41.4, 41.4, 503)
('read', 41.4, 41.4, 503)
('read', 41.4, 41.4, 503)
('ready', 41.4, 41.4, 503)
('read', 41.4, 41.4, 503)
('read', 41.4, 41.4, 503)
('read', 41.4, 41.4, 503)
('read', 41.4, 41.4, 503)
('ready', 41.4, 41.4, 503)
('read', 41.4, 41.4, 503)
('ready', 41.4, 41.5, 503)
('read', 41.4, 41.5, 503)
('read', 41.4, 41.5, 503)
('read', 41.4, 41.5, 503)
('read', 41.5, 41.5, 503)
('ready', 41.5, 41.5, 503)
('read', 41.5, 41.5, 503)
('read', 41.5, 41.5, 503)
('read', 41.5, 41.5, 503)
('ready', 41.5, 41.5, 503)
('read', 41.5, 41.5, 503)
('read', 41.5, 41.5, 503)
('read', 41.5, 41.5, 503)
('ready', 41.5, 41.5, 503)
('read', 41.5, 41.5, 503)
('read', 41.5, 41.5, 503)
('read', 41.5, 41.5, 503)
('read', 41.5, 41.5, 503)
('read', 41.5, 41.5, 503)
('ready', 41.5, 41.5, 503)
('read', 41.5, 41.5, 503)
('read', 41.5, 41.5, 503)
('read', 41.5, 41.5, 503)
('read', 41.5, 41.5, 503)
('ready', 41.5, 41.5, 503)
('read', 41.5, 41.5, 503)
('read', 41.5, 41.5, 503)
('ready', 41.5, 41.5, 503)
('read', 41.5, 41.5, 503)
('read', 41.5, 41.5, 503)
('read', 41.5, 41.5, 503)
('ready', 41.5, 41.5, 503)
('read', 41.5, 41.5, 503)
('read', 41.5, 41.5, 503)
('read', 41.5, 41.5, 503)
('read', 41.5, 41.5, 503)
('ready', 41.5, 41.5, 503)
('read', 41.5, 41.5, 503)
('read', 41.5, 41.5, 503)
('ready', 41.5, 41.5, 503)
('read', 41.5, 41.5, 503)
('read', 41.5, 41.5, 503)
('read', 41.5, 41.5, 503)
('ready', 41.5, 41.6, 503)
('read', 41.5, 41.6, 503)
('read', 41.5, 41.6, 503)
('read', 41.5, 41.6, 503)
('read', 41.6, 41.6, 503)
('read', 41.6, 41.6, 503)
('ready', 41.6, 41.6, 503)
('read', 41.6, 41.6, 503)
('read', 41.6, 41.6, 503)
('ready', 41.6, 41.6, 503)
('read', 41.6, 41.6, 503)
('read', 41.6, 41.6, 503)
('ready', 41.6, 41.6, 503)
('read', 41.6, 41.6, 503)
('read', 41.6, 41.6, 503)
('read', 41.6, 41.6, 503)
('ready', 41.6, 41.6, 503)
('read', 41.6, 41.6, 503)
('read', 41.6, 41.6, 503)
('read', 41.6, 41.6, 503)
('ready', 41.6, 41.6, 503)
('read', 41.6, 41.6, 503)
('read', 41.6, 41.6, 503)
('read', 41.6, 41.6, 503)
('ready', 41.6, 41.6, 503)
('read', 41.6, 41.6, 503)
('read', 41.6, 41.6, 503)
('read', 41.6, 41.6, 503)
('ready', 41.6, 41.6, 503)
('read', 41.6, 41.6, 503)
('read', 41.6, 41.6, 503)
('ready', 41.6, 41.6, 503)
('read', 41.6, 41.6, 503)
('read', 41.6, 41.6, 503)
('read', 41.6, 41.6, 503)
('read', 41.6, 41.6, 503)
('ready', 41.6, 41.6, 503)
('read', 41.6, 41.6, 503)
('read', 41.6, 41.6, 503)
('read', 41.6, 41.6, 503)
('ready', 41.6, 41.6, 503)
('read', 41.6, 41.6, 503)
('read', 41.6, 41.6, 503)
('ready', 41.6, 41.6, 503)
('read', 41.6, 41.7, 503)
('read', 41.6, 41.7, 503)
('read', 41.6, 41.7, 503)
('ready', 41.6, 41.7, 503)
('read', 41.7, 41.7, 503)
('read', 41.7, 41.7, 503)
('read', 41.7, 41.7, 503)
('ready', 41.7, 41.7, 503)
('read', 41.7, 41.7, 503)
('read', 41.7, 41.7, 503)
('read', 41.7, 41.7, 503)
('ready', 41.7, 41.7, 503)
('read', 41.7, 41.7, 503)
('read', 41.7, 41.7, 503)
('read', 41.7, 41.7, 503)
('ready', 41.7, 41.7, 503)
('read', 41.7, 41.7, 503)
('read', 41.7, 41.7, 503)
('read', 41.7, 41.7, 503)
('ready', 41.7, 41.7, 503)
('read', 41.7, 41.7, 503)
('read', 41.7, 41.7, 503)
('read', 41.7, 41.7, 503)
('ready', 41.7, 41.7, 503)
('read', 41.7, 41.7, 503)
('read', 41.7, 41.7, 503)
('read', 41.7, 41.7, 503)
('ready', 41.7, 41.7, 503)
('read', 41.7, 41.7, 503)
('read', 41.7, 41.7, 503)
('ready', 41.7, 41.7, 503)
('read', 41.7, 41.7, 503)
('read', 41.7, 41.7, 503)
('read', 41.7, 41.7, 503)
('ready', 41.7, 41.7, 503)
('read', 41.7, 41.7, 503)
('read', 41.7, 41.7, 503)
('read', 41.7, 41.7, 503)
('read', 41.7, 41.7, 503)
('ready', 41.7, 41.7, 503)
('read', 41.7, 41.7, 503)
('read', 41.7, 41.7, 503)
('ready', 41.7, 41.7, 503)
('read', 41.7, 41.7, 503)
('read', 41.7, 41.7, 503)
('read', 41.7, 41.8, 503)
('ready', 41.7, 41.8, 503)
('read', 41.7, 41.8, 503)
('read', 41.7, 41.8, 503)
('read', 41.8, 41.8, 503)
('ready', 41.8, 41.8, 503)
('read', 41.8, 41.8, 503)
('read', 41.8, 41.8, 503)
('read', 41.8, 41.8, 503)
('read', 41.8, 41.8, 503)
('ready', 41.8, 41.8, 503)
('read', 41.8, 41.8, 503)
('read', 41.8, 41.8, 503)
('read', 41.8, 41.8, 503)
('ready', 41.8, 41.8, 503)
('read', 41.8, 41.8, 503)
('ready', 41.8, 41.8, 503)
('read', 41.8, 41.8, 503)
('read', 41.8, 41.8, 503)
('read', 41.8, 41.8, 503)
('ready', 41.8, 41.8, 503)
('read', 41.8, 41.8, 503)
('read', 41.8, 41.8, 503)
('read', 41.8, 41.8, 503)
('ready', 41.8, 41.8, 503)
('read', 41.8, 41.8, 503)
('read', 41.8, 41.8, 503)
('ready', 41.8, 41.8, 503)
('read', 41.8, 41.8, 503)
('read', 41.8, 41.8, 503)
('read', 41.8, 41.8, 503)
('ready', 41.8, 41.8, 503)
('read', 41.8, 41.8, 503)
('read', 41.8, 41.8, 503)
('read', 41.8, 41.8, 503)
('ready', 41.8, 41.8, 503)
('read', 41.8, 41.8, 503)
('read', 41.8, 41.8, 503)
('read', 41.8, 41.8, 503)
('ready', 41.8, 41.8, 503)
('read', 41.8, 41.8, 503)
('read', 41.8, 41.8, 503)
('read', 41.8, 41.9, 503)
('ready', 41.8, 41.9, 503)
('read', 41.8, 41.9, 503)
('read', 41.8, 41.9, 503)
('read', 41.9, 41.9, 503)
('ready', 41.9, 41.9, 503)
('read', 41.9, 41.9, 503)
('read', 41.9, 41.9, 503)
('ready', 41.9, 41.9, 503)
('read', 41.9, 41.9, 503)
('read', 41.9, 41.9, 503)
('read', 41.9, 41.9, 503)
('ready', 41.9, 41.9, 503)
('read', 41.9, 41.9, 503)
('read', 41.9, 41.9, 503)
('read', 41.9, 41.9, 503)
('ready', 41.9, 41.9, 503)
('read', 41.9, 41.9, 503)
('read', 41.9, 41.9, 503)
('read', 41.9, 41.9, 503)
('ready', 41.9, 41.9, 503)
('read', 41.9, 41.9, 503)
('read', 41.9, 41.9, 503)
('ready', 41.9, 41.9, 503)
('read', 41.9, 41.9, 503)
('read', 41.9, 41.9, 503)
('read', 41.9, 41.9, 503)
('read', 41.9, 41.9, 503)
('ready', 41.9, 41.9, 503)
('read', 41.9, 41.9, 503)
('read', 41.9, 41.9, 503)
('read', 41.9, 41.9, 503)
('read', 41.9, 41.9, 503)
('ready', 41.9, 41.9, 503)
('read', 41.9, 41.9, 503)
('ready', 41.9, 41.9, 503)
('read', 41.9, 41.9, 503)
('read', 41.9, 41.9, 503)
('read', 41.9, 41.9, 503)
('read', 41.9, 41.9, 503)
('read', 41.9, 41.9, 503)
('read', 41.9, 41.9, 503)
('ready', 41.9, 41.9, 503)
('read', 41.9, 42.0, 503)
('ready', 41.9, 42.0, 503)
('read', 41.9, 42.0, 503)
('read', 41.9, 42.0, 503)
('read', 42.0, 42.0, 503)
('read', 42.0, 42.0, 503)
('ready', 42.0, 42.0, 503)
('read', 42.0, 42.0, 503)
('read', 42.0, 42.0, 503)
('read', 42.0, 42.0, 503)
('ready', 42.0, 42.0, 503)
('read', 42.0, 42.0, 503)
('read', 42.0, 42.0, 503)
('read', 42.0, 42.0, 503)
('read', 42.0, 42.0, 503)
('read', 42.0, 42.0, 503)
('ready', 42.0, 42.0, 503)
('read', 42.0, 42.0, 503)
('read', 42.0, 42.0, 503)
('read', 42.0, 42.0, 503)
('read', 42.0, 42.0, 503)
('ready', 42.0, 42.0, 503)
('read', 42.0, 42.0, 503)
('read', 42.0, 42.0, 503)
('read', 42.0, 42.0, 503)
('ready', 42.0, 42.0, 503)
('read', 42.0, 42.0, 503)
('read', 42.0, 42.0, 503)
('read', 42.0, 42.0, 503)
('ready', 42.0, 42.0, 503)
('read', 42.0, 42.0, 503)
('read', 42.0, 42.0, 503)
('read', 42.0, 42.0, 503)
('ready', 42.0, 42.0, 503)
('read', 42.0, 42.0, 503)
('read', 42.0, 42.0, 503)
('ready', 42.0, 42.0, 503)
('read', 42.0, 42.0, 503)
('read', 42.0, 42.0, 503)
('read', 42.0, 42.0, 503)
('ready', 42.0, 42.0, 503)
('read', 42.0, 42.0, 503)
('read', 42.0, 42.0, 503)
('read', 42.0, 42.0, 503)
('ready', 42.0, 42.0, 503)
('read', 42.0, 42.0, 503)
('read', 42.0, 42.1, 503)
('read', 42.0, 42.1, 503)
('ready', 42.0, 42.1, 503)
('read', 42.0, 42.1, 503)
('read', 42.1, 42.1, 503)
('ready', 42.1, 42.1, 503)
('read', 42.1, 42.1, 503)
('read', 42.1, 42.1, 503)
('read', 42.1, 42.1, 503)
('ready', 42.1, 42.1, 503)
('read', 42.1, 42.1, 503)
('read', 42.1, 42.1, 503)
('ready', 42.1, 42.1, 503)
('read', 42.1, 42.1, 503)
('read', 42.1, 42.1, 503)
('read', 42.1, 42.1, 503)
('ready', 42.1, 42.1, 503)
('read', 42.1, 42.1, 503)
('read', 42.1, 42.1, 503)
('read', 42.1, 42.1, 503)
('ready', 42.1, 42.1, 503)
('read', 42.1, 42.1, 503)
('read', 42.1, 42.1, 503)
('read', 42.1, 42.1, 503)
('ready', 42.1, 42.1, 503)
('read', 42.1, 42.1, 503)
('read', 42.1, 42.1, 503)
('read', 42.1, 42.1, 503)
('ready', 42.1, 42.1, 503)
('read', 42.1, 42.1, 503)
('read', 42.1, 42.1, 503)
('read', 42.1, 42.1, 503)
('read', 42.1, 42.1, 503)
('ready', 42.1, 42.1, 503)
('read', 42.1, 42.1, 503)
('read', 42.1, 42.1, 503)
('read', 42.1, 42.1, 503)
('ready', 42.1, 42.1, 503)
('read', 42.1, 42.1, 503)
('read', 42.1, 42.1, 503)
('read', 42.1, 42.1, 503)
('ready', 42.1, 42.1, 503)
('read', 42.1, 42.1, 503)
('read', 42.1, 42.1, 503)
('ready', 42.1, 42.2, 503)
('read', 42.1, 42.2, 503)
('read', 42.1, 42.2, 503)
('read', 42.1, 42.2, 503)
('ready', 42.2, 42.2, 503)
('read', 42.2, 42.2, 503)
('read', 42.2, 42.2, 503)
('ready', 42.2, 42.2, 503)
('read', 42.2, 42.2, 503)
('read', 42.2, 42.2, 503)
('read', 42.2, 42.2, 503)
('ready', 42.2, 42.2, 503)
('read', 42.2, 42.2, 503)
('ready', 42.2, 42.2, 503)
('read', 42.2, 42.2, 503)
('read', 42.2, 42.2, 503)
('ready', 42.2, 42.2, 503)
('read', 42.2, 42.2, 503)
('read', 42.2, 42.2, 503)
('read', 42.2, 42.2, 503)
('ready', 42.2, 42.2, 503)
('read', 42.2, 42.2, 503)
('read', 42.2, 42.2, 503)
('read', 42.2, 42.2, 503)
('ready', 42.2, 42.2, 503)
('read', 42.2, 42.2, 503)
('read', 42.2, 42.2, 503)
('read', 42.2, 42.2, 503)
('ready', 42.2, 42.2, 503)
('read', 42.2, 42.2, 503)
('read', 42.2, 42.2, 503)
('read', 42.2, 42.2, 503)
('ready', 42.2, 42.2, 503)
('read', 42.2, 42.2, 503)
('read', 42.2, 42.2, 503)
('ready', 42.2, 42.2, 503)
('read', 42.2, 42.2, 503)
('read', 42.2, 42.2, 503)
('read', 42.2, 42.2, 503)
('ready', 42.2, 42.2, 503)
('read', 42.2, 42.2, 503)
('read', 42.2, 42.2, 503)
('read', 42.2, 42.3, 503)
('ready', 42.2, 42.3, 503)
('read', 42.2, 42.3, 503)
('read', 42.2, 42.3, 503)
('ready', 42.3, 42.3, 503)
('read', 42.3, 42.3, 503)
('read', 42.3, 42.3, 503)
('read', 42.3, 42.3, 503)
('ready', 42.3, 42.3, 503)
('read', 42.3, 42.3, 503)
('read', 42.3, 42.3, 503)
('read', 42.3, 42.3, 503)
('ready', 42.3, 42.3, 503)
('read', 42.3, 42.3, 503)
('read', 42.3, 42.3, 503)
('read', 42.3, 42.3, 503)
('ready', 42.3, 42.3, 503)
('read', 42.3, 42.3, 503)
('read', 42.3, 42.3, 503)
('read', 42.3, 42.3, 503)
('ready', 42.3, 42.3, 503)
('read', 42.3, 42.3, 503)
('read', 42.3, 42.3, 503)
('read', 42.3, 42.3, 503)
('ready', 42.3, 42.3, 503)
('read', 42.3, 42.3, 503)
('read', 42.3, 42.3, 503)
('read', 42.3, 42.3, 503)
('ready', 42.3, 42.3, 503)
('read', 42.3, 42.3, 503)
('read', 42.3, 42.3, 503)
('read', 42.3, 42.3, 503)
('ready', 42.3, 42.3, 503)
('read', 42.3, 42.3, 503)
('read', 42.3, 42.3, 503)
('read', 42.3, 42.3, 503)
('ready', 42.3, 42.3, 503)
('read', 42.3, 42.3, 503)
('read', 42.3, 42.3, 503)
('read', 42.3, 42.3, 503)
('read', 42.3, 42.3, 503)
('ready', 42.3, 42.3, 503)
('read', 42.3, 42.3, 503)
('read', 42.3, 42.4, 503)
('read', 42.3, 42.4, 503)
('ready', 42.3, 42.4, 503)
('read', 42.3, 42.4, 503)
('read', 42.4, 42.4, 503)
('ready', 42.4, 42.4, 503)
('read', 42.4, 42.4, 503)
('read', 42.4, 42.4, 503)
('read', 42.4, 42.4, 503)
('ready', 42.4, 42.4, 503)
('read', 42.4, 42.4, 503)
('read', 42.4, 42.4, 503)
('read', 42.4, 42.4, 503)
('ready', 42.4, 42.4, 503)
('read', 42.4, 42.4, 503)
('ready', 42.4, 42.4, 503)
('read', 42.4, 42.4, 503)
('read', 42.4, 42.4, 503)
('read', 42.4, 42.4, 503)
('ready', 42.4, 42.4, 503)
('read', 42.4, 42.4, 503)
('read', 42.4, 42.4, 503)
('read', 42.4, 42.4, 503)
('ready', 42.4, 42.4, 503)
('read', 42.4, 42.4, 503)
('read', 42.4, 42.4, 503)
('ready', 42.4, 42.4, 503)
('read', 42.4, 42.4, 503)
('read', 42.4, 42.4, 503)
('read', 42.4, 42.4, 503)
('read', 42.4, 42.4, 503)
('ready', 42.4, 42.4, 503)
('read', 42.4, 42.4, 503)
('read', 42.4, 42.4, 503)
('ready', 42.4, 42.4, 503)
('read', 42.4, 42.4, 503)
('read', 42.4, 42.4, 503)
('read', 42.4, 42.4, 503)
('ready', 42.4, 42.4, 503)
('read', 42.4, 42.4, 503)
('read', 42.4, 42.5, 503)
('read', 42.4, 42.5, 503)
('ready', 42.4, 42.5, 503)
('read', 42.4, 42.5, 503)
('read', 42.5, 42.5, 503)
('read', 42.5, 42.5, 503)
('read', 42.5, 42.5, 503)
('ready', 42.5, 42.5, 503)
('read', 42.5, 42.5, 503)
('read', 42.5, 42.5, 503)
('ready', 42.5, 42.5, 503)
('read', 42.5, 42.5, 503)
('read', 42.5, 42.5, 503)
('read', 42.5, 42.5, 503)
('read', 42.5, 42.5, 503)
('ready', 42.5, 42.5, 503)
('read', 42.5, 42.5, 503)
('read', 42.5, 42.5, 503)
('ready', 42.5, 42.5, 503)
('read', 42.5, 42.5, 503)
('read', 42.5, 42.5, 503)
('read', 42.5, 42.5, 503)
('ready', 42.5, 42.5, 503)
('read', 42.5, 42.5, 503)
('read', 42.5, 42.5, 503)
('ready', 42.5, 42.5, 503)
('read', 42.5, 42.5, 503)
('read', 42.5, 42.5, 503)
('read', 42.5, 42.5, 503)
('ready', 42.5, 42.5, 503)
('read', 42.5, 42.5, 503)
('read', 42.5, 42.5, 503)
('read', 42.5, 42.5, 503)
('ready', 42.5, 42.5, 503)
('read', 42.5, 42.5, 503)
('read', 42.5, 42.5, 503)
('read', 42.5, 42.5, 503)
('read', 42.5, 42.5, 503)
('ready', 42.5, 42.5, 503)
('read', 42.5, 42.5, 503)
('read', 42.5, 42.6, 503)
('read', 42.5, 42.6, 503)
('read', 42.5, 42.6, 503)
('ready', 42.5, 42.6, 503)
('read', 42.6, 42.6, 503)
('read', 42.6, 42.6, 503)
('read', 42.6, 42.6, 503)
('ready', 42.6, 42.6, 503)
('read', 42.6, 42.6, 503)
('ready', 42.6, 42.6, 503)
('read', 42.6, 42.6, 503)
('read', 42.6, 42.6, 503)
('read', 42.6, 42.6, 503)
('ready', 42.6, 42.6, 503)
('read', 42.6, 42.6, 503)
('read', 42.6, 42.6, 503)
('read', 42.6, 42.6, 503)
('read', 42.6, 42.6, 503)
('ready', 42.6, 42.6, 503)
('read', 42.6, 42.6, 503)
('read', 42.6, 42.6, 503)
('read', 42.6, 42.6, 503)
('ready', 42.6, 42.6, 503)
('read', 42.6, 42.6, 503)
('read', 42.6, 42.6, 503)
('read', 42.6, 42.6, 503)
('ready', 42.6, 42.6, 503)
('read', 42.6, 42.6, 503)
('read', 42.6, 42.6, 503)
('read', 42.6, 42.6, 503)
('ready', 42.6, 42.6, 503)
('read', 42.6, 42.6, 503)
('read', 42.6, 42.6, 503)
('read', 42.6, 42.7, 503)
('ready', 42.6, 42.7, 503)
('read', 42.6, 42.7, 503)
('read', 42.6, 42.7, 503)
('read', 42.7, 42.7, 503)
('ready', 42.7, 42.7, 503)
('read', 42.7, 42.7, 503)
('read', 42.7, 42.7, 503)
('ready', 42.7, 42.7, 503)
('read', 42.7, 42.7, 503)
('read', 42.7, 42.7, 503)
('ready', 42.7, 42.7, 503)
('read', 42.7, 42.7, 503)
('read', 42.7, 42.7, 503)
('read', 42.7, 42.7, 503)
('ready', 42.7, 42.7, 503)
('read', 42.7, 42.7, 503)
('read', 42.7, 42.7, 503)
('read', 42.7, 42.7, 503)
('ready', 42.7, 42.7, 503)
('read', 42.7, 42.7, 503)
('read', 42.7, 42.7, 503)
('read', 42.7, 42.7, 503)
('ready', 42.7, 42.7, 503)
('read', 42.7, 42.7, 503)
('read', 42.7, 42.7, 503)
('read', 42.7, 42.7, 503)
('read', 42.7, 42.7, 503)
('read', 42.7, 42.7, 503)
('read', 42.7, 42.7, 503)
('ready', 42.7, 42.7, 503)
('read', 42.7, 42.7, 503)
('read', 42.7, 42.7, 503)
('read', 42.7, 42.7, 503)
('ready', 42.7, 42.7, 503)
('read', 42.7, 42.7, 503)
('read', 42.7, 42.7, 503)
('read', 42.7, 42.7, 503)
('ready', 42.7, 42.7, 503)
('read', 42.7, 42.7, 503)
('read', 42.7, 42.7, 503)
('ready', 42.7, 42.7, 503)
('read', 42.7, 42.8, 503)
('read', 42.7, 42.8, 503)
('read', 42.7, 42.8, 503)
('ready', 42.7, 42.8, 503)
('read', 42.8, 42.8, 503)
('read', 42.8, 42.8, 503)
('ready', 42.8, 42.8, 503)
('read', 42.8, 42.8, 503)
('read', 42.8, 42.8, 503)
('read', 42.8, 42.8, 503)
('ready', 42.8, 42.8, 503)
('read', 42.8, 42.8, 503)
('read', 42.8, 42.8, 503)
('read', 42.8, 42.8, 503)
('read', 42.8, 42.8, 503)
('ready', 42.8, 42.8, 503)
('read', 42.8, 42.8, 503)
('read', 42.8, 42.8, 503)
('read', 42.8, 42.8, 503)
('read', 42.8, 42.8, 503)
('ready', 42.8, 42.8, 503)
('read', 42.8, 42.8, 503)
('read', 42.8, 42.8, 503)
('ready', 42.8, 42.8, 503)
('read', 42.8, 42.8, 503)
('ready', 42.8, 42.8, 503)
('read', 42.8, 42.8, 503)
('read', 42.8, 42.8, 503)
('read', 42.8, 42.8, 503)
('ready', 42.8, 42.8, 503)
('read', 42.8, 42.8, 503)
('read', 42.8, 42.8, 503)
('read', 42.8, 42.8, 503)
('read', 42.8, 42.8, 503)
('ready', 42.8, 42.8, 503)
('read', 42.8, 42.8, 503)
('read', 42.8, 42.8, 503)
('read', 42.8, 42.9, 503)
('ready', 42.8, 42.9, 503)
('read', 42.8, 42.9, 503)
('read', 42.8, 42.9, 503)
('read', 42.9, 42.9, 503)
('ready', 42.9, 42.9, 503)
('read', 42.9, 42.9, 503)
('read', 42.9, 42.9, 503)
('read', 42.9, 42.9, 503)
('ready', 42.9, 42.9, 503)
('read', 42.9, 42.9, 503)
('read', 42.9, 42.9, 503)
('read', 42.9, 42.9, 503)
('ready', 42.9, 42.9, 503)
('read', 42.9, 42.9, 503)
('read', 42.9, 42.9, 503)
('read', 42.9, 42.9, 503)
('ready', 42.9, 42.9, 503)
('read', 42.9, 42.9, 503)
('read', 42.9, 42.9, 503)
('read', 42.9, 42.9, 503)
('ready', 42.9, 42.9, 503)
('read', 42.9, 42.9, 503)
('read', 42.9, 42.9, 503)
('read', 42.9, 42.9, 503)
('read', 42.9, 42.9, 503)
('ready', 42.9, 42.9, 503)
('ready', 42.9, 43.0, 503)
('read', 42.9, 43.0, 503)
('read', 42.9, 43.0, 503)
('read', 42.9, 43.0, 503)
('read', 43.0, 43.0, 503)
('read', 43.0, 43.0, 503)
('read', 43.0, 43.0, 503)
('ready', 43.0, 43.0, 503)
('read', 43.0, 43.0, 503)
('read', 43.0, 43.0, 503)
('read', 43.0, 43.0, 503)
('ready', 43.0, 43.0, 503)
('read', 43.0, 43.0, 503)
('read', 43.0, 43.0, 503)
('read', 43.0, 43.0, 503)
('ready', 43.0, 43.0, 503)
('read', 43.0, 43.0, 503)
('read', 43.0, 43.0, 503)
('ready', 43.0, 43.0, 503)
('read', 43.0, 43.0, 503)
('read', 43.0, 43.0, 503)
('read', 43.0, 43.0, 503)
('read', 43.0, 43.0, 503)
('ready', 43.0, 43.0, 503)
('read', 43.0, 43.0, 503)
('read', 43.0, 43.0, 503)
('ready', 43.0, 43.0, 503)
('read', 43.0, 43.0, 503)
('read', 43.0, 43.0, 503)
('ready', 43.0, 43.0, 503)
('read', 43.0, 43.0, 503)
('read', 43.0, 43.0, 503)
('read', 43.0, 43.0, 503)
('ready', 43.0, 43.0, 503)
('read', 43.0, 43.0, 503)
('read', 43.0, 43.0, 503)
('read', 43.0, 43.0, 503)
('read', 43.0, 43.0, 503)
('read', 43.0, 43.0, 503)
('ready', 43.0, 43.0, 503)
('read', 43.0, 43.0, 503)
('read', 43.0, 43.0, 503)
('read', 43.0, 43.0, 503)
('ready', 43.0, 43.0, 503)
('read', 43.0, 43.0, 503)
('read', 43.0, 43.1, 503)
('read', 43.0, 43.1, 503)
('ready', 43.0, 43.1, 503)
('read', 43.0, 43.1, 503)
('read', 43.1, 43.1, 503)
('read', 43.1, 43.1, 503)
('ready', 43.1, 43.1, 503)
('read', 43.1, 43.1, 503)
('read', 43.1, 43.1, 503)
('read', 43.1, 43.1, 503)
('ready', 43.1, 43.1, 503)
('read', 43.1, 43.1, 503)
('read', 43.1, 43.1, 503)
('read', 43.1, 43.1, 503)
('ready', 43.1, 43.1, 503)
('read', 43.1, 43.1, 503)
('read', 43.1, 43.1, 503)
('read', 43.1, 43.1, 503)
('ready', 43.1, 43.1, 503)
('read', 43.1, 43.1, 503)
('read', 43.1, 43.1, 503)
('read', 43.1, 43.1, 503)
('ready', 43.1, 43.1, 503)
('read', 43.1, 43.1, 503)
('read', 43.1, 43.1, 503)
('read', 43.1, 43.1, 503)
('ready', 43.1, 43.1, 503)
('read', 43.1, 43.1, 503)
('read', 43.1, 43.1, 503)
('ready', 43.1, 43.1, 503)
('read', 43.1, 43.1, 503)
('read', 43.1, 43.1, 503)
('read', 43.1, 43.1, 503)
('ready', 43.1, 43.1, 503)
('read', 43.1, 43.1, 503)
('read', 43.1, 43.1, 503)
('ready', 43.1, 43.1, 503)
('read', 43.1, 43.1, 503)
('read', 43.1, 43.1, 503)
('read', 43.1, 43.1, 503)
('read', 43.1, 43.1, 503)
('read', 43.1, 43.1, 503)
('ready', 43.1, 43.1, 503)
('read', 43.1, 43.2, 503)
('read', 43.1, 43.2, 503)
('read', 43.1, 43.2, 503)
('ready', 43.1, 43.2, 503)
('read', 43.2, 43.2, 503)
('read', 43.2, 43.2, 503)
('read', 43.2, 43.2, 503)
('ready', 43.2, 43.2, 503)
('read', 43.2, 43.2, 503)
('read', 43.2, 43.2, 503)
('read', 43.2, 43.2, 503)
('read', 43.2, 43.2, 503)
('ready', 43.2, 43.2, 503)
('read', 43.2, 43.2, 503)
('read', 43.2, 43.2, 503)
('ready', 43.2, 43.2, 503)
('read', 43.2, 43.2, 503)
('read', 43.2, 43.2, 503)
('ready', 43.2, 43.2, 503)
('read', 43.2, 43.2, 503)
('read', 43.2, 43.2, 503)
('read', 43.2, 43.2, 503)
('read', 43.2, 43.2, 503)
('ready', 43.2, 43.2, 503)
('read', 43.2, 43.2, 503)
('read', 43.2, 43.2, 503)
('read', 43.2, 43.2, 503)
('ready', 43.2, 43.2, 503)
('read', 43.2, 43.2, 503)
('read', 43.2, 43.2, 503)
('read', 43.2, 43.2, 503)
('ready', 43.2, 43.2, 503)
('read', 43.2, 43.2, 503)
('read', 43.2, 43.2, 503)
('ready', 43.2, 43.2, 503)
('read', 43.2, 43.2, 503)
('read', 43.2, 43.2, 503)
('read', 43.2, 43.2, 503)
('ready', 43.2, 43.2, 503)
('read', 43.2, 43.2, 503)
('read', 43.2, 43.2, 503)
('read', 43.2, 43.2, 503)
('ready', 43.2, 43.2, 503)
('read', 43.2, 43.3, 503)
('read', 43.2, 43.3, 503)
('read', 43.2, 43.3, 503)
('ready', 43.2, 43.3, 503)
('read', 43.3, 43.3, 503)
('read', 43.3, 43.3, 503)
('read', 43.3, 43.3, 503)
('ready', 43.3, 43.3, 503)
('read', 43.3, 43.3, 503)
('read', 43.3, 43.3, 503)
('read', 43.3, 43.3, 503)
('ready', 43.3, 43.3, 503)
('read', 43.3, 43.3, 503)
('read', 43.3, 43.3, 503)
('read', 43.3, 43.3, 503)
('ready', 43.3, 43.3, 503)
('read', 43.3, 43.3, 503)
('read', 43.3, 43.3, 503)
('ready', 43.3, 43.3, 503)
('read', 43.3, 43.3, 503)
('read', 43.3, 43.3, 503)
('read', 43.3, 43.3, 503)
('read', 43.3, 43.3, 503)
('ready', 43.3, 43.3, 503)
('read', 43.3, 43.3, 503)
('read', 43.3, 43.3, 503)
('ready', 43.3, 43.3, 503)
('read', 43.3, 43.3, 503)
('read', 43.3, 43.3, 503)
('read', 43.3, 43.3, 503)
('ready', 43.3, 43.3, 503)
('read', 43.3, 43.3, 503)
('read', 43.3, 43.3, 503)
('read', 43.3, 43.3, 503)
('read', 43.3, 43.3, 503)
('ready', 43.3, 43.3, 503)
('read', 43.3, 43.3, 503)
('read', 43.3, 43.3, 503)
('read', 43.3, 43.3, 503)
('read', 43.3, 43.3, 503)
('ready', 43.3, 43.3, 503)
('read', 43.3, 43.3, 503)
('read', 43.3, 43.3, 503)
('read', 43.3, 43.3, 503)
('read', 43.3, 43.3, 503)
('ready', 43.3, 43.3, 503)
('read', 43.3, 43.4, 503)
('read', 43.3, 43.4, 503)
('read', 43.3, 43.4, 503)
('ready', 43.3, 43.4, 503)
('read', 43.4, 43.4, 503)
('read', 43.4, 43.4, 503)
('read', 43.4, 43.4, 503)
('ready', 43.4, 43.4, 503)
('read', 43.4, 43.4, 503)
('read', 43.4, 43.4, 503)
('read', 43.4, 43.4, 503)
('ready', 43.4, 43.4, 503)
('read', 43.4, 43.4, 503)
('read', 43.4, 43.4, 503)
('read', 43.4, 43.4, 503)
('ready', 43.4, 43.4, 503)
('read', 43.4, 43.4, 503)
('read', 43.4, 43.4, 503)
('read', 43.4, 43.4, 503)
('ready', 43.4, 43.4, 503)
('read', 43.4, 43.4, 503)
('read', 43.4, 43.4, 503)
('read', 43.4, 43.4, 503)
('ready', 43.4, 43.4, 503)
('read', 43.4, 43.4, 503)
('read', 43.4, 43.4, 503)
('read', 43.4, 43.4, 503)
('ready', 43.4, 43.4, 503)
('read', 43.4, 43.4, 503)
('read', 43.4, 43.4, 503)
('ready', 43.4, 43.4, 503)
('read', 43.4, 43.4, 503)
('read', 43.4, 43.4, 503)
('read', 43.4, 43.4, 503)
('read', 43.4, 43.4, 503)
('ready', 43.4, 43.4, 503)
('read', 43.4, 43.4, 503)
('read', 43.4, 43.4, 503)
('read', 43.4, 43.4, 503)
('ready', 43.4, 43.4, 503)
('read', 43.4, 43.4, 503)
('read', 43.4, 43.4, 503)
('read', 43.4, 43.4, 503)
('ready', 43.4, 43.4, 503)
('read', 43.4, 43.4, 503)
('read', 43.4, 43.5, 503)
('read', 43.4, 43.5, 503)
('read', 43.4, 43.5, 503)
('ready', 43.4, 43.5, 503)
('read', 43.5, 43.5, 503)
('read', 43.5, 43.5, 503)
('read', 43.5, 43.5, 503)
('ready', 43.5, 43.5, 503)
('read', 43.5, 43.5, 503)
('read', 43.5, 43.5, 503)
('read', 43.5, 43.5, 503)
('ready', 43.5, 43.5, 503)
('read', 43.5, 43.5, 503)
('read', 43.5, 43.5, 503)
('read', 43.5, 43.5, 503)
('ready', 43.5, 43.5, 503)
('read', 43.5, 43.5, 503)
('read', 43.5, 43.5, 503)
('read', 43.5, 43.5, 503)
('ready', 43.5, 43.5, 503)
('read', 43.5, 43.5, 503)
('read', 43.5, 43.5, 503)
('read', 43.5, 43.5, 503)
('ready', 43.5, 43.5, 503)
('read', 43.5, 43.5, 503)
('read', 43.5, 43.5, 503)
('ready', 43.5, 43.5, 503)
('read', 43.5, 43.5, 503)
('read', 43.5, 43.5, 503)
('read', 43.5, 43.5, 503)
('ready', 43.5, 43.5, 503)
('read', 43.5, 43.5, 503)
('read', 43.5, 43.5, 503)
('read', 43.5, 43.5, 503)
('ready', 43.5, 43.5, 503)
('read', 43.5, 43.5, 503)
('read', 43.5, 43.5, 503)
('ready', 43.5, 43.5, 503)
('read', 43.5, 43.5, 503)
('read', 43.5, 43.5, 503)
('read', 43.5, 43.5, 503)
('ready', 43.5, 43.5, 503)
('read', 43.5, 43.5, 503)
('read', 43.5, 43.5, 503)
('ready', 43.5, 43.5, 503)
('read', 43.5, 43.5, 503)
('read', 43.5, 43.5, 503)
('read', 43.5, 43.5, 503)
('ready', 43.5, 43.6, 503)
('read', 43.5, 43.6, 503)
('read', 43.5, 43.6, 503)
('read', 43.5, 43.6, 503)
('ready', 43.6, 43.6, 503)
('ready', 43.6, 43.6, 503)
('read', 43.6, 43.6, 503)
('read', 43.6, 43.6, 503)
('read', 43.6, 43.6, 503)
('ready', 43.6, 43.6, 503)
('read', 43.6, 43.6, 503)
('read', 43.6, 43.6, 503)
('read', 43.6, 43.6, 503)
('read', 43.6, 43.6, 503)
('ready', 43.6, 43.6, 503)
('read', 43.6, 43.6, 503)
('read', 43.6, 43.6, 503)
('ready', 43.6, 43.6, 503)
('read', 43.6, 43.6, 503)
('read', 43.6, 43.6, 503)
('read', 43.6, 43.6, 503)
('ready', 43.6, 43.6, 503)
('read', 43.6, 43.6, 503)
('read', 43.6, 43.6, 503)
('ready', 43.6, 43.6, 503)
('read', 43.6, 43.6, 503)
('read', 43.6, 43.6, 503)
('read', 43.6, 43.6, 503)
('ready', 43.6, 43.6, 503)
('read', 43.6, 43.6, 503)
('read', 43.6, 43.6, 503)
('read', 43.6, 43.6, 503)
('ready', 43.6, 43.6, 503)
('read', 43.6, 43.6, 503)
('ready', 43.6, 43.6, 503)
('read', 43.6, 43.6, 503)
('read', 43.6, 43.6, 503)
('ready', 43.6, 43.6, 503)
('read', 43.6, 43.6, 503)
('read', 43.6, 43.6, 503)
('read', 43.6, 43.6, 503)
('ready', 43.6, 43.6, 503)
('read', 43.6, 43.6, 503)
('read', 43.6, 43.6, 503)
('read', 43.6, 43.6, 503)
('ready', 43.6, 43.6, 503)
('read', 43.6, 43.7, 503)
('ready', 43.6, 43.7, 503)
('read', 43.6, 43.7, 503)
('read', 43.6, 43.7, 503)
('read', 43.7, 43.7, 503)
('read', 43.7, 43.7, 503)
('read', 43.7, 43.7, 503)
('ready', 43.7, 43.7, 503)
('read', 43.7, 43.7, 503)
('read', 43.7, 43.7, 503)
('read', 43.7, 43.7, 503)
('read', 43.7, 43.7, 503)
('read', 43.7, 43.7, 503)
('ready', 43.7, 43.7, 503)
('read', 43.7, 43.7, 503)
('read', 43.7, 43.7, 503)
('read', 43.7, 43.7, 503)
('ready', 43.7, 43.7, 503)
('read', 43.7, 43.7, 503)
('read', 43.7, 43.7, 503)
('read', 43.7, 43.7, 503)
('ready', 43.7, 43.7, 503)
('read', 43.7, 43.7, 503)
('read', 43.7, 43.7, 503)
('ready', 43.7, 43.7, 503)
('read', 43.7, 43.7, 503)
('read', 43.7, 43.7, 503)
('read', 43.7, 43.7, 503)
('ready', 43.7, 43.7, 503)
('read', 43.7, 43.7, 503)
('read', 43.7, 43.7, 503)
('read', 43.7, 43.7, 503)
('ready', 43.7, 43.7, 503)
('read', 43.7, 43.7, 503)
('read', 43.7, 43.7, 503)
('read', 43.7, 43.7, 503)
('ready', 43.7, 43.7, 503)
('read', 43.7, 43.7, 503)
('read', 43.7, 43.7, 503)
('ready', 43.7, 43.7, 503)
('read', 43.7, 43.7, 503)
('read', 43.7, 43.7, 503)
('read', 43.7, 43.7, 503)
('read', 43.7, 43.7, 503)
('ready', 43.7, 43.7, 503)
('read', 43.7, 43.8, 503)
('read', 43.7, 43.8, 503)
('read', 43.7, 43.8, 503)
('ready', 43.7, 43.8, 503)
('read', 43.8, 43.8, 503)
('read', 43.8, 43.8, 503)
('read', 43.8, 43.8, 503)
('ready', 43.8, 43.8, 503)
('read', 43.8, 43.8, 503)
('read', 43.8, 43.8, 503)
('read', 43.8, 43.8, 503)
('read', 43.8, 43.8, 503)
('ready', 43.8, 43.8, 503)
('read', 43.8, 43.8, 503)
('read', 43.8, 43.8, 503)
('read', 43.8, 43.8, 503)
('ready', 43.8, 43.8, 503)
('read', 43.8, 43.8, 503)
('read', 43.8, 43.8, 503)
('read', 43.8, 43.8, 503)
('ready', 43.8, 43.8, 503)
('read', 43.8, 43.8, 503)
('read', 43.8, 43.8, 503)
('read', 43.8, 43.8, 503)
('read', 43.8, 43.8, 503)
('ready', 43.8, 43.8, 503)
('read', 43.8, 43.8, 503)
('read', 43.8, 43.8, 503)
('read', 43.8, 43.8, 503)
('ready', 43.8, 43.8, 503)
('read', 43.8, 43.8, 503)
('read', 43.8, 43.8, 503)
('read', 43.8, 43.8, 503)
('ready', 43.8, 43.8, 503)
('read', 43.8, 43.8, 503)
('read', 43.8, 43.8, 503)
('read', 43.8, 43.8, 503)
('ready', 43.8, 43.8, 503)
('read', 43.8, 43.8, 503)
('read', 43.8, 43.8, 503)
('read', 43.8, 43.8, 503)
('ready', 43.8, 43.8, 503)
('read', 43.8, 43.8, 503)
('read', 43.8, 43.8, 503)
('ready', 43.8, 43.8, 503)
('read', 43.8, 43.8, 503)
('read', 43.8, 43.9, 503)
('read', 43.8, 43.9, 503)
('ready', 43.8, 43.9, 503)
('read', 43.8, 43.9, 503)
('read', 43.9, 43.9, 503)
('read', 43.9, 43.9, 503)
('ready', 43.9, 43.9, 503)
('read', 43.9, 43.9, 503)
('read', 43.9, 43.9, 503)
('ready', 43.9, 43.9, 503)
('read', 43.9, 43.9, 503)
('read', 43.9, 43.9, 503)
('read', 43.9, 43.9, 503)
('ready', 43.9, 43.9, 503)
('read', 43.9, 43.9, 503)
('read', 43.9, 43.9, 503)
('read', 43.9, 43.9, 503)
('ready', 43.9, 43.9, 503)
('read', 43.9, 43.9, 503)
('read', 43.9, 43.9, 503)
('read', 43.9, 43.9, 503)
('ready', 43.9, 43.9, 503)
('read', 43.9, 43.9, 503)
('read', 43.9, 43.9, 503)
('read', 43.9, 43.9, 503)
('ready', 43.9, 43.9, 503)
('read', 43.9, 43.9, 503)
('read', 43.9, 43.9, 503)
('read', 43.9, 43.9, 503)
('ready', 43.9, 43.9, 503)
('read', 43.9, 43.9, 503)
('read', 43.9, 43.9, 503)
('ready', 43.9, 43.9, 503)
('read', 43.9, 43.9, 503)
('read', 43.9, 43.9, 503)
('read', 43.9, 43.9, 503)
('read', 43.9, 43.9, 503)
('ready', 43.9, 43.9, 503)
('read', 43.9, 43.9, 503)
('read', 43.9, 43.9, 503)
('read', 43.9, 43.9, 503)
('ready', 43.9, 43.9, 503)
('read', 43.9, 43.9, 503)
('read', 43.9, 43.9, 503)
('read', 43.9, 43.9, 503)
('ready', 43.9, 44.0, 503)
('read', 43.9, 44.0, 503)
('read', 43.9, 44.0, 503)
('read', 43.9, 44.0, 503)
('read', 44.0, 44.0, 503)
('read', 44.0, 44.0, 503)
('read', 44.0, 44.0, 503)
('ready', 44.0, 44.0, 503)
('read', 44.0, 44.0, 503)
('read', 44.0, 44.0, 503)
('read', 44.0, 44.0, 503)
('ready', 44.0, 44.0, 503)
('read', 44.0, 44.0, 503)
('read', 44.0, 44.0, 503)
('ready', 44.0, 44.0, 503)
('read', 44.0, 44.0, 503)
('read', 44.0, 44.0, 503)
('ready', 44.0, 44.0, 503)
('read', 44.0, 44.0, 503)
('read', 44.0, 44.0, 503)
('read', 44.0, 44.0, 503)
('ready', 44.0, 44.0, 503)
('read', 44.0, 44.0, 503)
('read', 44.0, 44.0, 503)
('ready', 44.0, 44.0, 503)
('read', 44.0, 44.0, 503)
('read', 44.0, 44.0, 503)
('read', 44.0, 44.0, 503)
('ready', 44.0, 44.0, 503)
('read', 44.0, 44.0, 503)
('read', 44.0, 44.0, 503)
('read', 44.0, 44.0, 503)
('ready', 44.0, 44.0, 503)
('read', 44.0, 44.0, 503)
('read', 44.0, 44.0, 503)
('read', 44.0, 44.0, 503)
('ready', 44.0, 44.0, 503)
('read', 44.0, 44.0, 503)
('read', 44.0, 44.0, 503)
('read', 44.0, 44.0, 503)
('ready', 44.0, 44.0, 503)
('read', 44.0, 44.0, 503)
('read', 44.0, 44.0, 503)
('read', 44.0, 44.0, 503)
('ready', 44.0, 44.0, 503)
('ready', 44.0, 44.0, 503)
('read', 44.0, 44.0, 503)
('read', 44.0, 44.1, 503)
('read', 44.0, 44.1, 503)
('read', 44.0, 44.1, 503)
('ready', 44.0, 44.1, 503)
('read', 44.1, 44.1, 503)
('read', 44.1, 44.1, 503)
('read', 44.1, 44.1, 503)
('ready', 44.1, 44.1, 503)
('read', 44.1, 44.1, 503)
('read', 44.1, 44.1, 503)
('ready', 44.1, 44.1, 503)
('read', 44.1, 44.1, 503)
('read', 44.1, 44.1, 503)
('read', 44.1, 44.1, 503)
('ready', 44.1, 44.1, 503)
('read', 44.1, 44.1, 503)
('read', 44.1, 44.1, 503)
('read', 44.1, 44.1, 503)
('ready', 44.1, 44.1, 503)
('read', 44.1, 44.1, 503)
('read', 44.1, 44.1, 503)
('read', 44.1, 44.1, 503)
('ready', 44.1, 44.1, 503)
('read', 44.1, 44.1, 503)
('read', 44.1, 44.1, 503)
('read', 44.1, 44.1, 503)
('ready', 44.1, 44.1, 503)
('read', 44.1, 44.1, 503)
('read', 44.1, 44.1, 503)
('read', 44.1, 44.1, 503)
('read', 44.1, 44.1, 503)
('ready', 44.1, 44.1, 503)
('read', 44.1, 44.1, 503)
('read', 44.1, 44.1, 503)
('read', 44.1, 44.1, 503)
('read', 44.1, 44.1, 503)
('ready', 44.1, 44.1, 503)
('read', 44.1, 44.1, 503)
('read', 44.1, 44.1, 503)
('ready', 44.1, 44.1, 503)
('read', 44.1, 44.1, 503)
('read', 44.1, 44.1, 503)
('ready', 44.1, 44.1, 503)
('read', 44.1, 44.2, 503)
('read', 44.1, 44.2, 503)
('read', 44.1, 44.2, 503)
('ready', 44.1, 44.2, 503)
('read', 44.2, 44.2, 503)
('ready', 44.2, 44.2, 503)
('read', 44.2, 44.2, 503)
('read', 44.2, 44.2, 503)
('read', 44.2, 44.2, 503)
('read', 44.2, 44.2, 503)
('ready', 44.2, 44.2, 503)
('read', 44.2, 44.2, 503)
('read', 44.2, 44.2, 503)
('read', 44.2, 44.2, 503)
('read', 44.2, 44.2, 503)
('ready', 44.2, 44.2, 503)
('read', 44.2, 44.2, 503)
('read', 44.2, 44.2, 503)
('read', 44.2, 44.2, 503)
('ready', 44.2, 44.2, 503)
('read', 44.2, 44.2, 503)
('ready', 44.2, 44.2, 503)
('read', 44.2, 44.2, 503)
('read', 44.2, 44.2, 503)
('read', 44.2, 44.2, 503)
('read', 44.2, 44.2, 503)
('ready', 44.2, 44.2, 503)
('read', 44.2, 44.2, 503)
('read', 44.2, 44.2, 503)
('read', 44.2, 44.2, 503)
('ready', 44.2, 44.2, 503)
('read', 44.2, 44.2, 503)
('read', 44.2, 44.2, 503)
('read', 44.2, 44.2, 503)
('read', 44.2, 44.2, 503)
('ready', 44.2, 44.2, 503)
('read', 44.2, 44.2, 503)
('read', 44.2, 44.2, 503)
('read', 44.2, 44.3, 503)
('ready', 44.2, 44.3, 503)
('read', 44.2, 44.3, 503)
('read', 44.2, 44.3, 503)
('read', 44.3, 44.3, 503)
('read', 44.3, 44.3, 503)
('read', 44.3, 44.3, 503)
('ready', 44.3, 44.3, 503)
('read', 44.3, 44.3, 503)
('read', 44.3, 44.3, 503)
('ready', 44.3, 44.3, 503)
('read', 44.3, 44.3, 503)
('read', 44.3, 44.3, 503)
('ready', 44.3, 44.3, 503)
('read', 44.3, 44.3, 503)
('read', 44.3, 44.3, 503)
('read', 44.3, 44.3, 503)
('ready', 44.3, 44.3, 503)
('read', 44.3, 44.3, 503)
('read', 44.3, 44.3, 503)
('read', 44.3, 44.3, 503)
('ready', 44.3, 44.3, 503)
('read', 44.3, 44.3, 503)
('read', 44.3, 44.3, 503)
('read', 44.3, 44.3, 503)
('ready', 44.3, 44.3, 503)
('read', 44.3, 44.3, 503)
('read', 44.3, 44.3, 503)
('read', 44.3, 44.3, 503)
('ready', 44.3, 44.3, 503)
('read', 44.3, 44.3, 503)
('read', 44.3, 44.3, 503)
('ready', 44.3, 44.3, 503)
('read', 44.3, 44.3, 503)
('read', 44.3, 44.3, 503)
('read', 44.3, 44.3, 503)
('ready', 44.3, 44.3, 503)
('read', 44.3, 44.4, 503)
('read', 44.3, 44.4, 503)
('ready', 44.3, 44.4, 503)
('read', 44.3, 44.4, 503)
('read', 44.4, 44.4, 503)
('read', 44.4, 44.4, 503)
('read', 44.4, 44.4, 503)
('ready', 44.4, 44.4, 503)
('read', 44.4, 44.4, 503)
('read', 44.4, 44.4, 503)
('read', 44.4, 44.4, 503)
('ready', 44.4, 44.4, 503)
('read', 44.4, 44.4, 503)
('read', 44.4, 44.4, 503)
('read', 44.4, 44.4, 503)
('ready', 44.4, 44.4, 503)
('read', 44.4, 44.4, 503)
('read', 44.4, 44.4, 503)
('read', 44.4, 44.4, 503)
('ready', 44.4, 44.4, 503)
('read', 44.4, 44.4, 503)
('read', 44.4, 44.4, 503)
('read', 44.4, 44.4, 503)
('ready', 44.4, 44.4, 503)
('read', 44.4, 44.4, 503)
('read', 44.4, 44.4, 503)
('ready', 44.4, 44.4, 503)
('read', 44.4, 44.4, 503)
('read', 44.4, 44.4, 503)
('ready', 44.4, 44.5, 503)
('read', 44.4, 44.5, 503)
('read', 44.4, 44.5, 503)
('read', 44.4, 44.5, 503)
('ready', 44.5, 44.5, 503)
('read', 44.5, 44.5, 503)
('ready', 44.5, 44.5, 503)
('read', 44.5, 44.5, 503)
('read', 44.5, 44.5, 503)
('read', 44.5, 44.5, 503)
('ready', 44.5, 44.5, 503)
('read', 44.5, 44.5, 503)
('read', 44.5, 44.5, 503)
('ready', 44.5, 44.5, 503)
('read', 44.5, 44.5, 503)
('read', 44.5, 44.5, 503)
('ready', 44.5, 44.5, 503)
('read', 44.5, 44.5, 503)
('read', 44.5, 44.5, 503)
('read', 44.5, 44.5, 503)
('ready', 44.5, 44.5, 503)
('read', 44.5, 44.5, 503)
('read', 44.5, 44.5, 503)
('read', 44.5, 44.5, 503)
('read', 44.5, 44.5, 503)
('ready', 44.5, 44.5, 503)
('read', 44.5, 44.5, 503)
('read', 44.5, 44.5, 503)
('ready', 44.5, 44.5, 503)
('read', 44.5, 44.5, 503)
('read', 44.5, 44.5, 503)
('ready', 44.5, 44.5, 503)
('read', 44.5, 44.5, 503)
('read', 44.5, 44.5, 503)
('read', 44.5, 44.5, 503)
('ready', 44.5, 44.5, 503)
('read', 44.5, 44.5, 503)
('read', 44.5, 44.5, 503)
('read', 44.5, 44.5, 503)
('ready', 44.5, 44.5, 503)
('read', 44.5, 44.6, 503)
('read', 44.5, 44.6, 503)
('ready', 44.5, 44.6, 503)
('read', 44.5, 44.6, 503)
('read', 44.6, 44.6, 503)
('read', 44.6, 44.6, 503)
('read', 44.6, 44.6, 503)
('ready', 44.6, 44.6, 503)
('read', 44.6, 44.6, 503)
('read', 44.6, 44.6, 503)
('ready', 44.6, 44.6, 503)
('read', 44.6, 44.6, 503)
('read', 44.6, 44.6, 503)
('read', 44.6, 44.6, 503)
('read', 44.6, 44.6, 503)
('read', 44.6, 44.6, 503)
('read', 44.6, 44.6, 503)
('ready', 44.6, 44.6, 503)
('ready', 44.6, 44.6, 503)
('read', 44.6, 44.6, 503)
('read', 44.6, 44.6, 503)
('read', 44.6, 44.6, 503)
('ready', 44.6, 44.6, 503)
('read', 44.6, 44.6, 503)
('read', 44.6, 44.6, 503)
('read', 44.6, 44.6, 503)
('ready', 44.6, 44.6, 503)
('read', 44.6, 44.6, 503)
('read', 44.6, 44.6, 503)
('read', 44.6, 44.6, 503)
('ready', 44.6, 44.6, 503)
('read', 44.6, 44.6, 503)
('read', 44.6, 44.6, 503)
('ready', 44.6, 44.6, 503)
('read', 44.6, 44.6, 503)
('read', 44.6, 44.6, 503)
('read', 44.6, 44.6, 503)
('ready', 44.6, 44.6, 503)
('read', 44.6, 44.6, 503)
('read', 44.6, 44.6, 503)
('ready', 44.6, 44.6, 503)
('read', 44.6, 44.6, 503)
('read', 44.6, 44.6, 503)
('read', 44.6, 44.6, 503)
('ready', 44.6, 44.7, 503)
('read', 44.6, 44.7, 503)
('read', 44.6, 44.7, 503)
('read', 44.6, 44.7, 503)
('ready', 44.7, 44.7, 503)
('read', 44.7, 44.7, 503)
('read', 44.7, 44.7, 503)
('read', 44.7, 44.7, 503)
('ready', 44.7, 44.7, 503)
('read', 44.7, 44.7, 503)
('read', 44.7, 44.7, 503)
('read', 44.7, 44.7, 503)
('read', 44.7, 44.7, 503)
('ready', 44.7, 44.7, 503)
('read', 44.7, 44.7, 503)
('ready', 44.7, 44.7, 503)
('read', 44.7, 44.7, 503)
('read', 44.7, 44.7, 503)
('read', 44.7, 44.7, 503)
('ready', 44.7, 44.7, 503)
('read', 44.7, 44.7, 503)
('read', 44.7, 44.7, 503)
('read', 44.7, 44.7, 503)
('ready', 44.7, 44.7, 503)
('read', 44.7, 44.7, 503)
('read', 44.7, 44.7, 503)
('read', 44.7, 44.7, 503)
('read', 44.7, 44.7, 503)
('read', 44.7, 44.7, 503)
('read', 44.7, 44.7, 503)
('ready', 44.7, 44.7, 503)
('read', 44.7, 44.7, 503)
('read', 44.7, 44.7, 503)
('ready', 44.7, 44.7, 503)
('read', 44.7, 44.7, 503)
('read', 44.7, 44.7, 503)
('read', 44.7, 44.7, 503)
('read', 44.7, 44.7, 503)
('ready', 44.7, 44.7, 503)
('read', 44.7, 44.8, 503)
('read', 44.7, 44.8, 503)
('read', 44.7, 44.8, 503)
('ready', 44.7, 44.8, 503)
('read', 44.8, 44.8, 503)
('ready', 44.8, 44.8, 503)
('read', 44.8, 44.8, 503)
('read', 44.8, 44.8, 503)
('read', 44.8, 44.8, 503)
('ready', 44.8, 44.8, 503)
('read', 44.8, 44.8, 503)
('read', 44.8, 44.8, 503)
('read', 44.8, 44.8, 503)
('ready', 44.8, 44.8, 503)
('read', 44.8, 44.8, 503)
('read', 44.8, 44.8, 503)
('read', 44.8, 44.8, 503)
('ready', 44.8, 44.8, 503)
('read', 44.8, 44.8, 503)
('read', 44.8, 44.8, 503)
('read', 44.8, 44.8, 503)
('ready', 44.8, 44.8, 503)
('read', 44.8, 44.8, 503)
('read', 44.8, 44.8, 503)
('read', 44.8, 44.8, 503)
('read', 44.8, 44.8, 503)
('ready', 44.8, 44.8, 503)
('read', 44.8, 44.8, 503)
('read', 44.8, 44.8, 503)
('read', 44.8, 44.8, 503)
('ready', 44.8, 44.8, 503)
('read', 44.8, 44.8, 503)
('ready', 44.8, 44.8, 503)
('read', 44.8, 44.8, 503)
('read', 44.8, 44.8, 503)
('read', 44.8, 44.8, 503)
('ready', 44.8, 44.8, 503)
('read', 44.8, 44.8, 503)
('read', 44.8, 44.8, 503)
('read', 44.8, 44.9, 503)
('read', 44.8, 44.9, 503)
('read', 44.8, 44.9, 503)
('ready', 44.8, 44.9, 503)
('ready', 44.9, 44.9, 503)
('read', 44.9, 44.9, 503)
('read', 44.9, 44.9, 503)
('read', 44.9, 44.9, 503)
('ready', 44.9, 44.9, 503)
('read', 44.9, 44.9, 503)
('read', 44.9, 44.9, 503)
('ready', 44.9, 44.9, 503)
('read', 44.9, 44.9, 503)
('read', 44.9, 44.9, 503)
('ready', 44.9, 44.9, 503)
('read', 44.9, 44.9, 503)
('read', 44.9, 44.9, 503)
('read', 44.9, 44.9, 503)
('read', 44.9, 44.9, 503)
('ready', 44.9, 44.9, 503)
('read', 44.9, 44.9, 503)
('read', 44.9, 44.9, 503)
('read', 44.9, 44.9, 503)
('ready', 44.9, 44.9, 503)
('read', 44.9, 44.9, 503)
('read', 44.9, 44.9, 503)
('read', 44.9, 44.9, 503)
('read', 44.9, 44.9, 503)
('ready', 44.9, 44.9, 503)
('read', 44.9, 44.9, 503)
('read', 44.9, 44.9, 503)
('read', 44.9, 44.9, 503)
('ready', 44.9, 44.9, 503)
('read', 44.9, 44.9, 503)
('read', 44.9, 44.9, 503)
('ready', 44.9, 44.9, 503)
('read', 44.9, 44.9, 503)
('read', 44.9, 44.9, 503)
('read', 44.9, 44.9, 503)
('ready', 44.9, 44.9, 503)
('read', 44.9, 44.9, 503)
('read', 44.9, 45.0, 503)
('ready', 44.9, 45.0, 503)
('read', 44.9, 45.0, 503)
('read', 44.9, 45.0, 503)
('read', 45.0, 45.0, 503)
('ready', 45.0, 45.0, 503)
('read', 45.0, 45.0, 503)
('read', 45.0, 45.0, 503)
('read', 45.0, 45.0, 503)
('ready', 45.0, 45.0, 503)
('read', 45.0, 45.0, 503)
('read', 45.0, 45.0, 503)
('read', 45.0, 45.0, 503)
('ready', 45.0, 45.0, 503)
('read', 45.0, 45.0, 503)
('read', 45.0, 45.0, 503)
('read', 45.0, 45.0, 503)
('ready', 45.0, 45.0, 503)
('read', 45.0, 45.0, 503)
('read', 45.0, 45.0, 503)
('read', 45.0, 45.0, 503)
('ready', 45.0, 45.0, 503)
('read', 45.0, 45.0, 503)
('read', 45.0, 45.0, 503)
('read', 45.0, 45.0, 503)
('ready', 45.0, 45.0, 503)
('read', 45.0, 45.0, 503)
('read', 45.0, 45.0, 503)
('read', 45.0, 45.0, 503)
('read', 45.0, 45.0, 503)
('ready', 45.0, 45.0, 503)
('read', 45.0, 45.0, 503)
('read', 45.0, 45.0, 503)
('ready', 45.0, 45.0, 503)
('read', 45.0, 45.0, 503)
('read', 45.0, 45.0, 503)
('read', 45.0, 45.0, 503)
('read', 45.0, 45.1, 503)
('read', 45.0, 45.1, 503)
('ready', 45.0, 45.1, 503)
('read', 45.0, 45.1, 503)
('ready', 45.1, 45.1, 503)
('read', 45.1, 45.1, 503)
('read', 45.1, 45.1, 503)
('read', 45.1, 45.1, 503)
('ready', 45.1, 45.1, 503)
('read', 45.1, 45.1, 503)
('read', 45.1, 45.1, 503)
('read', 45.1, 45.1, 503)
('read', 45.1, 45.1, 503)
('ready', 45.1, 45.1, 503)
('read', 45.1, 45.1, 503)
('read', 45.1, 45.1, 503)
('read', 45.1, 45.1, 503)
('ready', 45.1, 45.1, 503)
('read', 45.1, 45.1, 503)
('read', 45.1, 45.1, 503)
('read', 45.1, 45.1, 503)
('ready', 45.1, 45.1, 503)
('read', 45.1, 45.1, 503)
('read', 45.1, 45.1, 503)
('read', 45.1, 45.1, 503)
('ready', 45.1, 45.1, 503)
('read', 45.1, 45.1, 503)
('read', 45.1, 45.1, 503)
('read', 45.1, 45.1, 503)
('ready', 45.1, 45.1, 503)
('read', 45.1, 45.1, 503)
('read', 45.1, 45.1, 503)
('read', 45.1, 45.1, 503)
('read', 45.1, 45.1, 503)
('ready', 45.1, 45.1, 503)
('read', 45.1, 45.1, 503)
('ready', 45.1, 45.1, 503)
('read', 45.1, 45.1, 503)
('read', 45.1, 45.1, 503)
('read', 45.1, 45.1, 503)
('ready', 45.1, 45.1, 503)
('read', 45.1, 45.1, 503)
('ready', 45.1, 45.2, 503)
('read', 45.1, 45.2, 503)
('read', 45.1, 45.2, 503)
('read', 45.1, 45.2, 503)
('ready', 45.2, 45.2, 503)
('read', 45.2, 45.2, 503)
('read', 45.2, 45.2, 503)
('read', 45.2, 45.2, 503)
('ready', 45.2, 45.2, 503)
('read', 45.2, 45.2, 503)
('read', 45.2, 45.2, 503)
('read', 45.2, 45.2, 503)
('read', 45.2, 45.2, 503)
('ready', 45.2, 45.2, 503)
('read', 45.2, 45.2, 503)
('read', 45.2, 45.2, 503)
('read', 45.2, 45.2, 503)
('ready', 45.2, 45.2, 503)
('read', 45.2, 45.2, 503)
('read', 45.2, 45.2, 503)
('read', 45.2, 45.2, 503)
('ready', 45.2, 45.2, 503)
('read', 45.2, 45.2, 503)
('read', 45.2, 45.2, 503)
('read', 45.2, 45.2, 503)
('ready', 45.2, 45.2, 503)
('read', 45.2, 45.2, 503)
('read', 45.2, 45.2, 503)
('read', 45.2, 45.2, 503)
('ready', 45.2, 45.2, 503)
('read', 45.2, 45.2, 503)
('read', 45.2, 45.2, 503)
('ready', 45.2, 45.2, 503)
('read', 45.2, 45.2, 503)
('read', 45.2, 45.2, 503)
('ready', 45.2, 45.2, 503)
('read', 45.2, 45.2, 503)
('read', 45.2, 45.2, 503)
('ready', 45.2, 45.2, 503)
('read', 45.2, 45.2, 503)
('read', 45.2, 45.2, 503)
('read', 45.2, 45.2, 503)
('read', 45.2, 45.2, 503)
('ready', 45.2, 45.2, 503)
('read', 45.2, 45.2, 503)
('read', 45.2, 45.2, 503)
('read', 45.2, 45.2, 503)
('ready', 45.2, 45.2, 503)
('ready', 45.2, 45.3, 503)
('read', 45.2, 45.3, 503)
('read', 45.2, 45.3, 503)
('read', 45.2, 45.3, 503)
('ready', 45.3, 45.3, 503)
('ready', 45.3, 45.3, 503)
('read', 45.3, 45.3, 503)
('read', 45.3, 45.3, 503)
('read', 45.3, 45.3, 503)
('read', 45.3, 45.3, 503)
('read', 45.3, 45.3, 503)
('read', 45.3, 45.3, 503)
('ready', 45.3, 45.3, 503)
('read', 45.3, 45.3, 503)
('ready', 45.3, 45.3, 503)
('read', 45.3, 45.3, 503)
('read', 45.3, 45.3, 503)
('read', 45.3, 45.3, 503)
('read', 45.3, 45.3, 503)
('ready', 45.3, 45.3, 503)
('read', 45.3, 45.3, 503)
('read', 45.3, 45.3, 503)
('read', 45.3, 45.3, 200)
('read', 45.3, 45.3, 200)
('ready', 45.3, 45.3, 200)
('read', 45.3, 45.3, 200)
('read', 45.3, 45.3, 200)
('read', 45.3, 45.3, 200)
('ready', 45.3, 45.4, 200)
('read', 45.3, 45.4, 200)
('read', 45.3, 45.4, 200)
('read', 45.3, 45.4, 200)
('read', 45.4, 45.4, 200)
('read', 45.4, 45.4, 200)
('read', 45.4, 45.4, 200)
('read', 45.4, 45.4, 200)
('read', 45.4, 45.4, 200)
('read', 45.4, 45.4, 200)
('read', 45.4, 45.4, 200)
('read', 45.4, 45.4, 200)
('read', 45.4, 45.4, 200)
('read', 45.4, 45.4, 200)
('ready', 45.4, 45.4, 200)
('read', 45.4, 45.4, 200)
('read', 45.4, 45.4, 200)
('read', 45.4, 45.4, 200)
('read', 45.4, 45.4, 200)
('read', 45.4, 45.4, 200)
('read', 45.4, 45.4, 200)
('read', 45.4, 45.4, 200)
('read', 45.4, 45.4, 200)
('read', 45.4, 45.4, 200)
('read', 45.4, 45.4, 200)
('read', 45.4, 45.4, 200)
('read', 45.4, 45.4, 200)
('read', 45.4, 45.4, 200)
('read', 45.4, 45.5, 200)
('ready', 45.4, 45.5, 200)
('read', 45.4, 45.5, 200)
('read', 45.4, 45.5, 200)
('read', 45.5, 45.5, 200)
('read', 45.5, 45.5, 200)
('read', 45.5, 45.5, 200)
('read', 45.5, 45.5, 200)
('read', 45.5, 45.5, 200)
('read', 45.5, 45.5, 200)
('read', 45.5, 45.5, 200)
('read', 45.5, 45.5, 200)
('read', 45.5, 45.5, 200)
('read', 45.5, 45.5, 200)
('read', 45.5, 45.5, 200)
('ready', 45.5, 45.5, 200)
('read', 45.5, 45.5, 200)
('read', 45.5, 45.5, 200)
('read', 45.5, 45.5, 200)
('read', 45.5, 45.5, 200)
('read', 45.5, 45.5, 200)
('read', 45.5, 45.5, 200)
('read', 45.5, 45.5, 200)
('read', 45.5, 45.5, 200)
('read', 45.5, 45.5, 200)
('read', 45.5, 45.5, 200)
('read', 45.5, 45.5, 200)
('read', 45.5, 45.5, 200)
('read', 45.5, 45.6, 200)
('read', 45.5, 45.6, 200)
('ready', 45.5, 45.6, 200)
('read', 45.5, 45.6, 200)
('read', 45.6, 45.6, 200)
('read', 45.6, 45.6, 200)
('read', 45.6, 45.6, 200)
('read', 45.6, 45.6, 200)
('read', 45.6, 45.6, 200)
('read', 45.6, 45.6, 200)
('read', 45.6, 45.6, 200)
('read', 45.6, 45.6, 200)
('read', 45.6, 45.6, 200)
('read', 45.6, 45.6, 200)
('ready', 45.6, 45.6, 200)
('read', 45.6, 45.6, 200)
('read', 45.6, 45.6, 200)
('read', 45.6, 45.6, 200)
('read', 45.6, 45.6, 200)
('read', 45.6, 45.6, 200)
('read', 45.6, 45.6, 200)
('read', 45.6, 45.6, 200)
('read', 45.6, 45.6, 200)
('read', 45.6, 45.6, 200)
('read', 45.6, 45.6, 200)
('read', 45.6, 45.6, 200)
('read', 45.6, 45.6, 200)
('read', 45.6, 45.6, 200)
('read', 45.6, 45.6, 200)
('read', 45.6, 45.7, 200)
('ready', 45.6, 45.7, 200)
('read', 45.6, 45.7, 200)
('read', 45.6, 45.7, 200)
('read', 45.7, 45.7, 200)
('read', 45.7, 45.7, 200)
('read', 45.7, 45.7, 200)
('read', 45.7, 45.7, 200)
('read', 45.7, 45.7, 200)
('read', 45.7, 45.7, 200)
('read', 45.7, 45.7, 200)
('read', 45.7, 45.7, 200)
('read', 45.7, 45.7, 200)
('read', 45.7, 45.7, 200)
('ready', 45.7, 45.7, 200)
('read', 45.7, 45.7, 200)
('read', 45.7, 45.7, 200)
('read', 45.7, 45.7, 200)
('read', 45.7, 45.7, 200)
('read', 45.7, 45.7, 200)
('read', 45.7, 45.7, 200)
('read', 45.7, 45.7, 200)
('read', 45.7, 45.7, 200)
('read', 45.7, 45.7, 200)
('read', 45.7, 45.7, 200)
('read', 45.7, 45.7, 200)
('read', 45.7, 45.7, 200)
('ready', 45.7, 45.7, 200)
('read', 45.7, 45.7, 200)
('read', 45.7, 45.7, 200)
('read', 45.7, 45.8, 200)
('read', 45.7, 45.8, 200)
('read', 45.7, 45.8, 200)
('ready', 45.7, 45.8, 200)
('read', 45.8, 45.8, 200)
('read', 45.8, 45.8, 200)
('read', 45.8, 45.8, 200)
('read', 45.8, 45.8, 200)
('read', 45.8, 45.8, 200)
('read', 45.8, 45.8, 200)
('read', 45.8, 45.8, 200)
('read', 45.8, 45.8, 200)
('read', 45.8, 45.8, 200)
('read', 45.8, 45.8, 200)
('read', 45.8, 45.8, 200)
('read', 45.8, 45.8, 200)
('read', 45.8, 45.8, 200)
('read', 45.8, 45.8, 200)
('read', 45.8, 45.8, 200)
('read', 45.8, 45.8, 200)
('read', 45.8, 45.8, 200)
('read', 45.8, 45.8, 200)
('read', 45.8, 45.8, 200)
('read', 45.8, 45.8, 200)
('read', 45.8, 45.8, 200)
('ready', 45.8, 45.8, 200)
('read', 45.8, 45.8, 200)
('read', 45.8, 45.8, 200)
('read', 45.8, 45.9, 200)
('read', 45.8, 45.9, 200)
('read', 45.8, 45.9, 200)
('ready', 45.8, 45.9, 200)
('read', 45.9, 45.9, 200)
('read', 45.9, 45.9, 200)
('read', 45.9, 45.9, 200)
('read', 45.9, 45.9, 200)
('read', 45.9, 45.9, 200)
('read', 45.9, 45.9, 200)
('read', 45.9, 45.9, 200)
('read', 45.9, 45.9, 200)
('read', 45.9, 45.9, 200)
('read', 45.9, 45.9, 200)
('read', 45.9, 45.9, 200)
('read', 45.9, 45.9, 200)
('read', 45.9, 45.9, 200)
('read', 45.9, 45.9, 200)
('read', 45.9, 45.9, 200)
('read', 45.9, 45.9, 200)
('read', 45.9, 45.9, 200)
('read', 45.9, 45.9, 200)
('read', 45.9, 45.9, 200)
('read', 45.9, 45.9, 200)
('read', 45.9, 45.9, 200)
('read', 45.9, 45.9, 200)
('read', 45.9, 45.9, 200)
('read', 45.9, 45.9, 200)
('read', 45.9, 46.0, 200)
('ready', 45.9, 46.0, 200)
('read', 45.9, 46.0, 200)
('read', 45.9, 46.0, 200)
('read', 46.0, 46.0, 200)
('read', 46.0, 46.0, 200)
('read', 46.0, 46.0, 200)
('read', 46.0, 46.0, 200)
('read', 46.0, 46.0, 200)
('read', 46.0, 46.0, 200)
('read', 46.0, 46.0, 200)
('read', 46.0, 46.0, 200)
('read', 46.0, 46.0, 200)
('read', 46.0, 46.0, 200)
('read', 46.0, 46.0, 200)
('read', 46.0, 46.0, 200)
('ready', 46.0, 46.0, 200)
('read', 46.0, 46.0, 200)
('read', 46.0, 46.0, 200)
('read', 46.0, 46.0, 200)
('read', 46.0, 46.0, 200)
('read', 46.0, 46.0, 200)
('read', 46.0, 46.0, 200)
('read', 46.0, 46.0, 200)
('read', 46.0, 46.0, 200)
('read', 46.0, 46.0, 200)
('read', 46.0, 46.0, 200)
('read', 46.0, 46.0, 200)
('read', 46.0, 46.1, 200)
('read', 46.0, 46.1, 200)
('read', 46.0, 46.1, 200)
('ready', 46.0, 46.1, 200)
('read', 46.1, 46.1, 200)
('read', 46.1, 46.1, 200)
('read', 46.1, 46.1, 200)
('read', 46.1, 46.1, 200)
('read', 46.1, 46.1, 200)
('read', 46.1, 46.1, 200)
('read', 46.1, 46.1, 200)
('read', 46.1, 46.1, 200)
('read', 46.1, 46.1, 200)
('read', 46.1, 46.1, 200)
('read', 46.1, 46.1, 200)
('ready', 46.1, 46.1, 200)
('read', 46.1, 46.1, 200)
('read', 46.1, 46.1, 200)
('read', 46.1, 46.1, 200)
('read', 46.1, 46.1, 200)
('read', 46.1, 46.1, 200)
('read', 46.1, 46.1, 200)
('read', 46.1, 46.1, 200)
('read', 46.1, 46.1, 200)
('read', 46.1, 46.1, 200)
('read', 46.1, 46.1, 200)
('read', 46.1, 46.1, 200)
('read', 46.1, 46.1, 200)
('read', 46.1, 46.2, 200)
('read', 46.1, 46.2, 200)
('ready', 46.1, 46.2, 200)
('read', 46.1, 46.2, 200)
('read', 46.2, 46.2, 200)
('read', 46.2, 46.2, 200)
('read', 46.2, 46.2, 200)
('read', 46.2, 46.2, 200)
('read', 46.2, 46.2, 200)
('read', 46.2, 46.2, 200)
('read', 46.2, 46.2, 200)
('read', 46.2, 46.2, 200)
('read', 46.2, 46.2, 200)
('read', 46.2, 46.2, 200)
('read', 46.2, 46.2, 200)
('read', 46.2, 46.2, 200)
('read', 46.2, 46.2, 200)
('ready', 46.2, 46.2, 200)
('read', 46.2, 46.2, 200)
('read', 46.2, 46.2, 200)
('read', 46.2, 46.2, 200)
('read', 46.2, 46.2, 200)
('read', 46.2, 46.2, 200)
('read', 46.2, 46.2, 200)
('read', 46.2, 46.2, 200)
('read', 46.2, 46.2, 200)
('read', 46.2, 46.2, 200)
('read', 46.2, 46.2, 200)
('read', 46.2, 46.2, 200)
('read', 46.2, 46.3, 200)
('ready', 46.2, 46.3, 200)
('read', 46.2, 46.3, 200)
('read', 46.2, 46.3, 200)
('read', 46.3, 46.3, 200)
('read', 46.3, 46.3, 200)
('read', 46.3, 46.3, 200)
('read', 46.3, 46.3, 200)
('read', 46.3, 46.3, 200)
('read', 46.3, 46.3, 200)
('read', 46.3, 46.3, 200)
('read', 46.3, 46.3, 200)
('read', 46.3, 46.3, 200)
('read', 46.3, 46.3, 200)
('read', 46.3, 46.3, 200)
('ready', 46.3, 46.3, 200)
('read', 46.3, 46.3, 200)
('read', 46.3, 46.3, 200)
('read', 46.3, 46.3, 200)
('read', 46.3, 46.3, 200)
('read', 46.3, 46.3, 200)
('read', 46.3, 46.3, 200)
('read', 46.3, 46.3, 200)
('read', 46.3, 46.3, 200)
('read', 46.3, 46.3, 200)
('read', 46.3, 46.3, 200)
('read', 46.3, 46.3, 200)
('read', 46.3, 46.3, 200)
('read', 46.3, 46.4, 200)
('ready', 46.3, 46.4, 200)
('read', 46.3, 46.4, 200)
('read', 46.3, 46.4, 200)
('read', 46.4, 46.4, 200)
('read', 46.4, 46.4, 200)
('read', 46.4, 46.4, 200)
('read', 46.4, 46.4, 200)
('read', 46.4, 46.4, 200)
('read', 46.4, 46.4, 200)
('read', 46.4, 46.4, 200)
('read', 46.4, 46.4, 200)
('read', 46.4, 46.4, 200)
('read', 46.4, 46.4, 200)
('ready', 46.4, 46.4, 200)
('read', 46.4, 46.4, 200)
('read', 46.4, 46.4, 200)
('read', 46.4, 46.4, 200)
('read', 46.4, 46.4, 200)
('read', 46.4, 46.4, 200)
('read', 46.4, 46.4, 200)
('read', 46.4, 46.4, 200)
('read', 46.4, 46.4, 200)
('read', 46.4, 46.4, 200)
('read', 46.4, 46.4, 200)
('read', 46.4, 46.4, 200)
('read', 46.4, 46.4, 200)
('read', 46.4, 46.4, 200)
('read', 46.4, 46.5, 200)
('ready', 46.4, 46.5, 200)
('read', 46.4, 46.5, 200)
('read', 46.4, 46.5, 200)
('read', 46.5, 46.5, 200)
('read', 46.5, 46.5, 200)
('read', 46.5, 46.5, 200)
('read', 46.5, 46.5, 200)
('read', 46.5, 46.5, 200)
('read', 46.5, 46.5, 200)
('read', 46.5, 46.5, 200)
('read', 46.5, 46.5, 200)
('read', 46.5, 46.5, 200)
('read', 46.5, 46.5, 200)
('read', 46.5, 46.5, 200)
('read', 46.5, 46.5, 200)
('ready', 46.5, 46.5, 200)
('read', 46.5, 46.5, 200)
('read', 46.5, 46.5, 200)
('read', 46.5, 46.5, 200)
('read', 46.5, 46.6, 200)
('read', 46.5, 46.6, 200)
('read', 46.5, 46.6, 200)
('ready', 46.5, 46.6, 200)
('read', 46.6, 46.6, 200)
('read', 46.6, 46.6, 200)
('read', 46.6, 46.6, 200)
('read', 46.6, 46.6, 200)
('read', 46.6, 46.6, 200)
('read', 46.6, 46.6, 200)
('read', 46.6, 46.6, 200)
('read', 46.6, 46.6, 200)
('read', 46.6, 46.6, 200)
('read', 46.6, 46.6, 200)
('read', 46.6, 46.6, 200)
('read', 46.6, 46.6, 200)
('read', 46.6, 46.6, 200)
('read', 46.6, 46.6, 200)
('read', 46.6, 46.6, 200)
('read', 46.6, 46.6, 200)
('read', 46.6, 46.6, 200)
('read', 46.6, 46.6, 200)
('read', 46.6, 46.6, 200)
('read', 46.6, 46.6, 200)
('read', 46.6, 46.6, 200)
('read', 46.6, 46.7, 200)
('read', 46.6, 46.7, 200)
('read', 46.6, 46.7, 200)
('ready', 46.6, 46.7, 200)
('read', 46.7, 46.7, 200)
('read', 46.7, 46.7, 200)
('read', 46.7, 46.7, 200)
('read', 46.7, 46.7, 200)
('read', 46.7, 46.7, 200)
('read', 46.7, 46.7, 200)
('read', 46.7, 46.7, 200)
('read', 46.7, 46.7, 200)
('read', 46.7, 46.7, 200)
('read', 46.7, 46.7, 200)
('read', 46.7, 46.7, 200)
('read', 46.7, 46.7, 200)
('read', 46.7, 46.7, 200)
('read', 46.7, 46.7, 200)
('read', 46.7, 46.7, 200)
('read', 46.7, 46.7, 200)
('read', 46.7, 46.7, 200)
('read', 46.7, 46.7, 200)
('ready', 46.7, 46.7, 200)
('read', 46.7, 46.7, 200)
('read', 46.7, 46.7, 200)
('read', 46.7, 46.7, 200)
('read', 46.7, 46.7, 200)
('read', 46.7, 46.7, 200)
('read', 46.7, 46.8, 200)
('read', 46.7, 46.8, 200)
('read', 46.7, 46.8, 200)
('ready', 46.7, 46.8, 200)
('read', 46.8, 46.8, 200)
('read', 46.8, 46.8, 200)
('read', 46.8, 46.8, 200)
('read', 46.8, 46.8, 200)
('read', 46.8, 46.8, 200)
('read', 46.8, 46.8, 200)
('read', 46.8, 46.8, 200)
('read', 46.8, 46.8, 200)
('read', 46.8, 46.8, 200)
('read', 46.8, 46.8, 200)
('read', 46.8, 46.8, 200)
('read', 46.8, 46.8, 200)
('read', 46.8, 46.8, 200)
('read', 46.8, 46.8, 200)
('read', 46.8, 46.8, 200)
('read', 46.8, 46.8, 200)
('read', 46.8, 46.8, 200)
('read', 46.8, 46.8, 200)
('read', 46.8, 46.8, 200)
('read', 46.8, 46.8, 200)
('read', 46.8, 46.8, 200)
('read', 46.8, 46.8, 200)
('read', 46.8, 46.8, 200)
('read', 46.8, 46.8, 200)
('ready', 46.8, 46.9, 200)
('read', 46.8, 46.9, 200)
('read', 46.8, 46.9, 200)
('read', 46.8, 46.9, 200)
('read', 46.9, 46.9, 200)
('read', 46.9, 46.9, 200)
('read', 46.9, 46.9, 200)
('read', 46.9, 46.9, 200)
('read', 46.9, 46.9, 200)
('read', 46.9, 46.9, 200)
('read', 46.9, 46.9, 200)
('read', 46.9, 46.9, 200)
('read', 46.9, 46.9, 200)
('read', 46.9, 46.9, 200)
('read', 46.9, 46.9, 200)
('read', 46.9, 46.9, 200)
('read', 46.9, 46.9, 200)
('read', 46.9, 46.9, 200)
('read', 46.9, 46.9, 200)
('ready', 46.9, 46.9, 200)
('read', 46.9, 46.9, 200)
('read', 46.9, 46.9, 200)
('read', 46.9, 46.9, 200)
('read', 46.9, 46.9, 200)
('read', 46.9, 46.9, 200)
('read', 46.9, 46.9, 200)
('read', 46.9, 46.9, 200)
('read', 46.9, 46.9, 200)
('read', 46.9, 46.9, 200)
('read', 46.9, 47.0, 200)
('read', 46.9, 47.0, 200)
('read', 46.9, 47.0, 200)
('ready', 46.9, 47.0, 200)
('read', 47.0, 47.0, 200)
('read', 47.0, 47.0, 200)
('read', 47.0, 47.0, 200)
('read', 47.0, 47.0, 200)
('read', 47.0, 47.0, 200)
('read', 47.0, 47.0, 200)
('read', 47.0, 47.0, 200)
('read', 47.0, 47.0, 200)
('read', 47.0, 47.0, 200)
('read', 47.0, 47.0, 200)
('read', 47.0, 47.0, 200)
('read', 47.0, 47.0, 200)
('read', 47.0, 47.0, 200)
('read', 47.0, 47.0, 200)
('read', 47.0, 47.0, 200)
('read', 47.0, 47.0, 200)
('read', 47.0, 47.0, 200)
('read', 47.0, 47.0, 200)
('read', 47.0, 47.0, 200)
('read', 47.0, 47.0, 200)
('ready', 47.0, 47.0, 200)
('read', 47.0, 47.0, 200)
('read', 47.0, 47.0, 200)
('read', 47.0, 47.0, 200)
('read', 47.0, 47.1, 200)
('read', 47.0, 47.1, 200)
('read', 47.0, 47.1, 200)
('ready', 47.0, 47.1, 200)
('read', 47.1, 47.1, 200)
('read', 47.1, 47.1, 200)
('read', 47.1, 47.1, 200)
('read', 47.1, 47.1, 200)
('read', 47.1, 47.1, 200)
('read', 47.1, 47.1, 200)
('read', 47.1, 47.1, 200)
('read', 47.1, 47.1, 200)
('read', 47.1, 47.1, 200)
('read', 47.1, 47.1, 200)
('read', 47.1, 47.1, 200)
('read', 47.1, 47.1, 200)
('read', 47.1, 47.1, 200)
('read', 47.1, 47.1, 200)
('read', 47.1, 47.1, 200)
('read', 47.1, 47.1, 200)
('read', 47.1, 47.1, 200)
('read', 47.1, 47.1, 200)
('read', 47.1, 47.1, 200)
('read', 47.1, 47.1, 200)
('read', 47.1, 47.1, 200)
('read', 47.1, 47.2, 200)
('read', 47.1, 47.2, 200)
('read', 47.1, 47.2, 200)
('ready', 47.1, 47.2, 200)
('read', 47.2, 47.2, 200)
('read', 47.2, 47.2, 200)
('read', 47.2, 47.2, 200)
('read', 47.2, 47.2, 200)
('read', 47.2, 47.2, 200)
('read', 47.2, 47.2, 200)
('read', 47.2, 47.2, 200)
('read', 47.2, 47.2, 200)
('read', 47.2, 47.2, 200)
('read', 47.2, 47.2, 200)
('read', 47.2, 47.2, 200)
('read', 47.2, 47.2, 200)
('read', 47.2, 47.2, 200)
('read', 47.2, 47.2, 200)
('read', 47.2, 47.2, 200)
('read', 47.2, 47.2, 200)
('read', 47.2, 47.2, 200)
('read', 47.2, 47.2, 200)
('read', 47.2, 47.2, 200)
('read', 47.2, 47.2, 200)
('read', 47.2, 47.2, 200)
('read', 47.2, 47.2, 200)
('read', 47.2, 47.2, 200)
('read', 47.2, 47.2, 200)
('read', 47.2, 47.3, 200)
('read', 47.2, 47.3, 200)
('read', 47.2, 47.3, 200)
('ready', 47.2, 47.3, 200)
('read', 47.3, 47.3, 200)
('read', 47.3, 47.3, 200)
('read', 47.3, 47.3, 200)
('read', 47.3, 47.3, 200)
('read', 47.3, 47.3, 200)
('read', 47.3, 47.3, 200)
('read', 47.3, 47.3, 200)
('read', 47.3, 47.3, 200)
('read', 47.3, 47.3, 200)
('read', 47.3, 47.3, 200)
('read', 47.3, 47.3, 200)
('read', 47.3, 47.3, 200)
('read', 47.3, 47.3, 200)
('read', 47.3, 47.3, 200)
('read', 47.3, 47.3, 200)
('read', 47.3, 47.3, 200)
('read', 47.3, 47.3, 200)
('ready', 47.3, 47.3, 200)
('read', 47.3, 47.3, 200)
('read', 47.3, 47.3, 200)
('read', 47.3, 47.3, 200)
('read', 47.3, 47.3, 200)
('read', 47.3, 47.3, 200)
('read', 47.3, 47.4, 200)
('read', 47.3, 47.4, 200)
('read', 47.3, 47.4, 200)
('ready', 47.3, 47.4, 200)
('read', 47.4, 47.4, 200)
('read', 47.4, 47.4, 200)
('read', 47.4, 47.4, 200)
('read', 47.4, 47.4, 200)
('read', 47.4, 47.4, 200)
('read', 47.4, 47.4, 200)
('read', 47.4, 47.4, 200)
('read', 47.4, 47.4, 200)
('read', 47.4, 47.4, 200)
('read', 47.4, 47.4, 200)
('read', 47.4, 47.4, 200)
('read', 47.4, 47.4, 200)
('read', 47.4, 47.4, 200)
('read', 47.4, 47.4, 200)
('read', 47.4, 47.4, 200)
('read', 47.4, 47.4, 200)
('read', 47.4, 47.4, 200)
('read', 47.4, 47.4, 200)
('read', 47.4, 47.4, 200)
('read', 47.4, 47.4, 200)
('read', 47.4, 47.4, 200)
('read', 47.4, 47.4, 200)
('read', 47.4, 47.5, 200)
('read', 47.4, 47.5, 200)
('read', 47.4, 47.5, 200)
('ready', 47.4, 47.5, 200)
('read', 47.5, 47.5, 200)
('read', 47.5, 47.5, 200)
('read', 47.5, 47.5, 200)
('read', 47.5, 47.5, 200)
('read', 47.5, 47.5, 200)
('read', 47.5, 47.5, 200)
('read', 47.5, 47.5, 200)
('read', 47.5, 47.5, 200)
('read', 47.5, 47.5, 200)
('read', 47.5, 47.5, 200)
('read', 47.5, 47.5, 200)
('read', 47.5, 47.5, 200)
('read', 47.5, 47.5, 200)
('read', 47.5, 47.5, 200)
('read', 47.5, 47.5, 200)
('read', 47.5, 47.5, 200)
('read', 47.5, 47.5, 200)
('read', 47.5, 47.5, 200)
('read', 47.5, 47.5, 200)
('ready', 47.5, 47.5, 200)
('read', 47.5, 47.5, 200)
('read', 47.5, 47.5, 200)
('read', 47.5, 47.5, 200)
('read', 47.5, 47.5, 200)
('read', 47.5, 47.5, 200)
('read', 47.5, 47.6, 200)
('read', 47.5, 47.6, 200)
('read', 47.5, 47.6, 200)
('ready', 47.5, 47.6, 200)
('read', 47.6, 47.6, 200)
('read', 47.6, 47.6, 200)
('read', 47.6, 47.6, 200)
('read', 47.6, 47.6, 200)
('read', 47.6, 47.6, 200)
('read', 47.6, 47.6, 200)
('read', 47.6, 47.6, 200)
('read', 47.6, 47.6, 200)
('read', 47.6, 47.6, 200)
('read', 47.6, 47.6, 200)
('read', 47.6, 47.6, 200)
('read', 47.6, 47.6, 200)
('read', 47.6, 47.6, 200)
('read', 47.6, 47.6, 200)
('read', 47.6, 47.6, 200)
('read', 47.6, 47.6, 200)
('read', 47.6, 47.6, 200)
('read', 47.6, 47.6, 200)
('read', 47.6, 47.6, 200)
('read', 47.6, 47.6, 200)
('read', 47.6, 47.6, 200)
('read', 47.6, 47.6, 200)
('read', 47.6, 47.6, 200)
('read', 47.6, 47.6, 200)
('ready', 47.6, 47.7, 200)
('read', 47.6, 47.7, 200)
('read', 47.6, 47.7, 200)
('read', 47.6, 47.7, 200)
('read', 47.7, 47.7, 200)
('read', 47.7, 47.7, 200)
('read', 47.7, 47.7, 200)
('read', 47.7, 47.7, 200)
('read', 47.7, 47.7, 200)
('read', 47.7, 47.7, 200)
('read', 47.7, 47.7, 200)
('read', 47.7, 47.7, 200)
('read', 47.7, 47.7, 200)
('read', 47.7, 47.7, 200)
('read', 47.7, 47.7, 200)
('read', 47.7, 47.7, 200)
('read', 47.7, 47.7, 200)
('read', 47.7, 47.7, 200)
('read', 47.7, 47.7, 200)
('read', 47.7, 47.7, 200)
('ready', 47.7, 47.7, 200)
('read', 47.7, 47.7, 200)
('read', 47.7, 47.7, 200)
('read', 47.7, 47.7, 200)
('read', 47.7, 47.7, 200)
('read', 47.7, 47.7, 200)
('read', 47.7, 47.7, 200)
('read', 47.7, 47.7, 200)
('read', 47.7, 47.8, 200)
('read', 47.7, 47.8, 200)
('read', 47.7, 47.8, 200)
('ready', 47.7, 47.8, 200)
('read', 47.8, 47.8, 200)
('read', 47.8, 47.8, 200)
('read', 47.8, 47.8, 200)
('read', 47.8, 47.8, 200)
('read', 47.8, 47.8, 200)
('read', 47.8, 47.8, 200)
('read', 47.8, 47.8, 200)
('read', 47.8, 47.8, 200)
('read', 47.8, 47.8, 200)
('read', 47.8, 47.8, 200)
('read', 47.8, 47.8, 200)
('read', 47.8, 47.8, 200)
('read', 47.8, 47.8, 200)
('read', 47.8, 47.8, 200)
('read', 47.8, 47.8, 200)
('read', 47.8, 47.8, 200)
('read', 47.8, 47.8, 200)
('read', 47.8, 47.8, 200)
('read', 47.8, 47.8, 200)
('read', 47.8, 47.8, 200)
('read', 47.8, 47.8, 200)
('read', 47.8, 47.8, 200)
('read', 47.8, 47.8, 200)
('read', 47.8, 47.8, 200)
('ready', 47.8, 47.9, 200)
('read', 47.8, 47.9, 200)
('read', 47.8, 47.9, 200)
('read', 47.8, 47.9, 200)
('read', 47.9, 47.9, 200)
('read', 47.9, 47.9, 200)
('read', 47.9, 47.9, 200)
('read', 47.9, 47.9, 200)
('read', 47.9, 47.9, 200)
('read', 47.9, 47.9, 200)
('read', 47.9, 47.9, 200)
('read', 47.9, 47.9, 200)
('read', 47.9, 47.9, 200)
('read', 47.9, 47.9, 200)
('read', 47.9, 47.9, 200)
('read', 47.9, 47.9, 200)
('read', 47.9, 47.9, 200)
('read', 47.9, 47.9, 200)
('ready', 47.9, 47.9, 200)
('read', 47.9, 47.9, 200)
('read', 47.9, 47.9, 200)
('read', 47.9, 47.9, 200)
('read', 47.9, 47.9, 200)
('read', 47.9, 47.9, 200)
('read', 47.9, 47.9, 200)
('read', 47.9, 47.9, 200)
('read', 47.9, 47.9, 200)
('read', 47.9, 47.9, 200)
('read', 47.9, 48.0, 200)
('read', 47.9, 48.0, 200)
('read', 47.9, 48.0, 200)
('ready', 47.9, 48.0, 200)
('read', 48.0, 48.0, 200)
('read', 48.0, 48.0, 200)
('read', 48.0, 48.0, 200)
('read', 48.0, 48.0, 200)
('read', 48.0, 48.0, 200)
('read', 48.0, 48.0, 200)
('read', 48.0, 48.0, 200)
('read', 48.0, 48.0, 200)
('read', 48.0, 48.0, 200)
('read', 48.0, 48.0, 200)
('read', 48.0, 48.0, 200)
('read', 48.0, 48.0, 200)
('read', 48.0, 48.0, 200)
('read', 48.0, 48.0, 200)
('read', 48.0, 48.0, 200)
('read', 48.0, 48.0, 200)
('read', 48.0, 48.0, 200)
('read', 48.0, 48.0, 200)
('read', 48.0, 48.0, 200)
('read', 48.0, 48.0, 200)
('read', 48.0, 48.0, 200)
('read', 48.0, 48.0, 200)
('read', 48.0, 48.0, 200)
('read', 48.0, 48.0, 200)
('ready', 48.0, 48.0, 200)
('read', 48.0, 48.1, 200)
('read', 48.0, 48.1, 200)
('read', 48.0, 48.1, 200)
('ready', 48.0, 48.1, 200)
('read', 48.1, 48.1, 200)
('read', 48.1, 48.1, 200)
('read', 48.1, 48.1, 200)
('read', 48.1, 48.1, 200)
('read', 48.1, 48.1, 200)
('read', 48.1, 48.1, 200)
('read', 48.1, 48.1, 200)
('read', 48.1, 48.1, 200)
('read', 48.1, 48.1, 200)
('read', 48.1, 48.1, 200)
('read', 48.1, 48.1, 200)
('read', 48.1, 48.1, 200)
('read', 48.1, 48.1, 200)
('read', 48.1, 48.1, 200)
('read', 48.1, 48.1, 200)
('read', 48.1, 48.1, 200)
('read', 48.1, 48.1, 200)
('read', 48.1, 48.1, 200)
('read', 48.1, 48.1, 200)
('read', 48.1, 48.1, 200)
('read', 48.1, 48.1, 200)
('read', 48.1, 48.1, 200)
('read', 48.1, 48.1, 200)
('read', 48.1, 48.2, 200)
('read', 48.1, 48.2, 200)
('read', 48.1, 48.2, 200)
('ready', 48.1, 48.2, 200)
('read', 48.2, 48.2, 200)
('read', 48.2, 48.2, 200)
('read', 48.2, 48.2, 200)
('read', 48.2, 48.2, 200)
('read', 48.2, 48.2, 200)
('read', 48.2, 48.2, 200)
('read', 48.2, 48.2, 200)
('read', 48.2, 48.2, 200)
('read', 48.2, 48.2, 200)
('read', 48.2, 48.2, 200)
('read', 48.2, 48.2, 200)
('read', 48.2, 48.2, 200)
('read', 48.2, 48.2, 200)
('read', 48.2, 48.2, 200)
('read', 48.2, 48.2, 200)
('read', 48.2, 48.2, 200)
('read', 48.2, 48.2, 200)
('read', 48.2, 48.2, 200)
('read', 48.2, 48.2, 200)
('read', 48.2, 48.2, 200)
('read', 48.2, 48.2, 200)
('ready', 48.2, 48.2, 200)
('read', 48.2, 48.2, 200)
('read', 48.2, 48.2, 200)
('read', 48.2, 48.3, 200)
('read', 48.2, 48.3, 200)
('read', 48.2, 48.3, 200)
('ready', 48.2, 48.3, 200)
('read', 48.3, 48.3, 200)
('read', 48.3, 48.3, 200)
('read', 48.3, 48.3, 200)
('read', 48.3, 48.3, 200)
('read', 48.3, 48.3, 200)
('read', 48.3, 48.3, 200)
('read', 48.3, 48.3, 200)
('read', 48.3, 48.3, 200)
('read', 48.3, 48.3, 200)
('read', 48.3, 48.3, 200)
('read', 48.3, 48.3, 200)
('read', 48.3, 48.3, 200)
('read', 48.3, 48.3, 200)
('read', 48.3, 48.3, 200)
('read', 48.3, 48.3, 200)
('read', 48.3, 48.3, 200)
('read', 48.3, 48.3, 200)
('read', 48.3, 48.3, 200)
('read', 48.3, 48.3, 200)
('read', 48.3, 48.3, 200)
('read', 48.3, 48.3, 200)
('read', 48.3, 48.3, 200)
('read', 48.3, 48.3, 200)
('read', 48.3, 48.3, 200)
('read', 48.3, 48.4, 200)
('read', 48.3, 48.4, 200)
('ready', 48.3, 48.4, 200)
('read', 48.3, 48.4, 200)
('read', 48.4, 48.4, 200)
('read', 48.4, 48.4, 200)
('read', 48.4, 48.4, 200)
('read', 48.4, 48.4, 200)
('read', 48.4, 48.4, 200)
('read', 48.4, 48.4, 200)
('read', 48.4, 48.4, 200)
('read', 48.4, 48.4, 200)
('read', 48.4, 48.4, 200)
('read', 48.4, 48.4, 200)
('read', 48.4, 48.4, 200)
('read', 48.4, 48.4, 200)
('read', 48.4, 48.4, 200)
('read', 48.4, 48.4, 200)
('read', 48.4, 48.4, 200)
('read', 48.4, 48.4, 200)
('read', 48.4, 48.4, 200)
('read', 48.4, 48.4, 200)
('read', 48.4, 48.4, 200)
('ready', 48.4, 48.4, 200)
('read', 48.4, 48.4, 200)
('read', 48.4, 48.4, 200)
('read', 48.4, 48.4, 200)
('read', 48.4, 48.4, 200)
('read', 48.4, 48.4, 200)
('read', 48.4, 48.5, 200)
('read', 48.4, 48.5, 200)
('read', 48.4, 48.5, 200)
('ready', 48.4, 48.5, 200)
('read', 48.5, 48.5, 200)
('read', 48.5, 48.5, 200)
('read', 48.5, 48.5, 200)
('read', 48.5, 48.5, 200)
('read', 48.5, 48.5, 200)
('read', 48.5, 48.5, 200)
('read', 48.5, 48.5, 200)
('read', 48.5, 48.5, 200)
('read', 48.5, 48.5, 200)
('read', 48.5, 48.5, 200)
('read', 48.5, 48.5, 200)
('read', 48.5, 48.5, 200)
('read', 48.5, 48.5, 200)
('read', 48.5, 48.5, 200)
('read', 48.5, 48.5, 200)
('read', 48.5, 48.5, 200)
('read', 48.5, 48.5, 200)
('read', 48.5, 48.5, 200)
('read', 48.5, 48.5, 200)
('read', 48.5, 48.5, 200)
('read', 48.5, 48.5, 200)
('read', 48.5, 48.5, 200)
('read', 48.5, 48.5, 200)
('read', 48.5, 48.5, 200)
('read', 48.5, 48.6, 200)
('read', 48.5, 48.6, 200)
('read', 48.5, 48.6, 200)
('ready', 48.5, 48.6, 200)
('read', 48.6, 48.6, 200)
('read', 48.6, 48.6, 200)
('read', 48.6, 48.6, 200)
('read', 48.6, 48.6, 200)
('read', 48.6, 48.6, 200)
('read', 48.6, 48.6, 200)
('read', 48.6, 48.6, 200)
('read', 48.6, 48.6, 200)
('read', 48.6, 48.6, 200)
('read', 48.6, 48.6, 200)
('read', 48.6, 48.6, 200)
('read', 48.6, 48.6, 200)
('read', 48.6, 48.6, 200)
('read', 48.6, 48.6, 200)
('read', 48.6, 48.6, 200)
('read', 48.6, 48.7, 200)
('read', 48.6, 48.7, 200)
('read', 48.6, 48.7, 200)
('ready', 48.6, 48.7, 200)
('read', 48.7, 48.7, 200)
('read', 48.7, 48.7, 200)
('read', 48.7, 48.7, 200)
('read', 48.7, 48.7, 200)
('read', 48.7, 48.7, 200)
('read', 48.7, 48.7, 200)
('read', 48.7, 48.7, 200)
('read', 48.7, 48.7, 200)
('read', 48.7, 48.7, 200)
('read', 48.7, 48.7, 200)
('read', 48.7, 48.7, 200)
('read', 48.7, 48.7, 200)
('read', 48.7, 48.7, 200)
('read', 48.7, 48.7, 200)
('read', 48.7, 48.7, 200)
('read', 48.7, 48.7, 200)
('read', 48.7, 48.7, 200)
('read', 48.7, 48.7, 200)
('read', 48.7, 48.7, 200)
('ready', 48.7, 48.7, 200)
('read', 48.7, 48.7, 200)
('read', 48.7, 48.8, 200)
('read', 48.7, 48.8, 200)
('read', 48.7, 48.8, 200)
('ready', 48.7, 48.8, 200)
('read', 48.8, 48.8, 200)
('read', 48.8, 48.8, 200)
('read', 48.8, 48.8, 200)
('read', 48.8, 48.8, 200)
('read', 48.8, 48.8, 200)
('read', 48.8, 48.8, 200)
('read', 48.8, 48.8, 200)
('read', 48.8, 48.8, 200)
('read', 48.8, 48.8, 200)
('read', 48.8, 48.8, 200)
('read', 48.8, 48.8, 200)
('read', 48.8, 48.8, 200)
('read', 48.8, 48.8, 200)
('read', 48.8, 48.8, 200)
('read', 48.8, 48.8, 200)
('read', 48.8, 48.8, 200)
('read', 48.8, 48.8, 200)
('read', 48.8, 48.8, 200)
('read', 48.8, 48.8, 200)
('read', 48.8, 48.8, 200)
('read', 48.8, 48.8, 200)
('read', 48.8, 48.8, 200)
('read', 48.8, 48.8, 200)
('read', 48.8, 48.8, 200)
('read', 48.8, 48.8, 200)
('read', 48.8, 48.9, 200)
('read', 48.8, 48.9, 200)
('read', 48.8, 48.9, 200)
('ready', 48.8, 48.9, 200)
('read', 48.9, 48.9, 200)
('read', 48.9, 48.9, 200)
('read', 48.9, 48.9, 200)
('read', 48.9, 48.9, 200)
('read', 48.9, 48.9, 200)
('read', 48.9, 48.9, 200)
('read', 48.9, 48.9, 200)
('read', 48.9, 48.9, 200)
('read', 48.9, 48.9, 200)
('read', 48.9, 48.9, 200)
('read', 48.9, 48.9, 200)
('read', 48.9, 48.9, 200)
('read', 48.9, 48.9, 200)
('read', 48.9, 48.9, 200)
('read', 48.9, 48.9, 200)
('read', 48.9, 48.9, 200)
('read', 48.9, 48.9, 200)
('read', 48.9, 48.9, 200)
('read', 48.9, 48.9, 200)
('read', 48.9, 48.9, 200)
('ready', 48.9, 48.9, 200)
('read', 48.9, 48.9, 200)
('read', 48.9, 48.9, 200)
('read', 48.9, 48.9, 200)
('read', 48.9, 48.9, 200)
('read', 48.9, 49.0, 200)
('read', 48.9, 49.0, 200)
('read', 48.9, 49.0, 200)
('ready', 48.9, 49.0, 200)
('read', 49.0, 49.0, 200)
('read', 49.0, 49.0, 200)
('read', 49.0, 49.0, 200)
('read', 49.0, 49.0, 200)
('read', 49.0, 49.0, 200)
('read', 49.0, 49.0, 200)
('read', 49.0, 49.0, 200)
('read', 49.0, 49.0, 200)
('read', 49.0, 49.0, 200)
('read', 49.0, 49.0, 200)
('read', 49.0, 49.0, 200)
('read', 49.0, 49.0, 200)
('read', 49.0, 49.0, 200)
('read', 49.0, 49.0, 200)
('read', 49.0, 49.0, 200)
('read', 49.0, 49.0, 200)
('read', 49.0, 49.0, 200)
('read', 49.0, 49.0, 200)
('read', 49.0, 49.0, 200)
('read', 49.0, 49.0, 200)
('read', 49.0, 49.0, 200)
('read', 49.0, 49.0, 200)
('read', 49.0, 49.0, 200)
('read', 49.0, 49.0, 200)
('read', 49.0, 49.0, 200)
('read', 49.0, 49.1, 200)
('read', 49.0, 49.1, 200)
('ready', 49.0, 49.1, 200)
('read', 49.0, 49.1, 200)
('read', 49.1, 49.1, 200)
('read', 49.1, 49.1, 200)
('read', 49.1, 49.1, 200)
('read', 49.1, 49.1, 200)
('read', 49.1, 49.1, 200)
('read', 49.1, 49.1, 200)
('read', 49.1, 49.1, 200)
('read', 49.1, 49.1, 200)
('read', 49.1, 49.1, 200)
('read', 49.1, 49.1, 200)
('read', 49.1, 49.1, 200)
('read', 49.1, 49.1, 200)
('read', 49.1, 49.1, 200)
('read', 49.1, 49.1, 200)
('read', 49.1, 49.1, 200)
('read', 49.1, 49.1, 200)
('read', 49.1, 49.1, 200)
('read', 49.1, 49.1, 200)
('read', 49.1, 49.1, 200)
('ready', 49.1, 49.1, 200)
('read', 49.1, 49.1, 200)
('read', 49.1, 49.1, 200)
('read', 49.1, 49.1, 200)
('read', 49.1, 49.1, 200)
('read', 49.1, 49.1, 200)
('read', 49.1, 49.2, 200)
('read', 49.1, 49.2, 200)
('read', 49.1, 49.2, 200)
('ready', 49.1, 49.2, 200)
('read', 49.2, 49.2, 200)
('read', 49.2, 49.2, 200)
('read', 49.2, 49.2, 200)
('read', 49.2, 49.2, 200)
('read', 49.2, 49.2, 200)
('read', 49.2, 49.2, 200)
('read', 49.2, 49.2, 200)
('read', 49.2, 49.2, 200)
('read', 49.2, 49.2, 200)
('read', 49.2, 49.2, 200)
('read', 49.2, 49.2, 200)
('read', 49.2, 49.2, 200)
('read', 49.2, 49.2, 200)
('read', 49.2, 49.2, 200)
('read', 49.2, 49.2, 200)
('read', 49.2, 49.2, 200)
('read', 49.2, 49.2, 200)
('read', 49.2, 49.2, 200)
('read', 49.2, 49.2, 200)
('read', 49.2, 49.2, 200)
('read', 49.2, 49.2, 200)
('read', 49.2, 49.2, 200)
('ready', 49.2, 49.2, 200)
('read', 49.2, 49.2, 200)
('read', 49.2, 49.2, 200)
('read', 49.2, 49.3, 200)
('read', 49.2, 49.3, 200)
('read', 49.2, 49.3, 200)
('ready', 49.2, 49.3, 200)
('read', 49.3, 49.3, 200)
('read', 49.3, 49.3, 200)
('read', 49.3, 49.3, 200)
('read', 49.3, 49.3, 200)
('read', 49.3, 49.3, 200)
('read', 49.3, 49.3, 200)
('read', 49.3, 49.3, 200)
('read', 49.3, 49.3, 200)
('read', 49.3, 49.3, 200)
('read', 49.3, 49.3, 200)
('read', 49.3, 49.3, 200)
('read', 49.3, 49.3, 200)
('read', 49.3, 49.3, 200)
('read', 49.3, 49.3, 200)
('read', 49.3, 49.3, 200)
('read', 49.3, 49.3, 200)
('read', 49.3, 49.3, 200)
('read', 49.3, 49.3, 200)
('read', 49.3, 49.3, 200)
('read', 49.3, 49.3, 200)
('read', 49.3, 49.3, 200)
('read', 49.3, 49.3, 200)
('read', 49.3, 49.3, 200)
('read', 49.3, 49.3, 200)
('read', 49.3, 49.4, 200)
('read', 49.3, 49.4, 200)
('read', 49.3, 49.4, 200)
('ready', 49.3, 49.4, 200)
('read', 49.4, 49.4, 200)
('read', 49.4, 49.4, 200)
('read', 49.4, 49.4, 200)
('read', 49.4, 49.4, 200)
('read', 49.4, 49.4, 200)
('read', 49.4, 49.4, 200)
('read', 49.4, 49.4, 200)
('read', 49.4, 49.4, 200)
('read', 49.4, 49.4, 200)
('read', 49.4, 49.4, 200)
('read', 49.4, 49.4, 200)
('read', 49.4, 49.4, 200)
('read', 49.4, 49.4, 200)
('read', 49.4, 49.4, 200)
('ready', 49.4, 49.4, 200)
('read', 49.4, 49.4, 200)
('read', 49.4, 49.4, 200)
('read', 49.4, 49.4, 200)
('read', 49.4, 49.4, 200)
('read', 49.4, 49.4, 200)
('read', 49.4, 49.4, 200)
('read', 49.4, 49.4, 200)
('read', 49.4, 49.4, 200)
('read', 49.4, 49.4, 200)
('read', 49.4, 49.5, 200)
('read', 49.4, 49.5, 200)
('read', 49.4, 49.5, 200)
('ready', 49.4, 49.5, 200)
('read', 49.5, 49.5, 200)
('read', 49.5, 49.5, 200)
('read', 49.5, 49.5, 200)
('read', 49.5, 49.5, 200)
('read', 49.5, 49.5, 200)
('read', 49.5, 49.5, 200)
('read', 49.5, 49.5, 200)
('read', 49.5, 49.5, 200)
('read', 49.5, 49.5, 200)
('read', 49.5, 49.5, 200)
('read', 49.5, 49.5, 200)
('read', 49.5, 49.5, 200)
('read', 49.5, 49.5, 200)
('read', 49.5, 49.5, 200)
('read', 49.5, 49.5, 200)
('read', 49.5, 49.5, 200)
('read', 49.5, 49.5, 200)
('read', 49.5, 49.5, 200)
('ready', 49.5, 49.5, 200)
('read', 49.5, 49.5, 200)
('read', 49.5, 49.5, 200)
('read', 49.5, 49.5, 200)
('read', 49.5, 49.5, 200)
('read', 49.5, 49.5, 200)
('read', 49.5, 49.5, 200)
('read', 49.5, 49.5, 200)
('read', 49.5, 49.6, 200)
('read', 49.5, 49.6, 200)
('read', 49.5, 49.6, 200)
('ready', 49.5, 49.6, 200)
('read', 49.6, 49.6, 200)
('read', 49.6, 49.6, 200)
('read', 49.6, 49.6, 200)
('read', 49.6, 49.6, 200)
('read', 49.6, 49.6, 200)
('read', 49.6, 49.6, 200)
('read', 49.6, 49.6, 200)
('read', 49.6, 49.6, 200)
('read', 49.6, 49.6, 200)
('read', 49.6, 49.6, 200)
('read', 49.6, 49.6, 200)
('read', 49.6, 49.6, 200)
('read', 49.6, 49.6, 200)
('read', 49.6, 49.6, 200)
('read', 49.6, 49.6, 200)
('read', 49.6, 49.6, 200)
('read', 49.6, 49.6, 200)
('read', 49.6, 49.6, 200)
('read', 49.6, 49.6, 200)
('read', 49.6, 49.6, 200)
('read', 49.6, 49.6, 200)
('read', 49.6, 49.6, 200)
('read', 49.6, 49.6, 200)
('read', 49.6, 49.6, 200)
('read', 49.6, 49.6, 200)
('read', 49.6, 49.7, 200)
('read', 49.6, 49.7, 200)
('read', 49.6, 49.7, 200)
('ready', 49.6, 49.7, 200)
('read', 49.7, 49.7, 200)
('read', 49.7, 49.7, 200)
('read', 49.7, 49.7, 200)
('read', 49.7, 49.7, 200)
('read', 49.7, 49.7, 200)
('read', 49.7, 49.7, 200)
('read', 49.7, 49.7, 200)
('read', 49.7, 49.7, 200)
('read', 49.7, 49.7, 200)
('read', 49.7, 49.7, 200)
('read', 49.7, 49.7, 200)
('read', 49.7, 49.7, 200)
('read', 49.7, 49.7, 200)
('read', 49.7, 49.7, 200)
('read', 49.7, 49.7, 200)
('read', 49.7, 49.7, 200)
('read', 49.7, 49.7, 200)
('ready', 49.7, 49.7, 200)
('read', 49.7, 49.7, 200)
('read', 49.7, 49.7, 200)
('read', 49.7, 49.7, 200)
('read', 49.7, 49.7, 200)
('read', 49.7, 49.7, 200)
('read', 49.7, 49.7, 200)
('read', 49.7, 49.7, 200)
('read', 49.7, 49.7, 200)
('read', 49.7, 49.8, 200)
('read', 49.7, 49.8, 200)
('read', 49.7, 49.8, 200)
('ready', 49.7, 49.8, 200)
('read', 49.8, 49.8, 200)
('read', 49.8, 49.8, 200)
('read', 49.8, 49.8, 200)
('read', 49.8, 49.8, 200)
('read', 49.8, 49.8, 200)
('read', 49.8, 49.8, 200)
('read', 49.8, 49.8, 200)
('read', 49.8, 49.8, 200)
('read', 49.8, 49.8, 200)
('read', 49.8, 49.8, 200)
('read', 49.8, 49.8, 200)
('read', 49.8, 49.8, 200)
('read', 49.8, 49.8, 200)
('read', 49.8, 49.8, 200)
('read', 49.8, 49.8, 200)
('read', 49.8, 49.8, 200)
('read', 49.8, 49.8, 200)
('read', 49.8, 49.8, 200)
('read', 49.8, 49.8, 200)
('read', 49.8, 49.8, 200)
('read', 49.8, 49.8, 200)
('read', 49.8, 49.8, 200)
('read', 49.8, 49.8, 200)
('read', 49.8, 49.8, 200)
('read', 49.8, 49.9, 200)
('read', 49.8, 49.9, 200)
('ready', 49.8, 49.9, 200)
('read', 49.8, 49.9, 200)
('read', 49.9, 49.9, 200)
('read', 49.9, 49.9, 200)
('read', 49.9, 49.9, 200)
('read', 49.9, 49.9, 200)
('read', 49.9, 49.9, 200)
('read', 49.9, 49.9, 200)
('read', 49.9, 49.9, 200)
('read', 49.9, 49.9, 200)
('read', 49.9, 49.9, 200)
('read', 49.9, 49.9, 200)
('read', 49.9, 49.9, 200)
('read', 49.9, 49.9, 200)
('read', 49.9, 49.9, 200)
('read', 49.9, 49.9, 200)
('read', 49.9, 49.9, 200)
('read', 49.9, 49.9, 200)
('read', 49.9, 49.9, 200)
('ready', 49.9, 49.9, 200)
('read', 49.9, 49.9, 200)
('read', 49.9, 49.9, 200)
('read', 49.9, 49.9, 200)
('read', 49.9, 49.9, 200)
('read', 49.9, 49.9, 200)
('read', 49.9, 49.9, 200)
('read', 49.9, 49.9, 200)
('read', 49.9, 49.9, 200)
('read', 49.9, 50.0, 200)
('read', 49.9, 50.0, 200)
('read', 49.9, 50.0, 200)
('ready', 49.9, 50.0, 200)
('read', 50.0, 50.0, 200)
('read', 50.0, 50.0, 200)
('read', 50.0, 50.0, 200)
('read', 50.0, 50.0, 200)
('read', 50.0, 50.0, 200)
('read', 50.0, 50.0, 200)
('read', 50.0, 50.0, 200)
('read', 50.0, 50.0, 200)
('read', 50.0, 50.0, 200)
('read', 50.0, 50.0, 200)
('read', 50.0, 50.0, 200)
('read', 50.0, 50.0, 200)
('read', 50.0, 50.0, 200)
('read', 50.0, 50.0, 200)
('read', 50.0, 50.0, 200)
('read', 50.0, 50.0, 200)
('read', 50.0, 50.0, 200)
('read', 50.0, 50.0, 200)
('read', 50.0, 50.0, 200)
('read', 50.0, 50.0, 200)
('read', 50.0, 50.0, 200)
('read', 50.0, 50.0, 200)
('read', 50.0, 50.0, 200)
('read', 50.0, 50.0, 200)
('read', 50.0, 50.0, 200)
('ready', 50.0, 50.0, 200)
('read', 50.0, 50.1, 200)
('read', 50.0, 50.1, 200)
('read', 50.0, 50.1, 200)
('ready', 50.0, 50.1, 200)
('read', 50.1, 50.1, 200)
('read', 50.1, 50.1, 200)
('read', 50.1, 50.1, 200)
('read', 50.1, 50.1, 200)
('read', 50.1, 50.1, 200)
('read', 50.1, 50.1, 200)
('read', 50.1, 50.1, 200)
('read', 50.1, 50.1, 200)
('read', 50.1, 50.1, 200)
('read', 50.1, 50.1, 200)
('read', 50.1, 50.1, 200)
('read', 50.1, 50.1, 200)
('read', 50.1, 50.1, 200)
('read', 50.1, 50.1, 200)
('read', 50.1, 50.1, 200)
('read', 50.1, 50.1, 200)
('read', 50.1, 50.1, 200)
('read', 50.1, 50.1, 200)
('read', 50.1, 50.1, 200)
('read', 50.1, 50.1, 200)
('read', 50.1, 50.1, 200)
('read', 50.1, 50.1, 200)
('read', 50.1, 50.1, 200)
('read', 50.1, 50.1, 200)
('read', 50.1, 50.1, 200)
('read', 50.1, 50.2, 200)
('read', 50.1, 50.2, 200)
('read', 50.1, 50.2, 200)
('ready', 50.1, 50.2, 200)
('read', 50.2, 50.2, 200)
('read', 50.2, 50.2, 200)
('read', 50.2, 50.2, 200)
('read', 50.2, 50.2, 200)
('read', 50.2, 50.2, 200)
('read', 50.2, 50.2, 200)
('read', 50.2, 50.2, 200)
('read', 50.2, 50.2, 200)
('read', 50.2, 50.2, 200)
('read', 50.2, 50.2, 200)
('read', 50.2, 50.2, 200)
('read', 50.2, 50.2, 200)
('read', 50.2, 50.2, 200)
('read', 50.2, 50.2, 200)
('read', 50.2, 50.2, 200)
('read', 50.2, 50.2, 200)
('read', 50.2, 50.2, 200)
('read', 50.2, 50.2, 200)
('read', 50.2, 50.2, 200)
('read', 50.2, 50.2, 200)
('read', 50.2, 50.2, 200)
('read', 50.2, 50.2, 200)
('read', 50.2, 50.2, 200)
('read', 50.2, 50.2, 200)
('read', 50.2, 50.2, 200)
('ready', 50.2, 50.2, 200)
('read', 50.2, 50.3, 200)
('read', 50.2, 50.3, 200)
('read', 50.2, 50.3, 200)
('ready', 50.2, 50.3, 200)
('read', 50.3, 50.3, 200)
('read', 50.3, 50.3, 200)
('read', 50.3, 50.3, 200)
('read', 50.3, 50.3, 200)
('read', 50.3, 50.3, 200)
('read', 50.3, 50.3, 200)
('read', 50.3, 50.3, 200)
('read', 50.3, 50.3, 200)
('read', 50.3, 50.3, 200)
('read', 50.3, 50.3, 200)
('read', 50.3, 50.3, 200)
('read', 50.3, 50.3, 200)
('read', 50.3, 50.3, 200)
('read', 50.3, 50.3, 200)
('read', 50.3, 50.3, 200)
('read', 50.3, 50.3, 200)
('read', 50.3, 50.3, 200)
('read', 50.3, 50.3, 200)
('read', 50.3, 50.3, 200)
('read', 50.3, 50.3, 200)
('read', 50.3, 50.3, 200)
('read', 50.3, 50.3, 200)
('read', 50.3, 50.3, 200)
('read', 50.3, 50.3, 200)
('read', 50.3, 50.3, 200)
('read', 50.3, 50.4, 200)
('read', 50.3, 50.4, 200)
('read', 50.3, 50.4, 200)
('ready', 50.3, 50.4, 200)
('read', 50.4, 50.4, 200)
('read', 50.4, 50.4, 200)
('read', 50.4, 50.4, 200)
('read', 50.4, 50.4, 200)
('read', 50.4, 50.4, 200)
('read', 50.4, 50.4, 200)
('read', 50.4, 50.4, 200)
('read', 50.4, 50.4, 200)
('read', 50.4, 50.4, 200)
('read', 50.4, 50.4, 200)
('read', 50.4, 50.4, 200)
('read', 50.4, 50.4, 200)
('read', 50.4, 50.4, 200)
('read', 50.4, 50.4, 200)
('read', 50.4, 50.4, 200)
('read', 50.4, 50.4, 200)
('read', 50.4, 50.4, 200)
('read', 50.4, 50.4, 200)
('read', 50.4, 50.4, 200)
('read', 50.4, 50.4, 200)
('read', 50.4, 50.4, 200)
('read', 50.4, 50.4, 200)
('read', 50.4, 50.4, 200)
('ready', 50.4, 50.4, 200)
('read', 50.4, 50.4, 200)
('read', 50.4, 50.4, 200)
('read', 50.4, 50.5, 200)
('read', 50.4, 50.5, 200)
('read', 50.4, 50.5, 200)
('ready', 50.4, 50.5, 200)
('read', 50.5, 50.5, 200)
('read', 50.5, 50.5, 200)
('read', 50.5, 50.5, 200)
('read', 50.5, 50.5, 200)
('read', 50.5, 50.5, 200)
('read', 50.5, 50.5, 200)
('read', 50.5, 50.5, 200)
('read', 50.5, 50.5, 200)
('read', 50.5, 50.5, 200)
('read', 50.5, 50.5, 200)
('read', 50.5, 50.5, 200)
('read', 50.5, 50.5, 200)
('read', 50.5, 50.5, 200)
('read', 50.5, 50.5, 200)
('read', 50.5, 50.5, 200)
('read', 50.5, 50.5, 200)
('read', 50.5, 50.5, 200)
('read', 50.5, 50.5, 200)
('read', 50.5, 50.5, 200)
('read', 50.5, 50.5, 200)
('read', 50.5, 50.5, 200)
('read', 50.5, 50.5, 200)
('read', 50.5, 50.5, 200)
('read', 50.5, 50.5, 200)
('read', 50.5, 50.6, 200)
('read', 50.5, 50.6, 200)
('read', 50.5, 50.6, 200)
('ready', 50.5, 50.6, 200)
('read', 50.6, 50.6, 200)
('read', 50.6, 50.6, 200)
('read', 50.6, 50.6, 200)
('read', 50.6, 50.6, 200)
('read', 50.6, 50.6, 200)
('read', 50.6, 50.6, 200)
('read', 50.6, 50.6, 200)
('read', 50.6, 50.6, 200)
('read', 50.6, 50.6, 200)
('read', 50.6, 50.6, 200)
('read', 50.6, 50.6, 200)
('read', 50.6, 50.6, 200)
('read', 50.6, 50.6, 200)
('read', 50.6, 50.6, 200)
('read', 50.6, 50.6, 200)
('read', 50.6, 50.6, 200)
('read', 50.6, 50.6, 200)
('read', 50.6, 50.6, 200)
('read', 50.6, 50.6, 200)
('read', 50.6, 50.6, 200)
('read', 50.6, 50.6, 200)
('read', 50.6, 50.6, 200)
('ready', 50.6, 50.6, 200)
('read', 50.6, 50.6, 200)
('read', 50.6, 50.6, 200)
('read', 50.6, 50.6, 200)
('read', 50.6, 50.7, 200)
('read', 50.6, 50.7, 200)
('read', 50.6, 50.7, 200)
('ready', 50.6, 50.7, 200)
('read', 50.7, 50.7, 200)
('read', 50.7, 50.7, 200)
('read', 50.7, 50.7, 200)
('read', 50.7, 50.7, 200)
('read', 50.7, 50.7, 200)
('read', 50.7, 50.7, 200)
('read', 50.7, 50.7, 200)
('read', 50.7, 50.7, 200)
('read', 50.7, 50.7, 200)
('read', 50.7, 50.7, 200)
('read', 50.7, 50.7, 200)
('read', 50.7, 50.7, 200)
('read', 50.7, 50.7, 200)
('read', 50.7, 50.7, 200)
('read', 50.7, 50.7, 200)
('read', 50.7, 50.7, 200)
('read', 50.7, 50.7, 200)
('read', 50.7, 50.7, 200)
('read', 50.7, 50.7, 200)
('read', 50.7, 50.7, 200)
('read', 50.7, 50.7, 200)
('read', 50.7, 50.7, 200)
('read', 50.7, 50.7, 200)
('read', 50.7, 50.7, 200)
('read', 50.7, 50.7, 200)
('read', 50.7, 50.8, 200)
('read', 50.7, 50.8, 200)
('read', 50.7, 50.8, 200)
('ready', 50.7, 50.8, 200)
('read', 50.8, 50.8, 200)
('read', 50.8, 50.8, 200)
('read', 50.8, 50.8, 200)
('read', 50.8, 50.8, 200)
('read', 50.8, 50.8, 200)
('read', 50.8, 50.8, 200)
('read', 50.8, 50.8, 200)
('read', 50.8, 50.8, 200)
('read', 50.8, 50.8, 200)
('read', 50.8, 50.8, 200)
('read', 50.8, 50.8, 200)
('read', 50.8, 50.8, 200)
('read', 50.8, 50.8, 200)
('read', 50.8, 50.8, 200)
('read', 50.8, 50.8, 200)
('read', 50.8, 50.8, 200)
('read', 50.8, 50.9, 200)
('read', 50.8, 50.9, 200)
('read', 50.8, 50.9, 200)
('ready', 50.8, 50.9, 200)
('read', 50.9, 50.9, 200)
('read', 50.9, 50.9, 200)
('read', 50.9, 50.9, 200)
('read', 50.9, 50.9, 200)
('read', 50.9, 50.9, 200)
('read', 50.9, 50.9, 200)
('read', 50.9, 50.9, 200)
('read', 50.9, 50.9, 200)
('read', 50.9, 50.9, 200)
('read', 50.9, 50.9, 200)
('read', 50.9, 50.9, 200)
('read', 50.9, 50.9, 200)
('read', 50.9, 50.9, 200)
('read', 50.9, 50.9, 200)
('read', 50.9, 50.9, 200)
('read', 50.9, 50.9, 200)
('ready', 50.9, 50.9, 200)
('read', 50.9, 50.9, 200)
('read', 50.9, 50.9, 200)
('read', 50.9, 50.9, 200)
('read', 50.9, 50.9, 200)
('read', 50.9, 50.9, 200)
('read', 50.9, 50.9, 200)
('read', 50.9, 50.9, 200)
('read', 50.9, 50.9, 200)
('read', 50.9, 50.9, 200)
('read', 50.9, 51.0, 200)
('read', 50.9, 51.0, 200)
('read', 50.9, 51.0, 200)
('ready', 50.9, 51.0, 200)
('read', 51.0, 51.0, 200)
('read', 51.0, 51.0, 200)
('read', 51.0, 51.0, 200)
('read', 51.0, 51.0, 200)
('read', 51.0, 51.0, 200)
('read', 51.0, 51.0, 200)
('read', 51.0, 51.0, 200)
('read', 51.0, 51.0, 200)
('read', 51.0, 51.0, 200)
('read', 51.0, 51.0, 200)
('read', 51.0, 51.0, 200)
('read', 51.0, 51.0, 200)
('read', 51.0, 51.0, 200)
('read', 51.0, 51.0, 200)
('read', 51.0, 51.0, 200)
('read', 51.0, 51.0, 200)
('read', 51.0, 51.0, 200)
('read', 51.0, 51.0, 200)
('read', 51.0, 51.0, 200)
('read', 51.0, 51.0, 200)
('ready', 51.0, 51.0, 200)
('read', 51.0, 51.0, 200)
('read', 51.0, 51.0, 200)
('read', 51.0, 51.0, 200)
('read', 51.0, 51.1, 200)
('read', 51.0, 51.1, 200)
('read', 51.0, 51.1, 200)
('ready', 51.0, 51.1, 200)
('read', 51.1, 51.1, 200)
('read', 51.1, 51.1, 200)
('read', 51.1, 51.1, 200)
('read', 51.1, 51.1, 200)
('read', 51.1, 51.1, 200)
('read', 51.1, 51.1, 200)
('read', 51.1, 51.1, 200)
('read', 51.1, 51.1, 200)
('read', 51.1, 51.1, 200)
('read', 51.1, 51.1, 200)
('read', 51.1, 51.1, 200)
('read', 51.1, 51.1, 200)
('read', 51.1, 51.1, 200)
('read', 51.1, 51.1, 200)
('read', 51.1, 51.1, 200)
('read', 51.1, 51.1, 200)
('read', 51.1, 51.1, 200)
('read', 51.1, 51.1, 200)
('read', 51.1, 51.1, 200)
('read', 51.1, 51.1, 200)
('read', 51.1, 51.1, 200)
('read', 51.1, 51.1, 200)
('read', 51.1, 51.1, 200)
('read', 51.1, 51.2, 200)
('read', 51.1, 51.2, 200)
('read', 51.1, 51.2, 200)
('ready', 51.1, 51.2, 200)
('read', 51.2, 51.2, 200)
('read', 51.2, 51.2, 200)
('read', 51.2, 51.2, 200)
('read', 51.2, 51.2, 200)
('read', 51.2, 51.2, 200)
('read', 51.2, 51.2, 200)
('read', 51.2, 51.2, 200)
('read', 51.2, 51.2, 200)
('read', 51.2, 51.2, 200)
('read', 51.2, 51.2, 200)
('read', 51.2, 51.2, 200)
('read', 51.2, 51.2, 200)
('read', 51.2, 51.2, 200)
('read', 51.2, 51.2, 200)
('read', 51.2, 51.2, 200)
('read', 51.2, 51.2, 200)
('read', 51.2, 51.2, 200)
('read', 51.2, 51.2, 200)
('read', 51.2, 51.2, 200)
('read', 51.2, 51.2, 200)
('ready', 51.2, 51.2, 200)
('read', 51.2, 51.2, 200)
('read', 51.2, 51.2, 200)
('read', 51.2, 51.2, 200)
('read', 51.2, 51.2, 200)
('read', 51.2, 51.3, 200)
('read', 51.2, 51.3, 200)
('read', 51.2, 51.3, 200)
('ready', 51.2, 51.3, 200)
('read', 51.3, 51.3, 200)
('read', 51.3, 51.3, 200)
('read', 51.3, 51.3, 200)
('read', 51.3, 51.3, 200)
('read', 51.3, 51.3, 200)
('read', 51.3, 51.3, 200)
('read', 51.3, 51.3, 200)
('read', 51.3, 51.3, 200)
('read', 51.3, 51.3, 200)
('read', 51.3, 51.3, 200)
('read', 51.3, 51.3, 200)
('read', 51.3, 51.3, 200)
('read', 51.3, 51.3, 200)
('read', 51.3, 51.3, 200)
('read', 51.3, 51.3, 200)
('read', 51.3, 51.3, 200)
('read', 51.3, 51.3, 200)
('read', 51.3, 51.3, 200)
('read', 51.3, 51.3, 200)
('read', 51.3, 51.3, 200)
('read', 51.3, 51.3, 200)
('read', 51.3, 51.3, 200)
('read', 51.3, 51.3, 200)
('read', 51.3, 51.3, 200)
('read', 51.3, 51.4, 200)
('read', 51.3, 51.4, 200)
('read', 51.3, 51.4, 200)
('ready', 51.3, 51.4, 200)
('read', 51.4, 51.4, 200)
('read', 51.4, 51.4, 200)
('read', 51.4, 51.4, 200)
('read', 51.4, 51.4, 200)
('read', 51.4, 51.4, 200)
('read', 51.4, 51.4, 200)
('read', 51.4, 51.4, 200)
('read', 51.4, 51.4, 200)
('read', 51.4, 51.4, 200)
('read', 51.4, 51.4, 200)
('read', 51.4, 51.4, 200)
('read', 51.4, 51.4, 200)
('read', 51.4, 51.4, 200)
('read', 51.4, 51.4, 200)
('read', 51.4, 51.4, 200)
('read', 51.4, 51.4, 200)
('read', 51.4, 51.4, 200)
('read', 51.4, 51.4, 200)
('read', 51.4, 51.4, 200)
('read', 51.4, 51.4, 200)
('ready', 51.4, 51.4, 200)
('read', 51.4, 51.4, 200)
('read', 51.4, 51.4, 200)
('read', 51.4, 51.4, 200)
('read', 51.4, 51.4, 200)
('read', 51.4, 51.5, 200)
('read', 51.4, 51.5, 200)
('read', 51.4, 51.5, 200)
('ready', 51.4, 51.5, 200)
('read', 51.5, 51.5, 200)
('read', 51.5, 51.5, 200)
('read', 51.5, 51.5, 200)
('read', 51.5, 51.5, 200)
('read', 51.5, 51.5, 200)
('read', 51.5, 51.5, 200)
('read', 51.5, 51.5, 200)
('read', 51.5, 51.5, 200)
('read', 51.5, 51.5, 200)
('read', 51.5, 51.5, 200)
('read', 51.5, 51.5, 200)
('read', 51.5, 51.5, 200)
('read', 51.5, 51.5, 200)
('read', 51.5, 51.5, 200)
('read', 51.5, 51.5, 200)
('read', 51.5, 51.5, 200)
('read', 51.5, 51.5, 200)
('read', 51.5, 51.5, 200)
('read', 51.5, 51.5, 200)
('read', 51.5, 51.5, 200)
('read', 51.5, 51.5, 200)
('read', 51.5, 51.5, 200)
('read', 51.5, 51.5, 200)
('read', 51.5, 51.5, 200)
('read', 51.5, 51.6, 200)
('read', 51.5, 51.6, 200)
('read', 51.5, 51.6, 200)
('ready', 51.5, 51.6, 200)
('read', 51.6, 51.6, 200)
('read', 51.6, 51.6, 200)
('read', 51.6, 51.6, 200)
('read', 51.6, 51.6, 200)
('read', 51.6, 51.6, 200)
('read', 51.6, 51.6, 200)
('read', 51.6, 51.6, 200)
('read', 51.6, 51.6, 200)
('read', 51.6, 51.6, 200)
('read', 51.6, 51.6, 200)
('read', 51.6, 51.6, 200)
('read', 51.6, 51.6, 200)
('read', 51.6, 51.6, 200)
('read', 51.6, 51.6, 200)
('read', 51.6, 51.6, 200)
('read', 51.6, 51.6, 200)
('read', 51.6, 51.6, 200)
('read', 51.6, 51.6, 200)
('read', 51.6, 51.6, 200)
('read', 51.6, 51.6, 200)
('read', 51.6, 51.6, 200)
('read', 51.6, 51.6, 200)
('read', 51.6, 51.6, 200)
('read', 51.6, 51.6, 200)
('ready', 51.6, 51.6, 200)
('read', 51.6, 51.7, 200)
('read', 51.6, 51.7, 200)
('read', 51.6, 51.7, 200)
('ready', 51.6, 51.7, 200)
('read', 51.7, 51.7, 200)
('read', 51.7, 51.7, 200)
('read', 51.7, 51.7, 200)
('read', 51.7, 51.7, 200)
('read', 51.7, 51.7, 200)
('read', 51.7, 51.7, 200)
('read', 51.7, 51.7, 200)
('read', 51.7, 51.7, 200)
('read', 51.7, 51.7, 200)
('read', 51.7, 51.7, 200)
('read', 51.7, 51.7, 200)
('read', 51.7, 51.7, 200)
('read', 51.7, 51.7, 200)
('read', 51.7, 51.7, 200)
('read', 51.7, 51.7, 200)
('read', 51.7, 51.7, 200)
('read', 51.7, 51.7, 200)
('read', 51.7, 51.7, 200)
('read', 51.7, 51.7, 200)
('read', 51.7, 51.7, 200)
('read', 51.7, 51.7, 200)
('read', 51.7, 51.7, 200)
('read', 51.7, 51.7, 200)
('read', 51.7, 51.7, 200)
('read', 51.7, 51.8, 200)
('read', 51.7, 51.8, 200)
('read', 51.7, 51.8, 200)
('ready', 51.7, 51.8, 200)
('read', 51.8, 51.8, 200)
('read', 51.8, 51.8, 200)
('read', 51.8, 51.8, 200)
('read', 51.8, 51.8, 200)
('read', 51.8, 51.8, 200)
('read', 51.8, 51.8, 200)
('read', 51.8, 51.8, 200)
('read', 51.8, 51.8, 200)
('read', 51.8, 51.8, 200)
('read', 51.8, 51.8, 200)
('read', 51.8, 51.8, 200)
('read', 51.8, 51.8, 200)
('read', 51.8, 51.8, 200)
('read', 51.8, 51.8, 200)
('read', 51.8, 51.8, 200)
('read', 51.8, 51.8, 200)
('read', 51.8, 51.8, 200)
('read', 51.8, 51.8, 200)
('read', 51.8, 51.8, 200)
('read', 51.8, 51.8, 200)
('read', 51.8, 51.8, 200)
('read', 51.8, 51.8, 200)
('ready', 51.8, 51.8, 200)
('read', 51.8, 51.8, 200)
('read', 51.8, 51.8, 200)
('read', 51.8, 51.9, 200)
('read', 51.8, 51.9, 200)
('read', 51.8, 51.9, 200)
('ready', 51.8, 51.9, 200)
('read', 51.9, 51.9, 200)
('read', 51.9, 51.9, 200)
('read', 51.9, 51.9, 200)
('read', 51.9, 51.9, 200)
('read', 51.9, 51.9, 200)
('read', 51.9, 51.9, 200)
('read', 51.9, 51.9, 200)
('read', 51.9, 51.9, 200)
('read', 51.9, 51.9, 200)
('read', 51.9, 51.9, 200)
('read', 51.9, 51.9, 200)
('read', 51.9, 51.9, 200)
('read', 51.9, 51.9, 200)
('read', 51.9, 51.9, 200)
('read', 51.9, 51.9, 200)
('read', 51.9, 51.9, 200)
('read', 51.9, 51.9, 200)
('read', 51.9, 51.9, 200)
('read', 51.9, 51.9, 200)
('read', 51.9, 51.9, 200)
('read', 51.9, 51.9, 200)
('read', 51.9, 51.9, 200)
('read', 51.9, 51.9, 200)
('read', 51.9, 51.9, 200)
('read', 51.9, 51.9, 200)
('read', 51.9, 52.0, 200)
('read', 51.9, 52.0, 200)
('read', 51.9, 52.0, 200)
('ready', 51.9, 52.0, 200)
('read', 52.0, 52.0, 200)
('read', 52.0, 52.0, 200)
('read', 52.0, 52.0, 200)
('read', 52.0, 52.0, 200)
('read', 52.0, 52.0, 200)
('read', 52.0, 52.0, 200)
('read', 52.0, 52.0, 200)
('read', 52.0, 52.0, 200)
('read', 52.0, 52.0, 200)
('read', 52.0, 52.0, 200)
('read', 52.0, 52.0, 200)
('read', 52.0, 52.0, 200)
('read', 52.0, 52.0, 200)
('read', 52.0, 52.0, 200)
('read', 52.0, 52.0, 200)
('read', 52.0, 52.0, 200)
('read', 52.0, 52.0, 200)
('read', 52.0, 52.0, 200)
('read', 52.0, 52.0, 200)
('read', 52.0, 52.0, 200)
('ready', 52.0, 52.0, 200)
('read', 52.0, 52.0, 200)
('read', 52.0, 52.0, 200)
('read', 52.0, 52.0, 200)
('read', 52.0, 52.0, 200)
('read', 52.0, 52.1, 200)
('read', 52.0, 52.1, 200)
('read', 52.0, 52.1, 200)
('ready', 52.0, 52.1, 200)
('read', 52.1, 52.1, 200)
('read', 52.1, 52.1, 200)
('read', 52.1, 52.1, 200)
('read', 52.1, 52.1, 200)
('read', 52.1, 52.1, 200)
('read', 52.1, 52.1, 200)
('read', 52.1, 52.1, 200)
('read', 52.1, 52.1, 200)
('read', 52.1, 52.1, 200)
('read', 52.1, 52.1, 200)
('read', 52.1, 52.1, 200)
('read', 52.1, 52.1, 200)
('read', 52.1, 52.1, 200)
('read', 52.1, 52.1, 200)
('read', 52.1, 52.1, 200)
('read', 52.1, 52.1, 200)
('read', 52.1, 52.1, 200)
('read', 52.1, 52.1, 200)
('read', 52.1, 52.1, 200)
('read', 52.1, 52.1, 200)
('read', 52.1, 52.1, 200)
('read', 52.1, 52.1, 200)
('read', 52.1, 52.1, 200)
('read', 52.1, 52.2, 200)
('read', 52.1, 52.2, 200)
('read', 52.1, 52.2, 200)
('ready', 52.1, 52.2, 200)
('read', 52.2, 52.2, 200)
('read', 52.2, 52.2, 200)
('read', 52.2, 52.2, 200)
('read', 52.2, 52.2, 200)
('read', 52.2, 52.2, 200)
('read', 52.2, 52.2, 200)
('read', 52.2, 52.2, 200)
('read', 52.2, 52.2, 200)
('read', 52.2, 52.2, 200)
('read', 52.2, 52.2, 200)
('read', 52.2, 52.2, 200)
('read', 52.2, 52.2, 200)
('read', 52.2, 52.2, 200)
('read', 52.2, 52.2, 200)
('read', 52.2, 52.2, 200)
('read', 52.2, 52.2, 200)
('read', 52.2, 52.2, 200)
('read', 52.2, 52.2, 200)
('read', 52.2, 52.2, 200)
('ready', 52.2, 52.2, 200)
('read', 52.2, 52.2, 200)
('read', 52.2, 52.2, 200)
('read', 52.2, 52.2, 200)
('read', 52.2, 52.2, 200)
('read', 52.2, 52.2, 200)
('read', 52.2, 52.3, 200)
('read', 52.2, 52.3, 200)
('read', 52.2, 52.3, 200)
('ready', 52.2, 52.3, 200)
('read', 52.3, 52.3, 200)
('read', 52.3, 52.3, 200)
('read', 52.3, 52.3, 200)
('read', 52.3, 52.3, 200)
('read', 52.3, 52.3, 200)
('read', 52.3, 52.3, 200)
('read', 52.3, 52.3, 200)
('read', 52.3, 52.3, 200)
('read', 52.3, 52.3, 200)
('read', 52.3, 52.3, 200)
('read', 52.3, 52.3, 200)
('read', 52.3, 52.3, 200)
('read', 52.3, 52.3, 200)
('read', 52.3, 52.3, 200)
('read', 52.3, 52.3, 200)
('read', 52.3, 52.3, 200)
('read', 52.3, 52.3, 200)
('read', 52.3, 52.3, 200)
('read', 52.3, 52.3, 200)
('read', 52.3, 52.3, 200)
('read', 52.3, 52.3, 200)
('read', 52.3, 52.3, 200)
('read', 52.3, 52.3, 200)
('read', 52.3, 52.3, 200)
('read', 52.3, 52.4, 200)
('read', 52.3, 52.4, 200)
('read', 52.3, 52.4, 200)
('ready', 52.3, 52.4, 200)
('read', 52.4, 52.4, 200)
('read', 52.4, 52.4, 200)
('read', 52.4, 52.4, 200)
('read', 52.4, 52.4, 200)
('read', 52.4, 52.4, 200)
('read', 52.4, 52.4, 200)
('read', 52.4, 52.4, 200)
('read', 52.4, 52.4, 200)
('read', 52.4, 52.4, 200)
('read', 52.4, 52.4, 200)
('read', 52.4, 52.4, 200)
('read', 52.4, 52.4, 200)
('read', 52.4, 52.4, 200)
('read', 52.4, 52.4, 200)
('read', 52.4, 52.4, 200)
('read', 52.4, 52.4, 200)
('read', 52.4, 52.4, 200)
('ready', 52.4, 52.4, 200)
('read', 52.4, 52.4, 200)
('read', 52.4, 52.4, 200)
('read', 52.4, 52.4, 200)
('read', 52.4, 52.4, 200)
('read', 52.4, 52.4, 200)
('read', 52.4, 52.4, 200)
('read', 52.4, 52.4, 200)
('read', 52.4, 52.5, 200)
('read', 52.4, 52.5, 200)
('read', 52.4, 52.5, 200)
('ready', 52.4, 52.5, 200)
('read', 52.5, 52.5, 200)
('read', 52.5, 52.5, 200)
('read', 52.5, 52.5, 200)
('read', 52.5, 52.5, 200)
('read', 52.5, 52.5, 200)
('read', 52.5, 52.5, 200)
('read', 52.5, 52.5, 200)
('read', 52.5, 52.5, 200)
('read', 52.5, 52.5, 200)
('read', 52.5, 52.5, 200)
('read', 52.5, 52.5, 200)
('read', 52.5, 52.5, 200)
('read', 52.5, 52.5, 200)
('read', 52.5, 52.5, 200)
('read', 52.5, 52.5, 200)
('read', 52.5, 52.5, 200)
('read', 52.5, 52.5, 200)
('read', 52.5, 52.5, 200)
('read', 52.5, 52.5, 200)
('read', 52.5, 52.5, 200)
('read', 52.5, 52.5, 200)
('read', 52.5, 52.5, 200)
('ready', 52.5, 52.5, 200)
('read', 52.5, 52.5, 200)
('read', 52.5, 52.6, 200)
('read', 52.5, 52.6, 200)
('read', 52.5, 52.6, 200)
('ready', 52.5, 52.6, 200)
('read', 52.6, 52.6, 200)
('read', 52.6, 52.6, 200)
('read', 52.6, 52.6, 200)
('read', 52.6, 52.6, 200)
('read', 52.6, 52.6, 200)
('read', 52.6, 52.6, 200)
('read', 52.6, 52.6, 200)
('read', 52.6, 52.6, 200)
('read', 52.6, 52.6, 200)
('read', 52.6, 52.6, 200)
('read', 52.6, 52.6, 200)
('read', 52.6, 52.6, 200)
('read', 52.6, 52.6, 200)
('read', 52.6, 52.6, 200)
('read', 52.6, 52.6, 200)
('read', 52.6, 52.6, 200)
('read', 52.6, 52.6, 200)
('read', 52.6, 52.6, 200)
('read', 52.6, 52.6, 200)
('read', 52.6, 52.6, 200)
('read', 52.6, 52.6, 200)
('read', 52.6, 52.6, 200)
('read', 52.6, 52.6, 200)
('read', 52.6, 52.7, 200)
('read', 52.6, 52.7, 200)
('read', 52.6, 52.7, 200)
('ready', 52.6, 52.7, 200)
('read', 52.7, 52.7, 200)
('read', 52.7, 52.7, 200)
('read', 52.7, 52.7, 200)
('read', 52.7, 52.7, 200)
('read', 52.7, 52.7, 200)
('read', 52.7, 52.7, 200)
('read', 52.7, 52.7, 200)
('read', 52.7, 52.7, 200)
('read', 52.7, 52.7, 200)
('read', 52.7, 52.7, 200)
('read', 52.7, 52.7, 200)
('read', 52.7, 52.7, 200)
('read', 52.7, 52.7, 200)
('read', 52.7, 52.7, 200)
('read', 52.7, 52.7, 200)
('read', 52.7, 52.7, 200)
('read', 52.7, 52.7, 200)
('read', 52.7, 52.7, 200)
('read', 52.7, 52.7, 200)
('read', 52.7, 52.7, 200)
('read', 52.7, 52.7, 200)
('read', 52.7, 52.7, 200)
('ready', 52.7, 52.7, 200)
('read', 52.7, 52.7, 200)
('read', 52.7, 52.7, 200)
('read', 52.7, 52.7, 200)
('read', 52.7, 52.7, 200)
('read', 52.7, 52.8, 200)
('read', 52.7, 52.8, 200)
('read', 52.7, 52.8, 200)
('ready', 52.7, 52.8, 200)
('read', 52.8, 52.8, 200)
('read', 52.8, 52.8, 200)
('read', 52.8, 52.8, 200)
('read', 52.8, 52.8, 200)
('read', 52.8, 52.8, 200)
('read', 52.8, 52.8, 200)
('read', 52.8, 52.8, 200)
('read', 52.8, 52.8, 200)
('read', 52.8, 52.8, 200)
('read', 52.8, 52.8, 200)
('read', 52.8, 52.8, 200)
('read', 52.8, 52.8, 200)
('read', 52.8, 52.8, 200)
('read', 52.8, 52.8, 200)
('read', 52.8, 52.8, 200)
('read', 52.8, 52.8, 200)
('read', 52.8, 52.8, 200)
('read', 52.8, 52.8, 200)
('read', 52.8, 52.8, 200)
('read', 52.8, 52.8, 200)
('read', 52.8, 52.8, 200)
('read', 52.8, 52.9, 200)
('read', 52.8, 52.9, 200)
('read', 52.8, 52.9, 200)
('ready', 52.8, 52.9, 200)
('read', 52.9, 52.9, 200)
('read', 52.9, 52.9, 200)
('read', 52.9, 52.9, 200)
('read', 52.9, 52.9, 200)
('read', 52.9, 52.9, 200)
('read', 52.9, 52.9, 200)
('read', 52.9, 52.9, 200)
('read', 52.9, 52.9, 200)
('read', 52.9, 52.9, 200)
('read', 52.9, 52.9, 200)
('read', 52.9, 52.9, 200)
('read', 52.9, 52.9, 200)
('read', 52.9, 52.9, 200)
('read', 52.9, 52.9, 200)
('read', 52.9, 52.9, 200)
('read', 52.9, 52.9, 200)
('read', 52.9, 52.9, 200)
('ready', 52.9, 52.9, 200)
('read', 52.9, 53.0, 200)
('read', 52.9, 53.0, 200)
('read', 52.9, 53.0, 200)
('ready', 52.9, 53.0, 200)
('read', 53.0, 53.0, 200)
('read', 53.0, 53.0, 200)
('read', 53.0, 53.0, 200)
('read', 53.0, 53.0, 200)
('read', 53.0, 53.0, 200)
('read', 53.0, 53.0, 200)
('read', 53.0, 53.0, 200)
('read', 53.0, 53.0, 200)
('read', 53.0, 53.0, 200)
('read', 53.0, 53.0, 200)
('read', 53.0, 53.0, 200)
('read', 53.0, 53.0, 200)
('read', 53.0, 53.0, 200)
('read', 53.0, 53.0, 200)
('read', 53.0, 53.0, 200)
('read', 53.0, 53.0, 200)
('read', 53.0, 53.0, 200)
('read', 53.0, 53.0, 200)
('read', 53.0, 53.0, 200)
('read', 53.0, 53.0, 200)
('read', 53.0, 53.0, 200)
('read', 53.0, 53.0, 200)
('read', 53.0, 53.0, 200)
('read', 53.0, 53.0, 200)
('read', 53.0, 53.1, 200)
('read', 53.0, 53.1, 200)
('read', 53.0, 53.1, 200)
('ready', 53.0, 53.1, 200)
('read', 53.1, 53.1, 200)
('read', 53.1, 53.1, 200)
('read', 53.1, 53.1, 200)
('read', 53.1, 53.1, 200)
('read', 53.1, 53.1, 200)
('read', 53.1, 53.1, 200)
('read', 53.1, 53.1, 200)
('read', 53.1, 53.1, 200)
('read', 53.1, 53.1, 200)
('read', 53.1, 53.1, 200)
('read', 53.1, 53.1, 200)
('read', 53.1, 53.1, 200)
('read', 53.1, 53.1, 200)
('read', 53.1, 53.1, 200)
('read', 53.1, 53.1, 200)
('read', 53.1, 53.1, 200)
('read', 53.1, 53.1, 200)
('read', 53.1, 53.1, 200)
('read', 53.1, 53.1, 200)
('read', 53.1, 53.1, 200)
('read', 53.1, 53.1, 200)
('read', 53.1, 53.1, 200)
('read', 53.1, 53.1, 200)
('read', 53.1, 53.1, 200)
('read', 53.1, 53.2, 200)
('ready', 53.1, 53.2, 200)
('read', 53.1, 53.2, 200)
('read', 53.1, 53.2, 200)
('read', 53.2, 53.2, 200)
('read', 53.2, 53.2, 200)
('read', 53.2, 53.2, 200)
('read', 53.2, 53.2, 200)
('read', 53.2, 53.2, 200)
('read', 53.2, 53.2, 200)
('read', 53.2, 53.2, 200)
('read', 53.2, 53.2, 200)
('read', 53.2, 53.2, 200)
('read', 53.2, 53.2, 200)
('read', 53.2, 53.2, 200)
('read', 53.2, 53.2, 200)
('read', 53.2, 53.2, 200)
('read', 53.2, 53.2, 200)
('read', 53.2, 53.2, 200)
('ready', 53.2, 53.2, 200)
('read', 53.2, 53.2, 200)
('read', 53.2, 53.2, 200)
('read', 53.2, 53.2, 200)
('read', 53.2, 53.2, 200)
('read', 53.2, 53.2, 200)
('read', 53.2, 53.2, 200)
('read', 53.2, 53.2, 200)
('read', 53.2, 53.3, 200)
('read', 53.2, 53.3, 200)
('read', 53.2, 53.3, 200)
('ready', 53.2, 53.3, 200)
('read', 53.3, 53.3, 200)
('read', 53.3, 53.3, 200)
('read', 53.3, 53.3, 200)
('read', 53.3, 53.3, 200)
('read', 53.3, 53.3, 200)
('read', 53.3, 53.3, 200)
('read', 53.3, 53.3, 200)
('read', 53.3, 53.3, 200)
('read', 53.3, 53.3, 200)
('read', 53.3, 53.3, 200)
('read', 53.3, 53.3, 200)
('read', 53.3, 53.3, 200)
('read', 53.3, 53.3, 200)
('read', 53.3, 53.3, 200)
('read', 53.3, 53.3, 200)
('read', 53.3, 53.3, 200)
('read', 53.3, 53.3, 200)
('read', 53.3, 53.3, 200)
('read', 53.3, 53.3, 200)
('read', 53.3, 53.3, 200)
('read', 53.3, 53.3, 200)
('read', 53.3, 53.3, 200)
('read', 53.3, 53.3, 200)
('read', 53.3, 53.3, 200)
('read', 53.3, 53.4, 200)
('read', 53.3, 53.4, 200)
('read', 53.3, 53.4, 200)
('ready', 53.3, 53.4, 200)
('read', 53.4, 53.4, 200)
('read', 53.4, 53.4, 200)
('read', 53.4, 53.4, 200)
('read', 53.4, 53.4, 200)
('read', 53.4, 53.4, 200)
('read', 53.4, 53.4, 200)
('read', 53.4, 53.4, 200)
('read', 53.4, 53.4, 200)
('read', 53.4, 53.4, 200)
('read', 53.4, 53.4, 200)
('read', 53.4, 53.4, 200)
('read', 53.4, 53.4, 200)
('read', 53.4, 53.4, 200)
('read', 53.4, 53.4, 200)
('read', 53.4, 53.4, 200)
('read', 53.4, 53.4, 200)
('read', 53.4, 53.4, 200)
('read', 53.4, 53.4, 200)
('ready', 53.4, 53.4, 200)
('read', 53.4, 53.4, 200)
('read', 53.4, 53.4, 200)
('read', 53.4, 53.4, 200)
('read', 53.4, 53.4, 200)
('read', 53.4, 53.4, 200)
('read', 53.4, 53.5, 200)
('read', 53.4, 53.5, 200)
('read', 53.4, 53.5, 200)
('ready', 53.4, 53.5, 200)
('read', 53.5, 53.5, 200)
('read', 53.5, 53.5, 200)
('read', 53.5, 53.5, 200)
('read', 53.5, 53.5, 200)
('read', 53.5, 53.5, 200)
('read', 53.5, 53.5, 200)
('read', 53.5, 53.5, 200)
('read', 53.5, 53.5, 200)
('read', 53.5, 53.5, 200)
('read', 53.5, 53.5, 200)
('read', 53.5, 53.5, 200)
('read', 53.5, 53.5, 200)
('read', 53.5, 53.5, 200)
('read', 53.5, 53.5, 200)
('read', 53.5, 53.5, 200)
('read', 53.5, 53.5, 200)
('read', 53.5, 53.5, 200)
('read', 53.5, 53.5, 200)
('read', 53.5, 53.5, 200)
('read', 53.5, 53.5, 200)
('read', 53.5, 53.5, 200)
('read', 53.5, 53.5, 200)
('read', 53.5, 53.5, 200)
('read', 53.5, 53.6, 200)
('read', 53.5, 53.6, 200)
('read', 53.5, 53.6, 200)
('ready', 53.5, 53.6, 200)
('read', 53.6, 53.6, 200)
('read', 53.6, 53.6, 200)
('read', 53.6, 53.6, 200)
('read', 53.6, 53.6, 200)
('read', 53.6, 53.6, 200)
('read', 53.6, 53.6, 200)
('read', 53.6, 53.6, 200)
('read', 53.6, 53.6, 200)
('read', 53.6, 53.6, 200)
('read', 53.6, 53.6, 200)
('read', 53.6, 53.6, 200)
('read', 53.6, 53.6, 200)
('read', 53.6, 53.6, 200)
('read', 53.6, 53.6, 200)
('read', 53.6, 53.6, 200)
('read', 53.6, 53.6, 200)
('read', 53.6, 53.6, 200)
('read', 53.6, 53.6, 200)
('read', 53.6, 53.6, 200)
('ready', 53.6, 53.6, 200)
('read', 53.6, 53.6, 200)
('read', 53.6, 53.6, 200)
('read', 53.6, 53.6, 200)
('read', 53.6, 53.6, 200)
('read', 53.6, 53.7, 200)
('read', 53.6, 53.7, 200)
('read', 53.6, 53.7, 200)
('ready', 53.6, 53.7, 200)
('read', 53.7, 53.7, 200)
('read', 53.7, 53.7, 200)
('read', 53.7, 53.7, 200)
('read', 53.7, 53.7, 200)
('read', 53.7, 53.7, 200)
('read', 53.7, 53.7, 200)
('read', 53.7, 53.7, 200)
('read', 53.7, 53.7, 200)
('read', 53.7, 53.7, 200)
('read', 53.7, 53.7, 200)
('read', 53.7, 53.7, 200)
('read', 53.7, 53.7, 200)
('read', 53.7, 53.7, 200)
('read', 53.7, 53.7, 200)
('read', 53.7, 53.7, 200)
('read', 53.7, 53.7, 200)
('read', 53.7, 53.7, 200)
('read', 53.7, 53.7, 200)
('read', 53.7, 53.7, 200)
('read', 53.7, 53.7, 200)
('read', 53.7, 53.7, 200)
('read', 53.7, 53.7, 200)
('read', 53.7, 53.7, 200)
('read', 53.7, 53.8, 200)
('read', 53.7, 53.8, 200)
('read', 53.7, 53.8, 200)
('ready', 53.7, 53.8, 200)
('read', 53.8, 53.8, 200)
('read', 53.8, 53.8, 200)
('read', 53.8, 53.8, 200)
('read', 53.8, 53.8, 200)
('read', 53.8, 53.8, 200)
('read', 53.8, 53.8, 200)
('read', 53.8, 53.8, 200)
('read', 53.8, 53.8, 200)
('read', 53.8, 53.8, 200)
('read', 53.8, 53.8, 200)
('read', 53.8, 53.8, 200)
('read', 53.8, 53.8, 200)
('read', 53.8, 53.8, 200)
('read', 53.8, 53.8, 200)
('read', 53.8, 53.8, 200)
('read', 53.8, 53.8, 200)
('read', 53.8, 53.8, 200)
('read', 53.8, 53.8, 200)
('ready', 53.8, 53.8, 200)
('read', 53.8, 53.8, 200)
('read', 53.8, 53.8, 200)
('read', 53.8, 53.8, 200)
('read', 53.8, 53.8, 200)
('read', 53.8, 53.8, 200)
('read', 53.8, 53.8, 200)
('read', 53.8, 53.9, 200)
('read', 53.8, 53.9, 200)
('read', 53.8, 53.9, 200)
('ready', 53.8, 53.9, 200)
('read', 53.9, 53.9, 200)
('read', 53.9, 53.9, 200)
('read', 53.9, 53.9, 200)
('read', 53.9, 53.9, 200)
('read', 53.9, 53.9, 200)
('read', 53.9, 53.9, 200)
('read', 53.9, 53.9, 200)
('read', 53.9, 53.9, 200)
('read', 53.9, 53.9, 200)
('read', 53.9, 53.9, 200)
('read', 53.9, 53.9, 200)
('read', 53.9, 53.9, 200)
('read', 53.9, 53.9, 200)
('read', 53.9, 53.9, 200)
('read', 53.9, 53.9, 200)
('read', 53.9, 53.9, 200)
('read', 53.9, 53.9, 200)
('read', 53.9, 53.9, 200)
('read', 53.9, 53.9, 200)
('read', 53.9, 53.9, 200)
('read', 53.9, 53.9, 200)
('read', 53.9, 53.9, 200)
('read', 53.9, 53.9, 200)
('read', 53.9, 54.0, 200)
('read', 53.9, 54.0, 200)
('read', 53.9, 54.0, 200)
('ready', 53.9, 54.0, 200)
('read', 54.0, 54.0, 200)
('read', 54.0, 54.0, 200)
('read', 54.0, 54.0, 200)
('read', 54.0, 54.0, 200)
('read', 54.0, 54.0, 200)
('read', 54.0, 54.0, 200)
('read', 54.0, 54.0, 200)
('read', 54.0, 54.0, 200)
('read', 54.0, 54.0, 200)
('read', 54.0, 54.0, 200)
('read', 54.0, 54.0, 200)
('read', 54.0, 54.0, 200)
('read', 54.0, 54.0, 200)
('read', 54.0, 54.0, 200)
('ready', 54.0, 54.0, 200)
('read', 54.0, 54.0, 200)
('read', 54.0, 54.0, 200)
('read', 54.0, 54.0, 200)
('read', 54.0, 54.0, 200)
('read', 54.0, 54.0, 200)
('read', 54.0, 54.0, 200)
('read', 54.0, 54.0, 200)
('read', 54.0, 54.0, 200)
('read', 54.0, 54.0, 200)
('read', 54.0, 54.1, 200)
('read', 54.0, 54.1, 200)
('read', 54.0, 54.1, 200)
('ready', 54.0, 54.1, 200)
('read', 54.1, 54.1, 200)
('read', 54.1, 54.1, 200)
('read', 54.1, 54.1, 200)
('read', 54.1, 54.1, 200)
('read', 54.1, 54.1, 200)
('read', 54.1, 54.1, 200)
('read', 54.1, 54.1, 200)
('read', 54.1, 54.1, 200)
('read', 54.1, 54.1, 200)
('read', 54.1, 54.1, 200)
('read', 54.1, 54.1, 200)
('read', 54.1, 54.1, 200)
('read', 54.1, 54.1, 200)
('read', 54.1, 54.1, 200)
('read', 54.1, 54.1, 200)
('read', 54.1, 54.1, 200)
('read', 54.1, 54.1, 200)
('read', 54.1, 54.1, 200)
('read', 54.1, 54.1, 200)
('read', 54.1, 54.1, 200)
('ready', 54.1, 54.1, 200)
('read', 54.1, 54.1, 200)
('read', 54.1, 54.1, 200)
('read', 54.1, 54.2, 200)
('read', 54.1, 54.2, 200)
('read', 54.1, 54.2, 200)
('ready', 54.1, 54.2, 200)
('read', 54.2, 54.2, 200)
('read', 54.2, 54.2, 200)
('read', 54.2, 54.2, 200)
('read', 54.2, 54.2, 200)
('read', 54.2, 54.2, 200)
('read', 54.2, 54.2, 200)
('read', 54.2, 54.2, 200)
('read', 54.2, 54.2, 200)
('read', 54.2, 54.2, 200)
('read', 54.2, 54.2, 200)
('read', 54.2, 54.2, 200)
('read', 54.2, 54.2, 200)
('read', 54.2, 54.2, 200)
('read', 54.2, 54.2, 200)
('read', 54.2, 54.2, 200)
('read', 54.2, 54.2, 200)
('read', 54.2, 54.2, 200)
('read', 54.2, 54.2, 200)
('read', 54.2, 54.2, 200)
('read', 54.2, 54.2, 200)
('read', 54.2, 54.2, 200)
('read', 54.2, 54.2, 200)
('read', 54.2, 54.2, 200)
('read', 54.2, 54.3, 200)
('read', 54.2, 54.3, 200)
('read', 54.2, 54.3, 200)
('ready', 54.2, 54.3, 200)
('read', 54.3, 54.3, 200)
('read', 54.3, 54.3, 200)
('read', 54.3, 54.3, 200)
('read', 54.3, 54.3, 200)
('read', 54.3, 54.3, 200)
('read', 54.3, 54.3, 200)
('read', 54.3, 54.3, 200)
('read', 54.3, 54.3, 200)
('read', 54.3, 54.3, 200)
('read', 54.3, 54.3, 200)
('read', 54.3, 54.3, 200)
('read', 54.3, 54.3, 200)
('read', 54.3, 54.3, 200)
('read', 54.3, 54.3, 200)
('read', 54.3, 54.3, 200)
('read', 54.3, 54.3, 200)
('read', 54.3, 54.3, 200)
('read', 54.3, 54.3, 200)
('read', 54.3, 54.3, 200)
('read', 54.3, 54.3, 200)
('read', 54.3, 54.3, 200)
('read', 54.3, 54.3, 200)
('read', 54.3, 54.3, 200)
('read', 54.3, 54.4, 200)
('ready', 54.3, 54.4, 200)
('read', 54.3, 54.4, 200)
('read', 54.3, 54.4, 200)
('read', 54.4, 54.4, 200)
('read', 54.4, 54.4, 200)
('read', 54.4, 54.4, 200)
('read', 54.4, 54.4, 200)
('read', 54.4, 54.4, 200)
('read', 54.4, 54.4, 200)
('read', 54.4, 54.4, 200)
('read', 54.4, 54.4, 200)
('read', 54.4, 54.4, 200)
('read', 54.4, 54.4, 200)
('read', 54.4, 54.4, 200)
('read', 54.4, 54.4, 200)
('read', 54.4, 54.4, 200)
('ready', 54.4, 54.4, 200)
('read', 54.4, 54.4, 200)
('read', 54.4, 54.4, 200)
('read', 54.4, 54.4, 200)
('read', 54.4, 54.4, 200)
('read', 54.4, 54.4, 200)
('read', 54.4, 54.4, 200)
('read', 54.4, 54.4, 200)
('read', 54.4, 54.4, 200)
('read', 54.4, 54.5, 200)
('read', 54.4, 54.5, 200)
('read', 54.4, 54.5, 200)
('ready', 54.4, 54.5, 200)
('read', 54.5, 54.5, 200)
('read', 54.5, 54.5, 200)
('read', 54.5, 54.5, 200)
('read', 54.5, 54.5, 200)
('read', 54.5, 54.5, 200)
('read', 54.5, 54.5, 200)
('read', 54.5, 54.5, 200)
('read', 54.5, 54.5, 200)
('read', 54.5, 54.5, 200)
('read', 54.5, 54.5, 200)
('read', 54.5, 54.5, 200)
('read', 54.5, 54.5, 200)
('read', 54.5, 54.5, 200)
('read', 54.5, 54.5, 200)
('read', 54.5, 54.5, 200)
('read', 54.5, 54.5, 200)
('read', 54.5, 54.5, 200)
('read', 54.5, 54.5, 200)
('read', 54.5, 54.5, 200)
('read', 54.5, 54.5, 200)
('ready', 54.5, 54.5, 200)
('read', 54.5, 54.5, 200)
('read', 54.5, 54.5, 200)
('read', 54.5, 54.6, 200)
('read', 54.5, 54.6, 200)
('read', 54.5, 54.6, 200)
('ready', 54.5, 54.6, 200)
('read', 54.6, 54.6, 200)
('read', 54.6, 54.6, 200)
('read', 54.6, 54.6, 200)
('read', 54.6, 54.6, 200)
('read', 54.6, 54.6, 200)
('read', 54.6, 54.6, 200)
('read', 54.6, 54.6, 200)
('read', 54.6, 54.6, 200)
('read', 54.6, 54.6, 200)
('read', 54.6, 54.6, 200)
('read', 54.6, 54.6, 200)
('read', 54.6, 54.6, 200)
('read', 54.6, 54.6, 200)
('read', 54.6, 54.6, 200)
('read', 54.6, 54.6, 200)
('read', 54.6, 54.6, 200)
('read', 54.6, 54.6, 200)
('read', 54.6, 54.6, 200)
('read', 54.6, 54.6, 200)
('read', 54.6, 54.6, 200)
('read', 54.6, 54.6, 200)
('read', 54.6, 54.6, 200)
('read', 54.6, 54.6, 200)
('read', 54.6, 54.6, 200)
('read', 54.6, 54.6, 200)
('read', 54.6, 54.7, 200)
('read', 54.6, 54.7, 200)
('read', 54.6, 54.7, 200)
('ready', 54.6, 54.7, 200)
('read', 54.7, 54.7, 200)
('read', 54.7, 54.7, 200)
('read', 54.7, 54.7, 200)
('read', 54.7, 54.7, 200)
('read', 54.7, 54.7, 200)
('read', 54.7, 54.7, 200)
('read', 54.7, 54.7, 200)
('read', 54.7, 54.7, 200)
('read', 54.7, 54.7, 200)
('read', 54.7, 54.7, 200)
('read', 54.7, 54.7, 200)
('read', 54.7, 54.7, 200)
('read', 54.7, 54.7, 200)
('ready', 54.7, 54.7, 200)
('read', 54.7, 54.7, 200)
('read', 54.7, 54.7, 200)
('read', 54.7, 54.7, 200)
('read', 54.7, 54.7, 200)
('read', 54.7, 54.7, 200)
('read', 54.7, 54.7, 200)
('read', 54.7, 54.7, 200)
('read', 54.7, 54.7, 200)
('read', 54.7, 54.8, 200)
('read', 54.7, 54.8, 200)
('read', 54.7, 54.8, 200)
('ready', 54.7, 54.8, 200)
('read', 54.8, 54.8, 200)
('read', 54.8, 54.8, 200)
('read', 54.8, 54.8, 200)
('read', 54.8, 54.8, 200)
('read', 54.8, 54.8, 200)
('read', 54.8, 54.8, 200)
('read', 54.8, 54.8, 200)
('read', 54.8, 54.8, 200)
('read', 54.8, 54.8, 200)
('read', 54.8, 54.8, 200)
('read', 54.8, 54.8, 200)
('read', 54.8, 54.8, 200)
('read', 54.8, 54.8, 200)
('read', 54.8, 54.8, 200)
('read', 54.8, 54.8, 200)
('read', 54.8, 54.8, 200)
('read', 54.8, 54.8, 200)
('read', 54.8, 54.8, 200)
('read', 54.8, 54.8, 200)
('read', 54.8, 54.8, 200)
('read', 54.8, 54.8, 200)
('read', 54.8, 54.8, 200)
('read', 54.8, 54.8, 200)
('read', 54.8, 54.9, 200)
('read', 54.8, 54.9, 200)
('read', 54.8, 54.9, 200)
('ready', 54.8, 54.9, 200)
('read', 54.9, 54.9, 200)
('read', 54.9, 54.9, 200)
('read', 54.9, 54.9, 200)
('read', 54.9, 54.9, 200)
('read', 54.9, 54.9, 200)
('read', 54.9, 54.9, 200)
('read', 54.9, 54.9, 200)
('read', 54.9, 54.9, 200)
('read', 54.9, 54.9, 200)
('read', 54.9, 54.9, 200)
('read', 54.9, 54.9, 200)
('read', 54.9, 54.9, 200)
('read', 54.9, 54.9, 200)
('read', 54.9, 54.9, 200)
('read', 54.9, 54.9, 200)
('read', 54.9, 54.9, 200)
('read', 54.9, 54.9, 200)
('read', 54.9, 54.9, 200)
('read', 54.9, 54.9, 200)
('ready', 54.9, 54.9, 200)
('read', 54.9, 54.9, 200)
('read', 54.9, 54.9, 200)
('read', 54.9, 54.9, 200)
('read', 54.9, 54.9, 200)
('read', 54.9, 54.9, 200)
('read', 54.9, 55.0, 200)
('read', 54.9, 55.0, 200)
('read', 54.9, 55.0, 200)
('ready', 54.9, 55.0, 200)
('read', 55.0, 55.0, 200)
('read', 55.0, 55.0, 200)
('read', 55.0, 55.0, 200)
('read', 55.0, 55.0, 200)
('read', 55.0, 55.0, 200)
('read', 55.0, 55.0, 200)
('read', 55.0, 55.0, 200)
('read', 55.0, 55.0, 200)
('read', 55.0, 55.0, 200)
('read', 55.0, 55.0, 200)
('read', 55.0, 55.0, 200)
('read', 55.0, 55.0, 200)
('read', 55.0, 55.0, 200)
('read', 55.0, 55.0, 200)
('read', 55.0, 55.0, 200)
('read', 55.0, 55.1, 200)
('read', 55.0, 55.1, 200)
('read', 55.0, 55.1, 200)
('ready', 55.0, 55.1, 200)
('read', 55.1, 55.1, 200)
('read', 55.1, 55.1, 200)
('read', 55.1, 55.1, 200)
('read', 55.1, 55.1, 200)
('read', 55.1, 55.1, 200)
('read', 55.1, 55.1, 200)
('read', 55.1, 55.1, 200)
('read', 55.1, 55.1, 200)
('read', 55.1, 55.1, 200)
('read', 55.1, 55.1, 200)
('read', 55.1, 55.1, 200)
('read', 55.1, 55.1, 200)
('read', 55.1, 55.1, 200)
('read', 55.1, 55.1, 200)
('read', 55.1, 55.1, 200)
('read', 55.1, 55.1, 200)
('read', 55.1, 55.1, 200)
('read', 55.1, 55.1, 200)
('read', 55.1, 55.1, 200)
('read', 55.1, 55.1, 200)
('read', 55.1, 55.1, 200)
('read', 55.1, 55.1, 200)
('read', 55.1, 55.1, 200)
('read', 55.1, 55.1, 200)
('read', 55.1, 55.1, 200)
('read', 55.1, 55.2, 200)
('read', 55.1, 55.2, 200)
('read', 55.1, 55.2, 200)
('ready', 55.1, 55.2, 200)
('read', 55.2, 55.2, 200)
('read', 55.2, 55.2, 200)
('read', 55.2, 55.2, 200)
('read', 55.2, 55.2, 200)
('read', 55.2, 55.2, 200)
('read', 55.2, 55.2, 200)
('read', 55.2, 55.2, 200)
('read', 55.2, 55.2, 200)
('read', 55.2, 55.2, 200)
('read', 55.2, 55.2, 200)
('read', 55.2, 55.2, 200)
('read', 55.2, 55.2, 200)
('read', 55.2, 55.2, 200)
('read', 55.2, 55.2, 200)
('read', 55.2, 55.2, 200)
('read', 55.2, 55.2, 200)
('read', 55.2, 55.2, 200)
('read', 55.2, 55.2, 200)
('read', 55.2, 55.2, 200)
('read', 55.2, 55.2, 200)
('read', 55.2, 55.2, 200)
('read', 55.2, 55.2, 200)
('ready', 55.2, 55.2, 200)
('read', 55.2, 55.2, 200)
('read', 55.2, 55.2, 200)
('read', 55.2, 55.3, 200)
('read', 55.2, 55.3, 200)
('read', 55.2, 55.3, 200)
('ready', 55.2, 55.3, 200)
('read', 55.3, 55.3, 200)
('read', 55.3, 55.3, 200)
('read', 55.3, 55.3, 200)
('read', 55.3, 55.3, 200)
('read', 55.3, 55.3, 200)
('read', 55.3, 55.3, 200)
('read', 55.3, 55.3, 200)
('read', 55.3, 55.3, 200)
('read', 55.3, 55.3, 200)
('read', 55.3, 55.3, 200)
('read', 55.3, 55.3, 200)
('read', 55.3, 55.3, 200)
('read', 55.3, 55.3, 200)
('read', 55.3, 55.3, 200)
('read', 55.3, 55.3, 200)
('read', 55.3, 55.3, 200)
('read', 55.3, 55.3, 200)
('read', 55.3, 55.3, 200)
('read', 55.3, 55.3, 200)
('read', 55.3, 55.3, 200)
('read', 55.3, 55.3, 200)
('read', 55.3, 55.3, 200)
('read', 55.3, 55.3, 200)
('read', 55.3, 55.4, 200)
('read', 55.3, 55.4, 200)
('read', 55.3, 55.4, 200)
('ready', 55.3, 55.4, 200)
('read', 55.4, 55.4, 200)
('read', 55.4, 55.4, 200)
('read', 55.4, 55.4, 200)
('read', 55.4, 55.4, 200)
('read', 55.4, 55.4, 200)
('read', 55.4, 55.4, 200)
('read', 55.4, 55.4, 200)
('read', 55.4, 55.4, 200)
('read', 55.4, 55.4, 200)
('read', 55.4, 55.4, 200)
('read', 55.4, 55.4, 200)
('read', 55.4, 55.4, 200)
('read', 55.4, 55.4, 200)
('read', 55.4, 55.4, 200)
('read', 55.4, 55.4, 200)
('read', 55.4, 55.4, 200)
('read', 55.4, 55.4, 200)
('read', 55.4, 55.4, 200)
('read', 55.4, 55.4, 200)
('read', 55.4, 55.4, 200)
('ready', 55.4, 55.4, 200)
('read', 55.4, 55.4, 200)
('read', 55.4, 55.4, 200)
('read', 55.4, 55.4, 200)
('read', 55.4, 55.4, 200)
('read', 55.4, 55.5, 200)
('read', 55.4, 55.5, 200)
('read', 55.4, 55.5, 200)
('ready', 55.4, 55.5, 200)
('read', 55.5, 55.5, 200)
('read', 55.5, 55.5, 200)
('read', 55.5, 55.5, 200)
('read', 55.5, 55.5, 200)
('read', 55.5, 55.5, 200)
('read', 55.5, 55.5, 200)
('read', 55.5, 55.5, 200)
('read', 55.5, 55.5, 200)
('read', 55.5, 55.5, 200)
('read', 55.5, 55.5, 200)
('read', 55.5, 55.5, 200)
('read', 55.5, 55.5, 200)
('read', 55.5, 55.5, 200)
('read', 55.5, 55.5, 200)
('read', 55.5, 55.5, 200)
('read', 55.5, 55.5, 200)
('read', 55.5, 55.5, 200)
('read', 55.5, 55.5, 200)
('read', 55.5, 55.5, 200)
('read', 55.5, 55.5, 200)
('read', 55.5, 55.5, 200)
('read', 55.5, 55.5, 200)
('read', 55.5, 55.5, 200)
('read', 55.5, 55.6, 200)
('read', 55.5, 55.6, 200)
('read', 55.5, 55.6, 200)
('ready', 55.5, 55.6, 200)
('read', 55.6, 55.6, 200)
('read', 55.6, 55.6, 200)
('read', 55.6, 55.6, 200)
('read', 55.6, 55.6, 200)
('read', 55.6, 55.6, 200)
('read', 55.6, 55.6, 200)
('read', 55.6, 55.6, 200)
('read', 55.6, 55.6, 200)
('read', 55.6, 55.6, 200)
('read', 55.6, 55.6, 200)
('read', 55.6, 55.6, 200)
('read', 55.6, 55.6, 200)
('read', 55.6, 55.6, 200)
('read', 55.6, 55.6, 200)
('read', 55.6, 55.6, 200)
('read', 55.6, 55.6, 200)
('read', 55.6, 55.6, 200)
('read', 55.6, 55.6, 200)
('read', 55.6, 55.6, 200)
('ready', 55.6, 55.6, 200)
('read', 55.6, 55.6, 200)
('read', 55.6, 55.6, 200)
('read', 55.6, 55.6, 200)
('read', 55.6, 55.6, 200)
('read', 55.6, 55.6, 200)
('read', 55.6, 55.7, 200)
('read', 55.6, 55.7, 200)
('read', 55.6, 55.7, 200)
('ready', 55.6, 55.7, 200)
('read', 55.7, 55.7, 200)
('read', 55.7, 55.7, 200)
('read', 55.7, 55.7, 200)
('read', 55.7, 55.7, 200)
('read', 55.7, 55.7, 200)
('read', 55.7, 55.7, 200)
('read', 55.7, 55.7, 200)
('read', 55.7, 55.7, 200)
('read', 55.7, 55.7, 200)
('read', 55.7, 55.7, 200)
('read', 55.7, 55.7, 200)
('read', 55.7, 55.7, 200)
('read', 55.7, 55.7, 200)
('read', 55.7, 55.7, 200)
('read', 55.7, 55.7, 200)
('read', 55.7, 55.7, 200)
('read', 55.7, 55.7, 200)
('read', 55.7, 55.7, 200)
('read', 55.7, 55.7, 200)
('read', 55.7, 55.7, 200)
('read', 55.7, 55.7, 200)
('read', 55.7, 55.7, 200)
('read', 55.7, 55.7, 200)
('read', 55.7, 55.7, 200)
('read', 55.7, 55.8, 200)
('read', 55.7, 55.8, 200)
('read', 55.7, 55.8, 200)
('ready', 55.7, 55.8, 200)
('read', 55.8, 55.8, 200)
('read', 55.8, 55.8, 200)
('read', 55.8, 55.8, 200)
('read', 55.8, 55.8, 200)
('read', 55.8, 55.8, 200)
('read', 55.8, 55.8, 200)
('read', 55.8, 55.8, 200)
('read', 55.8, 55.8, 200)
('read', 55.8, 55.8, 200)
('read', 55.8, 55.8, 200)
('read', 55.8, 55.8, 200)
('read', 55.8, 55.8, 200)
('read', 55.8, 55.8, 200)
('read', 55.8, 55.8, 200)
('read', 55.8, 55.8, 200)
('read', 55.8, 55.8, 200)
('read', 55.8, 55.8, 200)
('read', 55.8, 55.8, 200)
('read', 55.8, 55.8, 200)
('read', 55.8, 55.8, 200)
('read', 55.8, 55.8, 200)
('read', 55.8, 55.8, 200)
('read', 55.8, 55.8, 200)
('ready', 55.8, 55.8, 200)
('read', 55.8, 55.8, 200)
('read', 55.8, 55.9, 200)
('read', 55.8, 55.9, 200)
('read', 55.8, 55.9, 200)
('ready', 55.8, 55.9, 200)
('read', 55.9, 55.9, 200)
('read', 55.9, 55.9, 200)
('read', 55.9, 55.9, 200)
('read', 55.9, 55.9, 200)
('read', 55.9, 55.9, 200)
('read', 55.9, 55.9, 200)
('read', 55.9, 55.9, 200)
('read', 55.9, 55.9, 200)
('read', 55.9, 55.9, 200)
('read', 55.9, 55.9, 200)
('read', 55.9, 55.9, 200)
('read', 55.9, 55.9, 200)
('read', 55.9, 55.9, 200)
('read', 55.9, 55.9, 200)
('read', 55.9, 55.9, 200)
('read', 55.9, 55.9, 200)
('read', 55.9, 55.9, 200)
('read', 55.9, 55.9, 200)
('read', 55.9, 55.9, 200)
('read', 55.9, 55.9, 200)
('read', 55.9, 55.9, 200)
('read', 55.9, 55.9, 200)
('read', 55.9, 55.9, 200)
('read', 55.9, 55.9, 200)
('read', 55.9, 56.0, 200)
('read', 55.9, 56.0, 200)
('read', 55.9, 56.0, 200)
('ready', 55.9, 56.0, 200)
('read', 56.0, 56.0, 200)
('read', 56.0, 56.0, 200)
('read', 56.0, 56.0, 200)
('read', 56.0, 56.0, 200)
('read', 56.0, 56.0, 200)
('read', 56.0, 56.0, 200)
('read', 56.0, 56.0, 200)
('read', 56.0, 56.0, 200)
('read', 56.0, 56.0, 200)
('read', 56.0, 56.0, 200)
('read', 56.0, 56.0, 200)
('read', 56.0, 56.0, 200)
('read', 56.0, 56.0, 200)
('read', 56.0, 56.0, 200)
('read', 56.0, 56.0, 200)
('read', 56.0, 56.0, 200)
('read', 56.0, 56.0, 200)
('read', 56.0, 56.0, 200)
('read', 56.0, 56.0, 200)
('ready', 56.0, 56.0, 200)
('read', 56.0, 56.0, 200)
('read', 56.0, 56.0, 200)
('read', 56.0, 56.0, 200)
('read', 56.0, 56.1, 200)
('read', 56.0, 56.1, 200)
('read', 56.0, 56.1, 200)
('ready', 56.0, 56.1, 200)
('read', 56.1, 56.1, 200)
('read', 56.1, 56.1, 200)
('read', 56.1, 56.1, 200)
('read', 56.1, 56.1, 200)
('read', 56.1, 56.1, 200)
('read', 56.1, 56.1, 200)
('read', 56.1, 56.1, 200)
('read', 56.1, 56.1, 200)
('read', 56.1, 56.1, 200)
('read', 56.1, 56.1, 200)
('read', 56.1, 56.1, 200)
('read', 56.1, 56.1, 200)
('read', 56.1, 56.1, 200)
('read', 56.1, 56.1, 200)
('read', 56.1, 56.1, 200)
('read', 56.1, 56.1, 200)
('read', 56.1, 56.1, 200)
('read', 56.1, 56.1, 200)
('read', 56.1, 56.1, 200)
('read', 56.1, 56.1, 200)
('read', 56.1, 56.1, 200)
('read', 56.1, 56.1, 200)
('read', 56.1, 56.1, 200)
('read', 56.1, 56.1, 200)
('read', 56.1, 56.1, 200)
('read', 56.1, 56.2, 200)
('read', 56.1, 56.2, 200)
('read', 56.1, 56.2, 200)
('ready', 56.1, 56.2, 200)
('read', 56.2, 56.2, 200)
('read', 56.2, 56.2, 200)
('read', 56.2, 56.2, 200)
('read', 56.2, 56.2, 200)
('read', 56.2, 56.2, 200)
('read', 56.2, 56.2, 200)
('read', 56.2, 56.2, 200)
('read', 56.2, 56.2, 200)
('read', 56.2, 56.2, 200)
('read', 56.2, 56.2, 200)
('read', 56.2, 56.2, 200)
('read', 56.2, 56.2, 200)
('read', 56.2, 56.2, 200)
('read', 56.2, 56.2, 200)
('read', 56.2, 56.2, 200)
('read', 56.2, 56.2, 200)
('read', 56.2, 56.2, 200)
('read', 56.2, 56.2, 200)
('read', 56.2, 56.2, 200)
('read', 56.2, 56.2, 200)
('ready', 56.2, 56.2, 200)
('read', 56.2, 56.2, 200)
('read', 56.2, 56.2, 200)
('read', 56.2, 56.2, 200)
('read', 56.2, 56.3, 200)
('read', 56.2, 56.3, 200)
('read', 56.2, 56.3, 200)
('ready', 56.2, 56.3, 200)
('read', 56.3, 56.3, 200)
('read', 56.3, 56.3, 200)
('read', 56.3, 56.3, 200)
('read', 56.3, 56.3, 200)
('read', 56.3, 56.3, 200)
('read', 56.3, 56.3, 200)
('read', 56.3, 56.3, 200)
('read', 56.3, 56.3, 200)
('read', 56.3, 56.3, 200)
('read', 56.3, 56.3, 200)
('read', 56.3, 56.3, 200)
('read', 56.3, 56.3, 200)
('read', 56.3, 56.3, 200)
('read', 56.3, 56.3, 200)
('read', 56.3, 56.3, 200)
('read', 56.3, 56.3, 200)
('read', 56.3, 56.3, 200)
('read', 56.3, 56.3, 200)
('read', 56.3, 56.3, 200)
('read', 56.3, 56.3, 200)
('read', 56.3, 56.3, 200)
('read', 56.3, 56.3, 200)
('read', 56.3, 56.3, 200)
('read', 56.3, 56.3, 200)
('read', 56.3, 56.3, 200)
('read', 56.3, 56.4, 200)
('read', 56.3, 56.4, 200)
('read', 56.3, 56.4, 200)
('ready', 56.3, 56.4, 200)
('read', 56.4, 56.4, 200)
('read', 56.4, 56.4, 200)
('read', 56.4, 56.4, 200)
('read', 56.4, 56.4, 200)
('read', 56.4, 56.4, 200)
('read', 56.4, 56.4, 200)
('read', 56.4, 56.4, 200)
('read', 56.4, 56.4, 200)
('read', 56.4, 56.4, 200)
('read', 56.4, 56.4, 200)
('read', 56.4, 56.4, 200)
('read', 56.4, 56.4, 200)
('read', 56.4, 56.4, 200)
('read', 56.4, 56.4, 200)
('read', 56.4, 56.4, 200)
('read', 56.4, 56.4, 200)
('read', 56.4, 56.4, 200)
('ready', 56.4, 56.4, 200)
('read', 56.4, 56.4, 200)
('read', 56.4, 56.4, 200)
('read', 56.4, 56.4, 200)
('read', 56.4, 56.4, 200)
('read', 56.4, 56.4, 200)
('read', 56.4, 56.4, 200)
('read', 56.4, 56.5, 200)
('read', 56.4, 56.5, 200)
('read', 56.4, 56.5, 200)
('ready', 56.4, 56.5, 200)
('read', 56.5, 56.5, 200)
('read', 56.5, 56.5, 200)
('read', 56.5, 56.5, 200)
('read', 56.5, 56.5, 200)
('read', 56.5, 56.5, 200)
('read', 56.5, 56.5, 200)
('read', 56.5, 56.5, 200)
('read', 56.5, 56.5, 200)
('read', 56.5, 56.5, 200)
('read', 56.5, 56.5, 200)
('read', 56.5, 56.5, 200)
('read', 56.5, 56.5, 200)
('read', 56.5, 56.5, 200)
('read', 56.5, 56.5, 200)
('read', 56.5, 56.5, 200)
('read', 56.5, 56.5, 200)
('read', 56.5, 56.5, 200)
('read', 56.5, 56.5, 200)
('read', 56.5, 56.5, 200)
('read', 56.5, 56.5, 200)
('read', 56.5, 56.5, 200)
('read', 56.5, 56.5, 200)
('read', 56.5, 56.5, 200)
('read', 56.5, 56.6, 200)
('read', 56.5, 56.6, 200)
('read', 56.5, 56.6, 200)
('ready', 56.5, 56.6, 200)
('read', 56.6, 56.6, 200)
('read', 56.6, 56.6, 200)
('read', 56.6, 56.6, 200)
('read', 56.6, 56.6, 200)
('read', 56.6, 56.6, 200)
('read', 56.6, 56.6, 200)
('read', 56.6, 56.6, 200)
('read', 56.6, 56.6, 200)
('read', 56.6, 56.6, 200)
('read', 56.6, 56.6, 200)
('read', 56.6, 56.6, 200)
('read', 56.6, 56.6, 200)
('read', 56.6, 56.6, 200)
('read', 56.6, 56.6, 200)
('read', 56.6, 56.6, 200)
('read', 56.6, 56.6, 200)
('read', 56.6, 56.6, 200)
('read', 56.6, 56.6, 200)
('read', 56.6, 56.6, 200)
('ready', 56.6, 56.6, 200)
('read', 56.6, 56.6, 200)
('read', 56.6, 56.6, 200)
('read', 56.6, 56.6, 200)
('read', 56.6, 56.6, 200)
('read', 56.6, 56.6, 200)
('read', 56.6, 56.7, 200)
('read', 56.6, 56.7, 200)
('read', 56.6, 56.7, 200)
('ready', 56.6, 56.7, 200)
('read', 56.7, 56.7, 200)
('read', 56.7, 56.7, 200)
('read', 56.7, 56.7, 200)
('read', 56.7, 56.7, 200)
('read', 56.7, 56.7, 200)
('read', 56.7, 56.7, 200)
('read', 56.7, 56.7, 200)
('read', 56.7, 56.7, 200)
('read', 56.7, 56.7, 200)
('read', 56.7, 56.7, 200)
('read', 56.7, 56.7, 200)
('read', 56.7, 56.7, 200)
('read', 56.7, 56.7, 200)
('read', 56.7, 56.7, 200)
('read', 56.7, 56.7, 200)
('read', 56.7, 56.7, 200)
('read', 56.7, 56.7, 200)
('read', 56.7, 56.7, 200)
('read', 56.7, 56.7, 200)
('read', 56.7, 56.7, 200)
('read', 56.7, 56.7, 200)
('read', 56.7, 56.7, 200)
('read', 56.7, 56.7, 200)
('read', 56.7, 56.7, 200)
('read', 56.7, 56.8, 200)
('read', 56.7, 56.8, 200)
('read', 56.7, 56.8, 200)
('ready', 56.7, 56.8, 200)
('read', 56.8, 56.8, 200)
('read', 56.8, 56.8, 200)
('read', 56.8, 56.8, 200)
('read', 56.8, 56.8, 200)
('read', 56.8, 56.8, 200)
('read', 56.8, 56.8, 200)
('read', 56.8, 56.8, 200)
('read', 56.8, 56.8, 200)
('read', 56.8, 56.8, 200)
('read', 56.8, 56.8, 200)
('read', 56.8, 56.8, 200)
('read', 56.8, 56.8, 200)
('read', 56.8, 56.8, 200)
('read', 56.8, 56.8, 200)
('read', 56.8, 56.8, 200)
('read', 56.8, 56.8, 200)
('read', 56.8, 56.8, 200)
('read', 56.8, 56.8, 200)
('read', 56.8, 56.8, 200)
('read', 56.8, 56.8, 200)
('read', 56.8, 56.8, 200)
('read', 56.8, 56.8, 200)
('ready', 56.8, 56.8, 200)
('read', 56.8, 56.8, 200)
('read', 56.8, 56.8, 200)
('read', 56.8, 56.9, 200)
('read', 56.8, 56.9, 200)
('read', 56.8, 56.9, 200)
('ready', 56.8, 56.9, 200)
('read', 56.9, 56.9, 200)
('read', 56.9, 56.9, 200)
('read', 56.9, 56.9, 200)
('read', 56.9, 56.9, 200)
('read', 56.9, 56.9, 200)
('read', 56.9, 56.9, 200)
('read', 56.9, 56.9, 200)
('read', 56.9, 56.9, 200)
('read', 56.9, 56.9, 200)
('read', 56.9, 56.9, 200)
('read', 56.9, 56.9, 200)
('read', 56.9, 56.9, 200)
('read', 56.9, 56.9, 200)
('read', 56.9, 56.9, 200)
('read', 56.9, 56.9, 200)
('read', 56.9, 56.9, 200)
('read', 56.9, 56.9, 200)
('read', 56.9, 56.9, 200)
('read', 56.9, 56.9, 200)
('read', 56.9, 56.9, 200)
('read', 56.9, 56.9, 200)
('read', 56.9, 56.9, 200)
('read', 56.9, 56.9, 200)
('read', 56.9, 56.9, 200)
('read', 56.9, 57.0, 200)
('read', 56.9, 57.0, 200)
('read', 56.9, 57.0, 200)
('ready', 56.9, 57.0, 200)
('read', 57.0, 57.0, 200)
('read', 57.0, 57.0, 200)
('read', 57.0, 57.0, 200)
('read', 57.0, 57.0, 200)
('read', 57.0, 57.0, 200)
('read', 57.0, 57.0, 200)
('read', 57.0, 57.0, 200)
('read', 57.0, 57.0, 200)
('read', 57.0, 57.0, 200)
('read', 57.0, 57.0, 200)
('read', 57.0, 57.0, 200)
('read', 57.0, 57.0, 200)
('read', 57.0, 57.0, 200)
('read', 57.0, 57.0, 200)
('read', 57.0, 57.0, 200)
('read', 57.0, 57.1, 200)
('read', 57.0, 57.1, 200)
('read', 57.0, 57.1, 200)
('ready', 57.0, 57.1, 200)
('read', 57.1, 57.1, 200)
('read', 57.1, 57.1, 200)
('read', 57.1, 57.1, 200)
('read', 57.1, 57.1, 200)
('read', 57.1, 57.1, 200)
('read', 57.1, 57.1, 200)
('read', 57.1, 57.1, 200)
('read', 57.1, 57.1, 200)
('read', 57.1, 57.1, 200)
('read', 57.1, 57.1, 200)
('read', 57.1, 57.1, 200)
('read', 57.1, 57.1, 200)
('read', 57.1, 57.1, 200)
('read', 57.1, 57.1, 200)
('read', 57.1, 57.1, 200)
('read', 57.1, 57.1, 200)
('read', 57.1, 57.1, 200)
('read', 57.1, 57.1, 200)
('read', 57.1, 57.1, 200)
('read', 57.1, 57.1, 200)
('read', 57.1, 57.1, 200)
('ready', 57.1, 57.1, 200)
('read', 57.1, 57.1, 200)
('read', 57.1, 57.2, 200)
('read', 57.1, 57.2, 200)
('read', 57.1, 57.2, 200)
('ready', 57.1, 57.2, 200)
('read', 57.2, 57.2, 200)
('read', 57.2, 57.2, 200)
('read', 57.2, 57.2, 200)
('read', 57.2, 57.2, 200)
('read', 57.2, 57.2, 200)
('read', 57.2, 57.2, 200)
('read', 57.2, 57.2, 200)
('read', 57.2, 57.2, 200)
('read', 57.2, 57.2, 200)
('read', 57.2, 57.2, 200)
('read', 57.2, 57.2, 200)
('read', 57.2, 57.2, 200)
('read', 57.2, 57.2, 200)
('read', 57.2, 57.2, 200)
('read', 57.2, 57.2, 200)
('read', 57.2, 57.2, 200)
('read', 57.2, 57.2, 200)
('read', 57.2, 57.2, 200)
('read', 57.2, 57.2, 200)
('read', 57.2, 57.2, 200)
('read', 57.2, 57.2, 200)
('read', 57.2, 57.2, 200)
('read', 57.2, 57.2, 200)
('read', 57.2, 57.2, 200)
('read', 57.2, 57.3, 200)
('read', 57.2, 57.3, 200)
('read', 57.2, 57.3, 200)
('ready', 57.2, 57.3, 200)
('read', 57.3, 57.3, 200)
('read', 57.3, 57.3, 200)
('read', 57.3, 57.3, 200)
('read', 57.3, 57.3, 200)
('read', 57.3, 57.3, 200)
('read', 57.3, 57.3, 200)
('read', 57.3, 57.3, 200)
('read', 57.3, 57.3, 200)
('read', 57.3, 57.3, 200)
('read', 57.3, 57.3, 200)
('read', 57.3, 57.3, 200)
('read', 57.3, 57.3, 200)
('read', 57.3, 57.3, 200)
('read', 57.3, 57.3, 200)
('read', 57.3, 57.3, 200)
('read', 57.3, 57.3, 200)
('read', 57.3, 57.3, 200)
('read', 57.3, 57.3, 200)
('read', 57.3, 57.3, 200)
('read', 57.3, 57.3, 200)
('read', 57.3, 57.3, 200)
('read', 57.3, 57.3, 200)
('read', 57.3, 57.3, 200)
('read', 57.3, 57.4, 200)
('read', 57.3, 57.4, 200)
('ready', 57.3, 57.4, 200)
('read', 57.3, 57.4, 200)
('read', 57.4, 57.4, 200)
('read', 57.4, 57.4, 200)
('read', 57.4, 57.4, 200)
('read', 57.4, 57.4, 200)
('read', 57.4, 57.4, 200)
('read', 57.4, 57.4, 200)
('read', 57.4, 57.4, 200)
('read', 57.4, 57.4, 200)
('read', 57.4, 57.4, 200)
('read', 57.4, 57.4, 200)
('read', 57.4, 57.4, 200)
('read', 57.4, 57.4, 200)
('read', 57.4, 57.4, 200)
('read', 57.4, 57.4, 200)
('read', 57.4, 57.4, 200)
('read', 57.4, 57.4, 200)
('read', 57.4, 57.4, 200)
('ready', 57.4, 57.4, 200)
('read', 57.4, 57.4, 200)
('read', 57.4, 57.4, 200)
('read', 57.4, 57.4, 200)
('read', 57.4, 57.4, 200)
('read', 57.4, 57.4, 200)
('read', 57.4, 57.5, 200)
('read', 57.4, 57.5, 200)
('read', 57.4, 57.5, 200)
('ready', 57.4, 57.5, 200)
('read', 57.5, 57.5, 200)
('read', 57.5, 57.5, 200)
('read', 57.5, 57.5, 200)
('read', 57.5, 57.5, 200)
('read', 57.5, 57.5, 200)
('read', 57.5, 57.5, 200)
('read', 57.5, 57.5, 200)
('read', 57.5, 57.5, 200)
('read', 57.5, 57.5, 200)
('read', 57.5, 57.5, 200)
('read', 57.5, 57.5, 200)
('read', 57.5, 57.5, 200)
('read', 57.5, 57.5, 200)
('read', 57.5, 57.5, 200)
('read', 57.5, 57.5, 200)
('read', 57.5, 57.5, 200)
('read', 57.5, 57.5, 200)
('read', 57.5, 57.5, 200)
('read', 57.5, 57.5, 200)
('read', 57.5, 57.5, 200)
('read', 57.5, 57.5, 200)
('read', 57.5, 57.5, 200)
('read', 57.5, 57.6, 200)
('read', 57.5, 57.6, 200)
('read', 57.5, 57.6, 200)
('ready', 57.5, 57.6, 200)
('read', 57.6, 57.6, 200)
('read', 57.6, 57.6, 200)
('read', 57.6, 57.6, 200)
('read', 57.6, 57.6, 200)
('read', 57.6, 57.6, 200)
('read', 57.6, 57.6, 200)
('read', 57.6, 57.6, 200)
('read', 57.6, 57.6, 200)
('read', 57.6, 57.6, 200)
('read', 57.6, 57.6, 200)
('read', 57.6, 57.6, 200)
('read', 57.6, 57.6, 200)
('read', 57.6, 57.6, 200)
('read', 57.6, 57.6, 200)
('read', 57.6, 57.6, 200)
('read', 57.6, 57.6, 200)
('read', 57.6, 57.6, 200)
('read', 57.6, 57.6, 200)
('read', 57.6, 57.6, 200)
('read', 57.6, 57.6, 200)
('read', 57.6, 57.6, 200)
('read', 57.6, 57.6, 200)
('read', 57.6, 57.6, 200)
('ready', 57.6, 57.6, 200)
('read', 57.6, 57.6, 200)
('read', 57.6, 57.7, 200)
('read', 57.6, 57.7, 200)
('read', 57.6, 57.7, 200)
('ready', 57.6, 57.7, 200)
('read', 57.7, 57.7, 200)
('read', 57.7, 57.7, 200)
('read', 57.7, 57.7, 200)
('read', 57.7, 57.7, 200)
('read', 57.7, 57.7, 200)
('read', 57.7, 57.7, 200)
('read', 57.7, 57.7, 200)
('read', 57.7, 57.7, 200)
('read', 57.7, 57.7, 200)
('read', 57.7, 57.7, 200)
('read', 57.7, 57.7, 200)
('read', 57.7, 57.7, 200)
('read', 57.7, 57.7, 200)
('read', 57.7, 57.7, 200)
('read', 57.7, 57.7, 200)
('read', 57.7, 57.7, 200)
('read', 57.7, 57.7, 200)
('read', 57.7, 57.7, 200)
('read', 57.7, 57.7, 200)
('read', 57.7, 57.7, 200)
('read', 57.7, 57.7, 200)
('read', 57.7, 57.7, 200)
('read', 57.7, 57.7, 200)
('read', 57.7, 57.7, 200)
('read', 57.7, 57.7, 200)
('read', 57.7, 57.7, 200)
('read', 57.7, 57.8, 200)
('read', 57.7, 57.8, 200)
('read', 57.7, 57.8, 200)
('ready', 57.7, 57.8, 200)
('read', 57.8, 57.8, 200)
('read', 57.8, 57.8, 200)
('read', 57.8, 57.8, 200)
('read', 57.8, 57.8, 200)
('read', 57.8, 57.8, 200)
('read', 57.8, 57.8, 200)
('read', 57.8, 57.8, 200)
('read', 57.8, 57.8, 200)
('read', 57.8, 57.8, 200)
('read', 57.8, 57.8, 200)
('read', 57.8, 57.8, 200)
('read', 57.8, 57.8, 200)
('read', 57.8, 57.8, 200)
('read', 57.8, 57.8, 200)
('read', 57.8, 57.8, 200)
('read', 57.8, 57.8, 200)
('read', 57.8, 57.8, 200)
('read', 57.8, 57.8, 200)
('read', 57.8, 57.8, 200)
('read', 57.8, 57.8, 200)
('read', 57.8, 57.8, 200)
('ready', 57.8, 57.8, 200)
('read', 57.8, 57.8, 200)
('read', 57.8, 57.8, 200)
('read', 57.8, 57.8, 200)
('read', 57.8, 57.9, 200)
('read', 57.8, 57.9, 200)
('read', 57.8, 57.9, 200)
('ready', 57.8, 57.9, 200)
('read', 57.9, 57.9, 200)
('read', 57.9, 57.9, 200)
('read', 57.9, 57.9, 200)
('read', 57.9, 57.9, 200)
('read', 57.9, 57.9, 200)
('read', 57.9, 57.9, 200)
('read', 57.9, 57.9, 200)
('read', 57.9, 57.9, 200)
('read', 57.9, 57.9, 200)
('read', 57.9, 57.9, 200)
('read', 57.9, 57.9, 200)
('read', 57.9, 57.9, 200)
('read', 57.9, 57.9, 200)
('read', 57.9, 57.9, 200)
('read', 57.9, 57.9, 200)
('read', 57.9, 57.9, 200)
('read', 57.9, 57.9, 200)
('read', 57.9, 57.9, 200)
('read', 57.9, 57.9, 200)
('read', 57.9, 57.9, 200)
('read', 57.9, 57.9, 200)
('read', 57.9, 57.9, 200)
('read', 57.9, 57.9, 200)
('read', 57.9, 57.9, 200)
('read', 57.9, 57.9, 200)
('read', 57.9, 57.9, 200)
('read', 57.9, 58.0, 200)
('read', 57.9, 58.0, 200)
('ready', 57.9, 58.0, 200)
('read', 57.9, 58.0, 200)
('read', 58.0, 58.0, 200)
('read', 58.0, 58.0, 200)
('read', 58.0, 58.0, 200)
('read', 58.0, 58.0, 200)
('read', 58.0, 58.0, 200)
('read', 58.0, 58.0, 200)
('read', 58.0, 58.0, 200)
('read', 58.0, 58.0, 200)
('read', 58.0, 58.0, 200)
('read', 58.0, 58.0, 200)
('read', 58.0, 58.0, 200)
('read', 58.0, 58.0, 200)
('read', 58.0, 58.0, 200)
('read', 58.0, 58.0, 200)
('read', 58.0, 58.0, 200)
('read', 58.0, 58.0, 200)
('read', 58.0, 58.0, 200)
('ready', 58.0, 58.0, 200)
('read', 58.0, 58.0, 200)
('read', 58.0, 58.0, 200)
('read', 58.0, 58.0, 200)
('read', 58.0, 58.0, 200)
('read', 58.0, 58.0, 200)
('read', 58.0, 58.0, 200)
('read', 58.0, 58.0, 200)
('read', 58.0, 58.1, 200)
('read', 58.0, 58.1, 200)
('read', 58.0, 58.1, 200)
('ready', 58.0, 58.1, 200)
('read', 58.1, 58.1, 200)
('read', 58.1, 58.1, 200)
('read', 58.1, 58.1, 200)
('read', 58.1, 58.1, 200)
('read', 58.1, 58.1, 200)
('read', 58.1, 58.1, 200)
('read', 58.1, 58.1, 200)
('read', 58.1, 58.1, 200)
('read', 58.1, 58.1, 200)
('read', 58.1, 58.1, 200)
('read', 58.1, 58.1, 200)
('read', 58.1, 58.1, 200)
('read', 58.1, 58.1, 200)
('read', 58.1, 58.1, 200)
('read', 58.1, 58.1, 200)
('read', 58.1, 58.1, 200)
('read', 58.1, 58.1, 200)
('read', 58.1, 58.1, 200)
('read', 58.1, 58.1, 200)
('read', 58.1, 58.1, 200)
('read', 58.1, 58.1, 200)
('read', 58.1, 58.1, 200)
('read', 58.1, 58.1, 200)
('read', 58.1, 58.2, 200)
('read', 58.1, 58.2, 200)
('ready', 58.1, 58.2, 200)
('read', 58.1, 58.2, 200)
('read', 58.2, 58.2, 200)
('read', 58.2, 58.2, 200)
('read', 58.2, 58.2, 200)
('read', 58.2, 58.2, 200)
('read', 58.2, 58.2, 200)
('read', 58.2, 58.2, 200)
('read', 58.2, 58.2, 200)
('read', 58.2, 58.2, 200)
('read', 58.2, 58.2, 200)
('read', 58.2, 58.2, 200)
('read', 58.2, 58.2, 200)
('read', 58.2, 58.2, 200)
('read', 58.2, 58.2, 200)
('read', 58.2, 58.2, 200)
('read', 58.2, 58.2, 200)
('read', 58.2, 58.2, 200)
('read', 58.2, 58.2, 200)
('read', 58.2, 58.2, 200)
('ready', 58.2, 58.2, 200)
('read', 58.2, 58.2, 200)
('read', 58.2, 58.2, 200)
('read', 58.2, 58.2, 200)
('read', 58.2, 58.2, 200)
('read', 58.2, 58.2, 200)
('read', 58.2, 58.2, 200)
('read', 58.2, 58.2, 200)
('read', 58.2, 58.3, 200)
('read', 58.2, 58.3, 200)
('read', 58.2, 58.3, 200)
('ready', 58.2, 58.3, 200)
('read', 58.3, 58.3, 200)
('read', 58.3, 58.3, 200)
('read', 58.3, 58.3, 200)
('read', 58.3, 58.3, 200)
('read', 58.3, 58.3, 200)
('read', 58.3, 58.3, 200)
('read', 58.3, 58.3, 200)
('read', 58.3, 58.3, 200)
('read', 58.3, 58.3, 200)
('read', 58.3, 58.3, 200)
('read', 58.3, 58.3, 200)
('read', 58.3, 58.3, 200)
('read', 58.3, 58.3, 200)
('read', 58.3, 58.3, 200)
('read', 58.3, 58.3, 200)
('read', 58.3, 58.3, 200)
('read', 58.3, 58.3, 200)
('read', 58.3, 58.3, 200)
('read', 58.3, 58.3, 200)
('read', 58.3, 58.3, 200)
('read', 58.3, 58.3, 200)
('read', 58.3, 58.3, 200)
('ready', 58.3, 58.3, 200)
('read', 58.3, 58.3, 200)
('read', 58.3, 58.3, 200)
('read', 58.3, 58.3, 200)
('read', 58.3, 58.4, 200)
('read', 58.3, 58.4, 200)
('read', 58.3, 58.4, 200)
('ready', 58.3, 58.4, 200)
('read', 58.4, 58.4, 200)
('read', 58.4, 58.4, 200)
('read', 58.4, 58.4, 200)
('read', 58.4, 58.4, 200)
('read', 58.4, 58.4, 200)
('read', 58.4, 58.4, 200)
('read', 58.4, 58.4, 200)
('read', 58.4, 58.4, 200)
('read', 58.4, 58.4, 200)
('read', 58.4, 58.4, 200)
('read', 58.4, 58.4, 200)
('read', 58.4, 58.4, 200)
('read', 58.4, 58.4, 200)
('read', 58.4, 58.4, 200)
('read', 58.4, 58.4, 200)
('read', 58.4, 58.4, 200)
('read', 58.4, 58.4, 200)
('read', 58.4, 58.4, 200)
('read', 58.4, 58.4, 200)
('read', 58.4, 58.4, 200)
('read', 58.4, 58.4, 200)
('read', 58.4, 58.4, 200)
('read', 58.4, 58.4, 200)
('read', 58.4, 58.4, 200)
('read', 58.4, 58.4, 200)
('read', 58.4, 58.5, 200)
('read', 58.4, 58.5, 200)
('read', 58.4, 58.5, 200)
('ready', 58.4, 58.5, 200)
('read', 58.5, 58.5, 200)
('read', 58.5, 58.5, 200)
('read', 58.5, 58.5, 200)
('read', 58.5, 58.5, 200)
('read', 58.5, 58.5, 200)
('read', 58.5, 58.5, 200)
('read', 58.5, 58.5, 200)
('read', 58.5, 58.5, 200)
('read', 58.5, 58.5, 200)
('read', 58.5, 58.5, 200)
('read', 58.5, 58.5, 200)
('read', 58.5, 58.5, 200)
('read', 58.5, 58.5, 200)
('read', 58.5, 58.5, 200)
('read', 58.5, 58.5, 200)
('read', 58.5, 58.5, 200)
('read', 58.5, 58.5, 200)
('read', 58.5, 58.5, 200)
('read', 58.5, 58.5, 200)
('read', 58.5, 58.5, 200)
('ready', 58.5, 58.5, 200)
('read', 58.5, 58.5, 200)
('read', 58.5, 58.5, 200)
('read', 58.5, 58.5, 200)
('read', 58.5, 58.6, 200)
('read', 58.5, 58.6, 200)
('read', 58.5, 58.6, 200)
('ready', 58.5, 58.6, 200)
('read', 58.6, 58.6, 200)
('read', 58.6, 58.6, 200)
('read', 58.6, 58.6, 200)
('read', 58.6, 58.6, 200)
('read', 58.6, 58.6, 200)
('read', 58.6, 58.6, 200)
('read', 58.6, 58.6, 200)
('read', 58.6, 58.6, 200)
('read', 58.6, 58.6, 200)
('read', 58.6, 58.6, 200)
('read', 58.6, 58.6, 200)
('read', 58.6, 58.6, 200)
('read', 58.6, 58.6, 200)
('read', 58.6, 58.6, 200)
('read', 58.6, 58.6, 200)
('read', 58.6, 58.6, 200)
('read', 58.6, 58.6, 200)
('read', 58.6, 58.6, 200)
('read', 58.6, 58.6, 200)
('read', 58.6, 58.6, 200)
('read', 58.6, 58.6, 200)
('read', 58.6, 58.6, 200)
('read', 58.6, 58.6, 200)
('read', 58.6, 58.6, 200)
('read', 58.6, 58.6, 200)
('read', 58.6, 58.7, 200)
('read', 58.6, 58.7, 200)
('ready', 58.6, 58.7, 200)
('read', 58.6, 58.7, 200)
('read', 58.7, 58.7, 200)
('read', 58.7, 58.7, 200)
('read', 58.7, 58.7, 200)
('read', 58.7, 58.7, 200)
('read', 58.7, 58.7, 200)
('read', 58.7, 58.7, 200)
('read', 58.7, 58.7, 200)
('read', 58.7, 58.7, 200)
('read', 58.7, 58.7, 200)
('read', 58.7, 58.7, 200)
('read', 58.7, 58.7, 200)
('read', 58.7, 58.7, 200)
('read', 58.7, 58.7, 200)
('read', 58.7, 58.7, 200)
('read', 58.7, 58.7, 200)
('read', 58.7, 58.7, 200)
('read', 58.7, 58.7, 200)
('ready', 58.7, 58.7, 200)
('read', 58.7, 58.7, 200)
('read', 58.7, 58.7, 200)
('read', 58.7, 58.7, 200)
('read', 58.7, 58.7, 200)
('read', 58.7, 58.7, 200)
('read', 58.7, 58.7, 200)
('read', 58.7, 58.7, 200)
('read', 58.7, 58.8, 200)
('read', 58.7, 58.8, 200)
('read', 58.7, 58.8, 200)
('ready', 58.7, 58.8, 200)
('read', 58.8, 58.8, 200)
('read', 58.8, 58.8, 200)
('read', 58.8, 58.8, 200)
('read', 58.8, 58.8, 200)
('read', 58.8, 58.8, 200)
('read', 58.8, 58.8, 200)
('read', 58.8, 58.8, 200)
('read', 58.8, 58.8, 200)
('read', 58.8, 58.8, 200)
('read', 58.8, 58.8, 200)
('read', 58.8, 58.8, 200)
('read', 58.8, 58.8, 200)
('read', 58.8, 58.8, 200)
('read', 58.8, 58.8, 200)
('read', 58.8, 58.8, 200)
('read', 58.8, 58.8, 200)
('read', 58.8, 58.8, 200)
('read', 58.8, 58.8, 200)
('read', 58.8, 58.8, 200)
('read', 58.8, 58.8, 200)
('read', 58.8, 58.8, 200)
('ready', 58.8, 58.8, 200)
('read', 58.8, 58.9, 200)
('read', 58.8, 58.9, 200)
('read', 58.8, 58.9, 200)
('ready', 58.8, 58.9, 200)
('read', 58.9, 58.9, 200)
('read', 58.9, 58.9, 200)
('read', 58.9, 58.9, 200)
('read', 58.9, 58.9, 200)
('read', 58.9, 58.9, 200)
('read', 58.9, 58.9, 200)
('read', 58.9, 58.9, 200)
('read', 58.9, 58.9, 200)
('read', 58.9, 58.9, 200)
('read', 58.9, 58.9, 200)
('read', 58.9, 58.9, 200)
('read', 58.9, 58.9, 200)
('read', 58.9, 58.9, 200)
('read', 58.9, 58.9, 200)
('read', 58.9, 58.9, 200)
('read', 58.9, 58.9, 200)
('read', 58.9, 58.9, 200)
('read', 58.9, 58.9, 200)
('read', 58.9, 58.9, 200)
('read', 58.9, 58.9, 200)
('read', 58.9, 58.9, 200)
('read', 58.9, 58.9, 200)
('read', 58.9, 58.9, 200)
('read', 58.9, 58.9, 200)
('read', 58.9, 58.9, 200)
('read', 58.9, 58.9, 200)
('read', 58.9, 59.0, 200)
('read', 58.9, 59.0, 200)
('read', 58.9, 59.0, 200)
('ready', 58.9, 59.0, 200)
('read', 59.0, 59.0, 200)
('read', 59.0, 59.0, 200)
('read', 59.0, 59.0, 200)
('read', 59.0, 59.0, 200)
('read', 59.0, 59.0, 200)
('read', 59.0, 59.0, 200)
('read', 59.0, 59.0, 200)
('read', 59.0, 59.0, 200)
('read', 59.0, 59.0, 200)
('read', 59.0, 59.0, 200)
('read', 59.0, 59.0, 200)
('read', 59.0, 59.0, 200)
('read', 59.0, 59.0, 200)
('read', 59.0, 59.0, 200)
('read', 59.0, 59.0, 200)
('read', 59.0, 59.0, 200)
('read', 59.0, 59.0, 200)
('read', 59.0, 59.0, 200)
('read', 59.0, 59.0, 200)
('read', 59.0, 59.0, 200)
('read', 59.0, 59.0, 200)
('read', 59.0, 59.0, 200)
('read', 59.0, 59.0, 200)
('ready', 59.0, 59.0, 200)
('read', 59.0, 59.1, 200)
('read', 59.0, 59.1, 200)
('read', 59.0, 59.1, 200)
('ready', 59.0, 59.1, 200)
('read', 59.1, 59.1, 200)
('read', 59.1, 59.1, 200)
('read', 59.1, 59.1, 200)
('read', 59.1, 59.1, 200)
('read', 59.1, 59.1, 200)
('read', 59.1, 59.1, 200)
('read', 59.1, 59.1, 200)
('read', 59.1, 59.1, 200)
('read', 59.1, 59.1, 200)
('read', 59.1, 59.1, 200)
('read', 59.1, 59.1, 200)
('read', 59.1, 59.1, 200)
('read', 59.1, 59.1, 200)
('read', 59.1, 59.1, 200)
('read', 59.1, 59.1, 200)
('read', 59.1, 59.1, 200)
('read', 59.1, 59.1, 200)
('read', 59.1, 59.2, 200)
('read', 59.1, 59.2, 200)
('read', 59.1, 59.2, 200)
('ready', 59.1, 59.2, 200)
('read', 59.2, 59.2, 200)
('read', 59.2, 59.2, 200)
('read', 59.2, 59.2, 200)
('read', 59.2, 59.2, 200)
('read', 59.2, 59.2, 200)
('read', 59.2, 59.2, 200)
('read', 59.2, 59.2, 200)
('read', 59.2, 59.2, 200)
('read', 59.2, 59.2, 200)
('read', 59.2, 59.2, 200)
('read', 59.2, 59.2, 200)
('read', 59.2, 59.2, 200)
('read', 59.2, 59.2, 200)
('read', 59.2, 59.2, 200)
('read', 59.2, 59.2, 200)
('read', 59.2, 59.2, 200)
('read', 59.2, 59.2, 200)
('read', 59.2, 59.2, 200)
('read', 59.2, 59.2, 200)
('read', 59.2, 59.2, 200)
('read', 59.2, 59.2, 200)
('read', 59.2, 59.2, 200)
('read', 59.2, 59.2, 200)
('read', 59.2, 59.3, 200)
('read', 59.2, 59.3, 200)
('read', 59.2, 59.3, 200)
('ready', 59.2, 59.3, 200)
('read', 59.3, 59.3, 200)
('read', 59.3, 59.3, 200)
('read', 59.3, 59.3, 200)
('read', 59.3, 59.3, 200)
('read', 59.3, 59.3, 200)
('read', 59.3, 59.3, 200)
('read', 59.3, 59.3, 200)
('read', 59.3, 59.3, 200)
('read', 59.3, 59.3, 200)
('read', 59.3, 59.3, 200)
('read', 59.3, 59.3, 200)
('read', 59.3, 59.3, 200)
('read', 59.3, 59.3, 200)
('read', 59.3, 59.3, 200)
('read', 59.3, 59.3, 200)
('read', 59.3, 59.3, 200)
('read', 59.3, 59.3, 200)
('read', 59.3, 59.3, 200)
('ready', 59.3, 59.3, 200)
('read', 59.3, 59.3, 200)
('read', 59.3, 59.3, 200)
('read', 59.3, 59.3, 200)
('read', 59.3, 59.3, 200)
('read', 59.3, 59.4, 200)
('read', 59.3, 59.4, 200)
('read', 59.3, 59.4, 200)
('ready', 59.3, 59.4, 200)
('read', 59.4, 59.4, 200)
('read', 59.4, 59.4, 200)
('read', 59.4, 59.4, 200)
('read', 59.4, 59.4, 200)
('read', 59.4, 59.4, 200)
('read', 59.4, 59.4, 200)
('read', 59.4, 59.4, 200)
('read', 59.4, 59.4, 200)
('read', 59.4, 59.4, 200)
('read', 59.4, 59.4, 200)
('read', 59.4, 59.4, 200)
('read', 59.4, 59.4, 200)
('read', 59.4, 59.4, 200)
('read', 59.4, 59.4, 200)
('read', 59.4, 59.4, 200)
('read', 59.4, 59.4, 200)
('read', 59.4, 59.4, 200)
('read', 59.4, 59.4, 200)
('read', 59.4, 59.4, 200)
('read', 59.4, 59.4, 200)
('read', 59.4, 59.4, 200)
('read', 59.4, 59.4, 200)
('read', 59.4, 59.4, 200)
('read', 59.4, 59.4, 200)
('read', 59.4, 59.5, 200)
('read', 59.4, 59.5, 200)
('read', 59.4, 59.5, 200)
('ready', 59.4, 59.5, 200)
('read', 59.5, 59.5, 200)
('read', 59.5, 59.5, 200)
('read', 59.5, 59.5, 200)
('read', 59.5, 59.5, 200)
('read', 59.5, 59.5, 200)
('read', 59.5, 59.5, 200)
('read', 59.5, 59.5, 200)
('read', 59.5, 59.5, 200)
('read', 59.5, 59.5, 200)
('read', 59.5, 59.5, 200)
('read', 59.5, 59.5, 200)
('read', 59.5, 59.5, 200)
('read', 59.5, 59.5, 200)
('read', 59.5, 59.5, 200)
('read', 59.5, 59.5, 200)
('read', 59.5, 59.5, 200)
('read', 59.5, 59.5, 200)
('ready', 59.5, 59.5, 200)
('read', 59.5, 59.5, 200)
('read', 59.5, 59.5, 200)
('read', 59.5, 59.5, 200)
('read', 59.5, 59.5, 200)
('read', 59.5, 59.5, 200)
('read', 59.5, 59.6, 200)
('read', 59.5, 59.6, 200)
('read', 59.5, 59.6, 200)
('ready', 59.5, 59.6, 200)
('read', 59.6, 59.6, 200)
('read', 59.6, 59.6, 200)
('read', 59.6, 59.6, 200)
('read', 59.6, 59.6, 200)
('read', 59.6, 59.6, 200)
('read', 59.6, 59.6, 200)
('read', 59.6, 59.6, 200)
('read', 59.6, 59.6, 200)
('read', 59.6, 59.6, 200)
('read', 59.6, 59.6, 200)
('read', 59.6, 59.6, 200)
('read', 59.6, 59.6, 200)
('read', 59.6, 59.6, 200)
('read', 59.6, 59.6, 200)
('read', 59.6, 59.6, 200)
('read', 59.6, 59.6, 200)
('read', 59.6, 59.6, 200)
('ready', 59.6, 59.6, 200)
('read', 59.6, 59.6, 200)
('read', 59.6, 59.6, 200)
('read', 59.6, 59.6, 200)
('read', 59.6, 59.6, 200)
('read', 59.6, 59.7, 200)
('read', 59.6, 59.7, 200)
('read', 59.6, 59.7, 200)
('ready', 59.6, 59.7, 200)
('read', 59.7, 59.7, 200)
('read', 59.7, 59.7, 200)
('read', 59.7, 59.7, 200)
('read', 59.7, 59.7, 200)
('read', 59.7, 59.7, 200)
('read', 59.7, 59.7, 200)
('read', 59.7, 59.7, 200)
('read', 59.7, 59.7, 200)
('read', 59.7, 59.7, 200)
('read', 59.7, 59.7, 200)
('read', 59.7, 59.7, 200)
('read', 59.7, 59.7, 200)
('read', 59.7, 59.7, 200)
('read', 59.7, 59.7, 200)
('ready', 59.7, 59.7, 200)
('read', 59.7, 59.7, 200)
('read', 59.7, 59.7, 200)
('read', 59.7, 59.7, 200)
('read', 59.7, 59.7, 200)
('read', 59.7, 59.7, 200)
('read', 59.7, 59.7, 200)
('read', 59.7, 59.8, 200)
('read', 59.7, 59.8, 200)
('read', 59.7, 59.8, 200)
('ready', 59.7, 59.8, 200)
('read', 59.8, 59.8, 200)
('read', 59.8, 59.8, 200)
('read', 59.8, 59.8, 200)
('read', 59.8, 59.8, 200)
('read', 59.8, 59.8, 200)
('read', 59.8, 59.8, 200)
('read', 59.8, 59.8, 200)
('read', 59.8, 59.8, 200)
('read', 59.8, 59.8, 200)
('read', 59.8, 59.8, 200)
('read', 59.8, 59.8, 200)
('read', 59.8, 59.8, 200)
('read', 59.8, 59.8, 200)
('read', 59.8, 59.8, 200)
('read', 59.8, 59.8, 200)
('read', 59.8, 59.8, 200)
('read', 59.8, 59.8, 200)
('read', 59.8, 59.8, 200)
('read', 59.8, 59.8, 200)
('read', 59.8, 59.8, 200)
('ready', 59.8, 59.8, 200)
('read', 59.8, 59.9, 200)
('read', 59.8, 59.9, 200)
('read', 59.8, 59.9, 200)
('ready', 59.8, 59.9, 200)
('read', 59.9, 59.9, 200)
('read', 59.9, 59.9, 200)
('read', 59.9, 59.9, 200)
('read', 59.9, 59.9, 200)
('read', 59.9, 59.9, 200)
('read', 59.9, 59.9, 200)
('read', 59.9, 59.9, 200)
('read', 59.9, 59.9, 200)
('read', 59.9, 59.9, 200)
('read', 59.9, 59.9, 200)
('read', 59.9, 59.9, 200)
('read', 59.9, 59.9, 200)
('read', 59.9, 59.9, 200)
('read', 59.9, 59.9, 200)
('read', 59.9, 59.9, 200)
('read', 59.9, 59.9, 200)
('read', 59.9, 59.9, 200)
('read', 59.9, 59.9, 200)
('read', 59.9, 59.9, 200)
('read', 59.9, 59.9, 200)
('read', 59.9, 59.9, 200)
('read', 59.9, 59.9, 200)
('read', 59.9, 60.0, 200)
('read', 59.9, 60.0, 200)
('read', 59.9, 60.0, 200)
('ready', 59.9, 60.0, 200)
('read', 60.0, 60.0, 200)
('read', 60.0, 60.0, 200)
('read', 60.0, 60.0, 200)
('read', 60.0, 60.0, 200)
('read', 60.0, 60.0, 200)
('read', 60.0, 60.0, 200)
('read', 60.0, 60.0, 200)
('read', 60.0, 60.0, 200)
('read', 60.0, 60.0, 200)
('read', 60.0, 60.0, 200)
('read', 60.0, 60.0, 200)
('read', 60.0, 60.0, 200)
('read', 60.0, 60.0, 200)
('read', 60.0, 60.0, 200)
('read', 60.0, 60.0, 200)
('read', 60.0, 60.0, 200)
('read', 60.0, 60.0, 200)
('ready', 60.0, 60.0, 200)
('read', 60.0, 60.0, 200)
('read', 60.0, 60.0, 200)
('read', 60.0, 60.0, 200)
('read', 60.0, 60.0, 200)
('read', 60.0, 60.0, 200)
('read', 60.0, 60.0, 200)
('read', 60.0, 60.0, 200)
('read', 60.0, 60.0, 200)
('read', 60.0, 60.1, 200)
('read', 60.0, 60.1, 200)
('read', 60.0, 60.1, 200)
('ready', 60.0, 60.1, 200)
('read', 60.1, 60.1, 200)
('read', 60.1, 60.1, 200)
('read', 60.1, 60.1, 200)
('read', 60.1, 60.1, 200)
('read', 60.1, 60.1, 200)
('read', 60.1, 60.1, 200)
('read', 60.1, 60.1, 200)
('read', 60.1, 60.1, 200)
('read', 60.1, 60.1, 200)
('read', 60.1, 60.1, 200)
('read', 60.1, 60.1, 200)
('read', 60.1, 60.1, 200)
('read', 60.1, 60.1, 200)
('read', 60.1, 60.1, 200)
('read', 60.1, 60.1, 200)
('read', 60.1, 60.1, 200)
('read', 60.1, 60.1, 200)
('read', 60.1, 60.1, 200)
('read', 60.1, 60.1, 200)
('read', 60.1, 60.1, 200)
('read', 60.1, 60.1, 200)
('read', 60.1, 60.1, 200)
('ready', 60.1, 60.2, 200)
('read', 60.1, 60.2, 200)
('read', 60.1, 60.2, 200)
('read', 60.1, 60.2, 200)
('read', 60.2, 60.2, 200)
('read', 60.2, 60.2, 200)
('read', 60.2, 60.2, 200)
('read', 60.2, 60.2, 200)
('read', 60.2, 60.2, 200)
('read', 60.2, 60.2, 200)
('read', 60.2, 60.2, 200)
('read', 60.2, 60.2, 200)
('read', 60.2, 60.2, 200)
('read', 60.2, 60.2, 200)
('read', 60.2, 60.2, 200)
('read', 60.2, 60.2, 200)
('read', 60.2, 60.2, 200)
('ready', 60.2, 60.2, 200)
('read', 60.2, 60.2, 200)
('read', 60.2, 60.2, 200)
('read', 60.2, 60.2, 200)
('read', 60.2, 60.2, 200)
('read', 60.2, 60.2, 200)
('read', 60.2, 60.2, 200)
('read', 60.2, 60.3, 200)
('read', 60.2, 60.3, 200)
('read', 60.2, 60.3, 200)
('ready', 60.2, 60.3, 200)
('read', 60.3, 60.3, 200)
('read', 60.3, 60.3, 200)
('read', 60.3, 60.3, 200)
('read', 60.3, 60.3, 200)
('read', 60.3, 60.3, 200)
('read', 60.3, 60.3, 200)
('read', 60.3, 60.3, 200)
('read', 60.3, 60.3, 200)
('read', 60.3, 60.3, 200)
('read', 60.3, 60.3, 200)
('read', 60.3, 60.3, 200)
('read', 60.3, 60.3, 200)
('read', 60.3, 60.3, 200)
('read', 60.3, 60.3, 200)
('read', 60.3, 60.3, 200)
('read', 60.3, 60.3, 200)
('read', 60.3, 60.3, 200)
('read', 60.3, 60.3, 200)
('read', 60.3, 60.3, 200)
('ready', 60.3, 60.3, 200)
('read', 60.3, 60.3, 200)
('read', 60.3, 60.3, 200)
('read', 60.3, 60.4, 200)
('read', 60.3, 60.4, 200)
('read', 60.3, 60.4, 200)
('ready', 60.3, 60.4, 200)
('read', 60.4, 60.4, 200)
('read', 60.4, 60.4, 200)
('read', 60.4, 60.4, 200)
('read', 60.4, 60.4, 200)
('read', 60.4, 60.4, 200)
('read', 60.4, 60.4, 200)
('read', 60.4, 60.4, 200)
('read', 60.4, 60.4, 200)
('read', 60.4, 60.4, 200)
('read', 60.4, 60.4, 200)
('read', 60.4, 60.4, 200)
('read', 60.4, 60.4, 200)
('read', 60.4, 60.4, 200)
('read', 60.4, 60.4, 200)
('read', 60.4, 60.4, 200)
('read', 60.4, 60.4, 200)
('read', 60.4, 60.4, 200)
('read', 60.4, 60.4, 200)
('read', 60.4, 60.4, 200)
('read', 60.4, 60.4, 200)
('read', 60.4, 60.4, 200)
('read', 60.4, 60.4, 200)
('read', 60.4, 60.5, 200)
('ready', 60.4, 60.5, 200)
('read', 60.4, 60.5, 200)
('read', 60.4, 60.5, 200)
('read', 60.5, 60.5, 200)
('read', 60.5, 60.5, 200)
('read', 60.5, 60.5, 200)
('read', 60.5, 60.5, 200)
('read', 60.5, 60.5, 200)
('read', 60.5, 60.5, 200)
('read', 60.5, 60.5, 200)
('read', 60.5, 60.5, 200)
('read', 60.5, 60.5, 200)
('read', 60.5, 60.5, 200)
('read', 60.5, 60.5, 200)
('read', 60.5, 60.5, 200)
('read', 60.5, 60.5, 200)
('ready', 60.5, 60.5, 200)
('read', 60.5, 60.5, 200)
('read', 60.5, 60.5, 200)
('read', 60.5, 60.5, 200)
('read', 60.5, 60.5, 200)
('read', 60.5, 60.5, 200)
('read', 60.5, 60.5, 200)
('read', 60.5, 60.5, 200)
('read', 60.5, 60.6, 200)
('read', 60.5, 60.6, 200)
('read', 60.5, 60.6, 200)
('ready', 60.5, 60.6, 200)
('read', 60.6, 60.6, 200)
('read', 60.6, 60.6, 200)
('read', 60.6, 60.6, 200)
('read', 60.6, 60.6, 200)
('read', 60.6, 60.6, 200)
('read', 60.6, 60.6, 200)
('read', 60.6, 60.6, 200)
('read', 60.6, 60.6, 200)
('read', 60.6, 60.6, 200)
('read', 60.6, 60.6, 200)
('read', 60.6, 60.6, 200)
('read', 60.6, 60.6, 200)
('read', 60.6, 60.6, 200)
('read', 60.6, 60.6, 200)
('read', 60.6, 60.6, 200)
('read', 60.6, 60.6, 200)
('read', 60.6, 60.6, 200)
('read', 60.6, 60.6, 200)
('read', 60.6, 60.6, 200)
('read', 60.6, 60.6, 200)
('read', 60.6, 60.6, 200)
('read', 60.6, 60.6, 200)
('read', 60.6, 60.6, 200)
('read', 60.6, 60.6, 200)
('read', 60.6, 60.7, 200)
('read', 60.6, 60.7, 200)
('ready', 60.6, 60.7, 200)
('read', 60.6, 60.7, 200)
('read', 60.7, 60.7, 200)
('read', 60.7, 60.7, 200)
('read', 60.7, 60.7, 200)
('read', 60.7, 60.7, 200)
('read', 60.7, 60.7, 200)
('read', 60.7, 60.7, 200)
('read', 60.7, 60.7, 200)
('read', 60.7, 60.7, 200)
('read', 60.7, 60.7, 200)
('read', 60.7, 60.7, 200)
('read', 60.7, 60.7, 200)
('read', 60.7, 60.7, 200)
('read', 60.7, 60.7, 200)
('read', 60.7, 60.7, 200)
('read', 60.7, 60.7, 200)
('read', 60.7, 60.7, 200)
('ready', 60.7, 60.7, 200)
('read', 60.7, 60.7, 200)
('read', 60.7, 60.7, 200)
('read', 60.7, 60.7, 200)
('read', 60.7, 60.7, 200)
('read', 60.7, 60.7, 200)
('read', 60.7, 60.7, 200)
('read', 60.7, 60.7, 200)
('read', 60.7, 60.7, 200)
('read', 60.7, 60.7, 200)
('read', 60.7, 60.8, 200)
('read', 60.7, 60.8, 200)
('read', 60.7, 60.8, 200)
('ready', 60.7, 60.8, 200)
('read', 60.8, 60.8, 200)
('read', 60.8, 60.8, 200)
('read', 60.8, 60.8, 200)
('read', 60.8, 60.8, 200)
('read', 60.8, 60.8, 200)
('read', 60.8, 60.8, 200)
('read', 60.8, 60.8, 200)
('read', 60.8, 60.8, 200)
('read', 60.8, 60.8, 200)
('read', 60.8, 60.8, 200)
('read', 60.8, 60.8, 200)
('read', 60.8, 60.8, 200)
('read', 60.8, 60.8, 200)
('read', 60.8, 60.8, 200)
('read', 60.8, 60.8, 200)
('read', 60.8, 60.8, 200)
('read', 60.8, 60.8, 200)
('read', 60.8, 60.8, 200)
('read', 60.8, 60.8, 200)
('read', 60.8, 60.8, 200)
('read', 60.8, 60.8, 200)
('read', 60.8, 60.8, 200)
('read', 60.8, 60.8, 200)
('read', 60.8, 60.8, 200)
('read', 60.8, 60.8, 200)
('read', 60.8, 60.9, 200)
('ready', 60.8, 60.9, 200)
('read', 60.8, 60.9, 200)
('read', 60.8, 60.9, 200)
('read', 60.9, 60.9, 200)
('read', 60.9, 60.9, 200)
('read', 60.9, 60.9, 200)
('read', 60.9, 60.9, 200)
('read', 60.9, 60.9, 200)
('read', 60.9, 60.9, 200)
('read', 60.9, 60.9, 200)
('read', 60.9, 60.9, 200)
('read', 60.9, 60.9, 200)
('read', 60.9, 60.9, 200)
('read', 60.9, 60.9, 200)
('read', 60.9, 60.9, 200)
('read', 60.9, 60.9, 200)
('read', 60.9, 60.9, 200)
('read', 60.9, 60.9, 200)
('read', 60.9, 60.9, 200)
('read', 60.9, 60.9, 200)
('ready', 60.9, 60.9, 200)
('read', 60.9, 60.9, 200)
('read', 60.9, 60.9, 200)
('read', 60.9, 60.9, 200)
('read', 60.9, 60.9, 200)
('read', 60.9, 60.9, 200)
('read', 60.9, 60.9, 200)
('read', 60.9, 61.0, 200)
('read', 60.9, 61.0, 200)
('read', 60.9, 61.0, 200)
('ready', 60.9, 61.0, 200)
('read', 61.0, 61.0, 200)
('read', 61.0, 61.0, 200)
('read', 61.0, 61.0, 200)
('read', 61.0, 61.0, 200)
('read', 61.0, 61.0, 200)
('read', 61.0, 61.0, 200)
('read', 61.0, 61.0, 200)
('read', 61.0, 61.0, 200)
('read', 61.0, 61.0, 200)
('read', 61.0, 61.0, 200)
('read', 61.0, 61.0, 200)
('read', 61.0, 61.0, 200)
('read', 61.0, 61.0, 200)
('read', 61.0, 61.0, 200)
('read', 61.0, 61.0, 200)
('read', 61.0, 61.0, 200)
('read', 61.0, 61.0, 200)
('read', 61.0, 61.0, 200)
('read', 61.0, 61.0, 200)
('read', 61.0, 61.0, 200)
('read', 61.0, 61.0, 200)
('read', 61.0, 61.0, 200)
('read', 61.0, 61.0, 200)
('ready', 61.0, 61.0, 200)
('read', 61.0, 61.0, 200)
('read', 61.0, 61.0, 200)
('read', 61.0, 61.1, 200)
('read', 61.0, 61.1, 200)
('read', 61.0, 61.1, 200)
('ready', 61.0, 61.1, 200)
('read', 61.1, 61.1, 200)
('read', 61.1, 61.1, 200)
('read', 61.1, 61.1, 200)
('read', 61.1, 61.1, 200)
('read', 61.1, 61.1, 200)
('read', 61.1, 61.1, 200)
('read', 61.1, 61.1, 200)
('read', 61.1, 61.1, 200)
('read', 61.1, 61.1, 200)
('read', 61.1, 61.1, 200)
('read', 61.1, 61.1, 200)
('read', 61.1, 61.1, 200)
('read', 61.1, 61.1, 200)
('read', 61.1, 61.1, 200)
('read', 61.1, 61.1, 200)
('read', 61.1, 61.1, 200)
('read', 61.1, 61.1, 200)
('read', 61.1, 61.1, 200)
('read', 61.1, 61.1, 200)
('read', 61.1, 61.1, 200)
('read', 61.1, 61.1, 200)
('read', 61.1, 61.1, 200)
('read', 61.1, 61.1, 200)
('read', 61.1, 61.2, 200)
('read', 61.1, 61.2, 200)
('read', 61.1, 61.2, 200)
('ready', 61.1, 61.2, 200)
('read', 61.2, 61.2, 200)
('read', 61.2, 61.2, 200)
('read', 61.2, 61.2, 200)
('read', 61.2, 61.2, 200)
('read', 61.2, 61.2, 200)
('read', 61.2, 61.2, 200)
('read', 61.2, 61.2, 200)
('read', 61.2, 61.2, 200)
('read', 61.2, 61.2, 200)
('read', 61.2, 61.2, 200)
('read', 61.2, 61.2, 200)
('read', 61.2, 61.2, 200)
('read', 61.2, 61.2, 200)
('read', 61.2, 61.2, 200)
('read', 61.2, 61.2, 200)
('read', 61.2, 61.2, 200)
('read', 61.2, 61.2, 200)
('read', 61.2, 61.2, 200)
('read', 61.2, 61.2, 200)
('ready', 61.2, 61.2, 200)
('read', 61.2, 61.2, 200)
('read', 61.2, 61.2, 200)
('read', 61.2, 61.2, 200)
('read', 61.2, 61.3, 200)
('read', 61.2, 61.3, 200)
('read', 61.2, 61.3, 200)
('ready', 61.2, 61.3, 200)
('read', 61.3, 61.3, 200)
('read', 61.3, 61.3, 200)
('read', 61.3, 61.3, 200)
('read', 61.3, 61.3, 200)
('read', 61.3, 61.3, 200)
('read', 61.3, 61.3, 200)
('read', 61.3, 61.3, 200)
('read', 61.3, 61.3, 200)
('read', 61.3, 61.3, 200)
('read', 61.3, 61.3, 200)
('read', 61.3, 61.3, 200)
('read', 61.3, 61.3, 200)
('read', 61.3, 61.3, 200)
('read', 61.3, 61.3, 200)
('read', 61.3, 61.3, 200)
('read', 61.3, 61.3, 200)
('read', 61.3, 61.3, 200)
('read', 61.3, 61.4, 200)
('read', 61.3, 61.4, 200)
('read', 61.3, 61.4, 200)
('ready', 61.3, 61.4, 200)
('read', 61.4, 61.4, 200)
('read', 61.4, 61.4, 200)
('read', 61.4, 61.4, 200)
('read', 61.4, 61.4, 200)
('read', 61.4, 61.4, 200)
('read', 61.4, 61.4, 200)
('read', 61.4, 61.4, 200)
('read', 61.4, 61.4, 200)
('read', 61.4, 61.4, 200)
('read', 61.4, 61.4, 200)
('read', 61.4, 61.4, 200)
('read', 61.4, 61.4, 200)
('read', 61.4, 61.4, 200)
('read', 61.4, 61.4, 200)
('read', 61.4, 61.4, 200)
('read', 61.4, 61.4, 200)
('read', 61.4, 61.4, 200)
('read', 61.4, 61.4, 200)
('read', 61.4, 61.4, 200)
('read', 61.4, 61.4, 200)
('read', 61.4, 61.4, 200)
('read', 61.4, 61.4, 200)
('read', 61.4, 61.4, 200)
('read', 61.4, 61.4, 200)
('read', 61.4, 61.4, 200)
('read', 61.4, 61.4, 200)
('read', 61.4, 61.5, 200)
('read', 61.4, 61.5, 200)
('read', 61.4, 61.5, 200)
('ready', 61.4, 61.5, 200)
('read', 61.5, 61.5, 200)
('read', 61.5, 61.5, 200)
('read', 61.5, 61.5, 200)
('read', 61.5, 61.5, 200)
('read', 61.5, 61.5, 200)
('read', 61.5, 61.5, 200)
('read', 61.5, 61.5, 200)
('read', 61.5, 61.5, 200)
('read', 61.5, 61.5, 200)
('read', 61.5, 61.5, 200)
('read', 61.5, 61.5, 200)
('read', 61.5, 61.5, 200)
('read', 61.5, 61.5, 200)
('read', 61.5, 61.5, 200)
('read', 61.5, 61.5, 200)
('read', 61.5, 61.5, 200)
('read', 61.5, 61.5, 200)
('read', 61.5, 61.5, 200)
('read', 61.5, 61.5, 200)
('read', 61.5, 61.5, 200)
('read', 61.5, 61.5, 200)
('read', 61.5, 61.5, 200)
('read', 61.5, 61.5, 200)
('read', 61.5, 61.5, 200)
('read', 61.5, 61.5, 200)
('read', 61.5, 61.5, 200)
('read', 61.5, 61.6, 200)
('read', 61.5, 61.6, 200)
('read', 61.5, 61.6, 200)
('ready', 61.5, 61.6, 200)
('read', 61.6, 61.6, 200)
('read', 61.6, 61.6, 200)
('read', 61.6, 61.6, 200)
('read', 61.6, 61.6, 200)
('read', 61.6, 61.6, 200)
('read', 61.6, 61.6, 200)
('read', 61.6, 61.6, 200)
('read', 61.6, 61.6, 200)
('read', 61.6, 61.6, 200)
('read', 61.6, 61.6, 200)
('read', 61.6, 61.6, 200)
('read', 61.6, 61.6, 200)
('read', 61.6, 61.6, 200)
('read', 61.6, 61.6, 200)
('read', 61.6, 61.6, 200)
('read', 61.6, 61.6, 200)
('read', 61.6, 61.6, 200)
('read', 61.6, 61.6, 200)
('read', 61.6, 61.6, 200)
('read', 61.6, 61.6, 200)
('read', 61.6, 61.6, 200)
('read', 61.6, 61.6, 200)
('read', 61.6, 61.6, 200)
('read', 61.6, 61.6, 200)
('read', 61.6, 61.6, 200)
('read', 61.6, 61.6, 200)
('read', 61.6, 61.7, 200)
('ready', 61.6, 61.7, 200)
('read', 61.6, 61.7, 200)
('read', 61.6, 61.7, 200)
('read', 61.7, 61.7, 200)
('read', 61.7, 61.7, 200)
('read', 61.7, 61.7, 200)
('read', 61.7, 61.7, 200)
('read', 61.7, 61.7, 200)
('read', 61.7, 61.7, 200)
('read', 61.7, 61.7, 200)
('read', 61.7, 61.7, 200)
('read', 61.7, 61.7, 200)
('read', 61.7, 61.7, 200)
('read', 61.7, 61.7, 200)
('read', 61.7, 61.7, 200)
('read', 61.7, 61.7, 200)
('read', 61.7, 61.7, 200)
('read', 61.7, 61.7, 200)
('read', 61.7, 61.7, 200)
('read', 61.7, 61.7, 200)
('read', 61.7, 61.7, 200)
('read', 61.7, 61.7, 200)
('read', 61.7, 61.7, 200)
('read', 61.7, 61.7, 200)
('read', 61.7, 61.7, 200)
('read', 61.7, 61.7, 200)
('read', 61.7, 61.7, 200)
('ready', 61.7, 61.7, 200)
('read', 61.7, 61.7, 200)
('read', 61.7, 61.7, 200)
('read', 61.7, 61.7, 200)
('read', 61.7, 61.7, 200)
('read', 61.7, 61.7, 200)
('read', 61.7, 61.7, 200)
('read', 61.7, 61.7, 200)
('read', 61.7, 61.8, 200)
('read', 61.7, 61.8, 200)
('read', 61.7, 61.8, 200)
('ready', 61.7, 61.8, 200)
('read', 61.8, 61.8, 200)
('read', 61.8, 61.8, 200)
('read', 61.8, 61.8, 200)
('read', 61.8, 61.8, 200)
('read', 61.8, 61.8, 200)
('read', 61.8, 61.8, 200)
('read', 61.8, 61.8, 200)
('read', 61.8, 61.8, 200)
('read', 61.8, 61.8, 200)
('read', 61.8, 61.8, 200)
('read', 61.8, 61.8, 200)
('read', 61.8, 61.8, 200)
('read', 61.8, 61.8, 200)
('read', 61.8, 61.8, 200)
('read', 61.8, 61.8, 200)
('read', 61.8, 61.8, 200)
('read', 61.8, 61.8, 200)
('read', 61.8, 61.8, 200)
('read', 61.8, 61.8, 200)
('read', 61.8, 61.8, 200)
('read', 61.8, 61.8, 200)
('read', 61.8, 61.8, 200)
('read', 61.8, 61.8, 200)
('read', 61.8, 61.8, 200)
('read', 61.8, 61.8, 200)
('read', 61.8, 61.8, 200)
('read', 61.8, 61.8, 200)
('read', 61.8, 61.8, 200)
('read', 61.8, 61.8, 200)
('read', 61.8, 61.8, 200)
('read', 61.8, 61.8, 200)
('read', 61.8, 61.8, 200)
('read', 61.8, 61.8, 200)
('read', 61.8, 61.9, 200)
('read', 61.8, 61.9, 200)
('read', 61.8, 61.9, 200)
('ready', 61.8, 61.9, 200)
('read', 61.9, 61.9, 200)
('read', 61.9, 61.9, 200)
('read', 61.9, 61.9, 200)
('read', 61.9, 61.9, 200)
('read', 61.9, 61.9, 200)
('read', 61.9, 61.9, 200)
('read', 61.9, 61.9, 200)
('read', 61.9, 61.9, 200)
('read', 61.9, 61.9, 200)
('read', 61.9, 61.9, 200)
('read', 61.9, 61.9, 200)
('read', 61.9, 61.9, 200)
('read', 61.9, 61.9, 200)
('read', 61.9, 61.9, 200)
('read', 61.9, 61.9, 200)
('read', 61.9, 61.9, 200)
('read', 61.9, 61.9, 200)
('read', 61.9, 61.9, 200)
('read', 61.9, 61.9, 200)
('read', 61.9, 61.9, 200)
('read', 61.9, 61.9, 200)
('read', 61.9, 61.9, 200)
('read', 61.9, 61.9, 200)
('read', 61.9, 61.9, 200)
('ready', 61.9, 61.9, 200)
('read', 61.9, 61.9, 200)
('read', 61.9, 61.9, 200)
('read', 61.9, 61.9, 200)
('read', 61.9, 61.9, 200)
('read', 61.9, 61.9, 200)
('read', 61.9, 61.9, 200)
('read', 61.9, 61.9, 200)
('read', 61.9, 62.0, 200)
('read', 61.9, 62.0, 200)
('read', 61.9, 62.0, 200)
('ready', 61.9, 62.0, 200)
('read', 62.0, 62.0, 200)
('read', 62.0, 62.0, 200)
('read', 62.0, 62.0, 200)
('read', 62.0, 62.0, 200)
('read', 62.0, 62.0, 200)
('read', 62.0, 62.0, 200)
('read', 62.0, 62.0, 200)
('read', 62.0, 62.0, 200)
('read', 62.0, 62.0, 200)
('read', 62.0, 62.0, 200)
('read', 62.0, 62.0, 200)
('read', 62.0, 62.0, 200)
('read', 62.0, 62.0, 200)
('read', 62.0, 62.0, 200)
('read', 62.0, 62.0, 200)
('read', 62.0, 62.0, 200)
('read', 62.0, 62.0, 200)
('read', 62.0, 62.0, 200)
('read', 62.0, 62.0, 200)
('read', 62.0, 62.0, 200)
('read', 62.0, 62.0, 200)
('read', 62.0, 62.0, 200)
('read', 62.0, 62.0, 200)
('read', 62.0, 62.0, 200)
('read', 62.0, 62.0, 200)
('read', 62.0, 62.0, 200)
('read', 62.0, 62.0, 200)
('read', 62.0, 62.0, 200)
('read', 62.0, 62.0, 200)
('read', 62.0, 62.0, 200)
('read', 62.0, 62.0, 200)
('read', 62.0, 62.0, 200)
('read', 62.0, 62.1, 200)
('read', 62.0, 62.1, 200)
('read', 62.0, 62.1, 200)
('ready', 62.0, 62.1, 200)
('read', 62.1, 62.1, 200)
('read', 62.1, 62.1, 200)
('read', 62.1, 62.1, 200)
('read', 62.1, 62.1, 200)
('read', 62.1, 62.1, 200)
('read', 62.1, 62.1, 200)
('read', 62.1, 62.1, 200)
('read', 62.1, 62.1, 200)
('read', 62.1, 62.1, 200)
('read', 62.1, 62.1, 200)
('read', 62.1, 62.1, 200)
('read', 62.1, 62.1, 200)
('read', 62.1, 62.1, 200)
('read', 62.1, 62.1, 200)
('read', 62.1, 62.1, 200)
('read', 62.1, 62.1, 200)
('read', 62.1, 62.1, 200)
('read', 62.1, 62.1, 200)
('read', 62.1, 62.1, 200)
('read', 62.1, 62.1, 200)
('read', 62.1, 62.1, 200)
('read', 62.1, 62.1, 200)
('read', 62.1, 62.1, 200)
('read', 62.1, 62.1, 200)
('read', 62.1, 62.1, 200)
('read', 62.1, 62.1, 200)
('read', 62.1, 62.1, 200)
('read', 62.1, 62.1, 200)
('read', 62.1, 62.1, 200)
('read', 62.1, 62.1, 200)
('read', 62.1, 62.1, 200)
('ready', 62.1, 62.1, 200)
('read', 62.1, 62.2, 200)
('read', 62.1, 62.2, 200)
('read', 62.1, 62.2, 200)
('ready', 62.1, 62.2, 200)
('read', 62.2, 62.2, 200)
('read', 62.2, 62.2, 200)
('read', 62.2, 62.2, 200)
('read', 62.2, 62.2, 200)
('read', 62.2, 62.2, 200)
('read', 62.2, 62.2, 200)
('read', 62.2, 62.2, 200)
('read', 62.2, 62.2, 200)
('read', 62.2, 62.2, 200)
('read', 62.2, 62.2, 200)
('read', 62.2, 62.2, 200)
('read', 62.2, 62.2, 200)
('read', 62.2, 62.2, 200)
('read', 62.2, 62.2, 200)
('read', 62.2, 62.2, 200)
('read', 62.2, 62.2, 200)
('read', 62.2, 62.2, 200)
('read', 62.2, 62.2, 200)
('read', 62.2, 62.2, 200)
('read', 62.2, 62.2, 200)
('read', 62.2, 62.2, 200)
('read', 62.2, 62.2, 200)
('read', 62.2, 62.2, 200)
('read', 62.2, 62.2, 200)
('read', 62.2, 62.2, 200)
('read', 62.2, 62.2, 200)
('read', 62.2, 62.2, 200)
('read', 62.2, 62.2, 200)
('read', 62.2, 62.2, 200)
('read', 62.2, 62.2, 200)
('read', 62.2, 62.2, 200)
('read', 62.2, 62.2, 200)
('read', 62.2, 62.2, 200)
('read', 62.2, 62.2, 200)
('read', 62.2, 62.3, 200)
('read', 62.2, 62.3, 200)
('read', 62.2, 62.3, 200)
('ready', 62.2, 62.3, 200)
('read', 62.3, 62.3, 200)
('read', 62.3, 62.3, 200)
('read', 62.3, 62.3, 200)
('read', 62.3, 62.3, 200)
('read', 62.3, 62.3, 200)
('read', 62.3, 62.3, 200)
('read', 62.3, 62.3, 200)
('read', 62.3, 62.3, 200)
('read', 62.3, 62.3, 200)
('read', 62.3, 62.3, 200)
('read', 62.3, 62.3, 200)
('read', 62.3, 62.3, 200)
('read', 62.3, 62.3, 200)
('read', 62.3, 62.3, 200)
('read', 62.3, 62.3, 200)
('read', 62.3, 62.3, 200)
('read', 62.3, 62.3, 200)
('read', 62.3, 62.3, 200)
('read', 62.3, 62.3, 200)
('read', 62.3, 62.3, 200)
('read', 62.3, 62.3, 200)
('read', 62.3, 62.3, 200)
('read', 62.3, 62.3, 200)
('read', 62.3, 62.3, 200)
('read', 62.3, 62.3, 200)
('read', 62.3, 62.3, 200)
('read', 62.3, 62.3, 200)
('ready', 62.3, 62.3, 200)
('read', 62.3, 62.3, 200)
('read', 62.3, 62.3, 200)
('read', 62.3, 62.3, 200)
('read', 62.3, 62.3, 200)
('read', 62.3, 62.3, 200)
('read', 62.3, 62.4, 200)
('read', 62.3, 62.4, 200)
('read', 62.3, 62.4, 200)
('ready', 62.3, 62.4, 200)
('read', 62.4, 62.4, 200)
('read', 62.4, 62.4, 200)
('read', 62.4, 62.4, 200)
('read', 62.4, 62.4, 200)
('read', 62.4, 62.4, 200)
('read', 62.4, 62.4, 200)
('read', 62.4, 62.4, 200)
('read', 62.4, 62.4, 200)
('read', 62.4, 62.4, 200)
('read', 62.4, 62.4, 200)
('read', 62.4, 62.4, 200)
('read', 62.4, 62.4, 200)
('read', 62.4, 62.4, 200)
('read', 62.4, 62.4, 200)
('read', 62.4, 62.4, 200)
('read', 62.4, 62.4, 200)
('read', 62.4, 62.4, 200)
('read', 62.4, 62.4, 200)
('read', 62.4, 62.4, 200)
('read', 62.4, 62.4, 200)
('read', 62.4, 62.4, 200)
('read', 62.4, 62.4, 200)
('read', 62.4, 62.4, 200)
('read', 62.4, 62.4, 200)
('read', 62.4, 62.4, 200)
('read', 62.4, 62.4, 200)
('read', 62.4, 62.4, 200)
('read', 62.4, 62.4, 200)
('read', 62.4, 62.4, 200)
('read', 62.4, 62.4, 200)
('read', 62.4, 62.4, 200)
('read', 62.4, 62.4, 200)
('read', 62.4, 62.5, 200)
('read', 62.4, 62.5, 200)
('read', 62.4, 62.5, 200)
('ready', 62.4, 62.5, 200)
('read', 62.5, 62.5, 200)
('read', 62.5, 62.5, 200)
('read', 62.5, 62.5, 200)
('read', 62.5, 62.5, 200)
('read', 62.5, 62.5, 200)
('read', 62.5, 62.5, 200)
('read', 62.5, 62.5, 200)
('read', 62.5, 62.5, 200)
('read', 62.5, 62.5, 200)
('read', 62.5, 62.5, 200)
('read', 62.5, 62.5, 200)
('read', 62.5, 62.5, 200)
('read', 62.5, 62.5, 200)
('read', 62.5, 62.5, 200)
('read', 62.5, 62.5, 200)
('read', 62.5, 62.5, 200)
('read', 62.5, 62.5, 200)
('read', 62.5, 62.5, 200)
('read', 62.5, 62.5, 200)
('read', 62.5, 62.5, 200)
('read', 62.5, 62.5, 200)
('read', 62.5, 62.5, 200)
('read', 62.5, 62.5, 200)
('read', 62.5, 62.5, 200)
('read', 62.5, 62.5, 200)
('ready', 62.5, 62.5, 200)
('read', 62.5, 62.5, 200)
('read', 62.5, 62.5, 200)
('read', 62.5, 62.5, 200)
('read', 62.5, 62.5, 200)
('read', 62.5, 62.5, 200)
('read', 62.5, 62.5, 200)
('read', 62.5, 62.6, 200)
('read', 62.5, 62.6, 200)
('read', 62.5, 62.6, 200)
('ready', 62.5, 62.6, 200)
('read', 62.6, 62.6, 200)
('read', 62.6, 62.6, 200)
('read', 62.6, 62.6, 200)
('read', 62.6, 62.6, 200)
('read', 62.6, 62.6, 200)
('read', 62.6, 62.6, 200)
('read', 62.6, 62.6, 200)
('read', 62.6, 62.6, 200)
('read', 62.6, 62.6, 200)
('read', 62.6, 62.6, 200)
('read', 62.6, 62.6, 200)
('read', 62.6, 62.6, 200)
('read', 62.6, 62.6, 200)
('read', 62.6, 62.6, 200)
('read', 62.6, 62.6, 200)
('read', 62.6, 62.6, 200)
('read', 62.6, 62.6, 200)
('read', 62.6, 62.6, 200)
('read', 62.6, 62.6, 200)
('read', 62.6, 62.6, 200)
('read', 62.6, 62.6, 200)
('read', 62.6, 62.6, 200)
('read', 62.6, 62.6, 200)
('read', 62.6, 62.6, 200)
('read', 62.6, 62.6, 200)
('read', 62.6, 62.6, 200)
('read', 62.6, 62.6, 200)
('read', 62.6, 62.6, 200)
('read', 62.6, 62.6, 200)
('read', 62.6, 62.6, 200)
('read', 62.6, 62.6, 200)
('read', 62.6, 62.6, 200)
('read', 62.6, 62.7, 200)
('read', 62.6, 62.7, 200)
('read', 62.6, 62.7, 200)
('ready', 62.6, 62.7, 200)
('read', 62.7, 62.7, 200)
('read', 62.7, 62.7, 200)
('read', 62.7, 62.7, 200)
('read', 62.7, 62.7, 200)
('read', 62.7, 62.7, 200)
('read', 62.7, 62.7, 200)
('read', 62.7, 62.7, 200)
('read', 62.7, 62.7, 200)
('read', 62.7, 62.7, 200)
('read', 62.7, 62.7, 200)
('read', 62.7, 62.7, 200)
('read', 62.7, 62.7, 200)
('read', 62.7, 62.7, 200)
('read', 62.7, 62.7, 200)
('read', 62.7, 62.7, 200)
('read', 62.7, 62.7, 200)
('read', 62.7, 62.7, 200)
('read', 62.7, 62.7, 200)
('read', 62.7, 62.7, 200)
('read', 62.7, 62.7, 200)
('read', 62.7, 62.7, 200)
('read', 62.7, 62.7, 200)
('read', 62.7, 62.7, 200)
('ready', 62.7, 62.7, 200)
('read', 62.7, 62.7, 200)
('read', 62.7, 62.7, 200)
('read', 62.7, 62.7, 200)
('read', 62.7, 62.7, 200)
('read', 62.7, 62.7, 200)
('read', 62.7, 62.7, 200)
('read', 62.7, 62.7, 200)
('read', 62.7, 62.7, 200)
('read', 62.7, 62.7, 200)
('read', 62.7, 62.8, 200)
('read', 62.7, 62.8, 200)
('read', 62.7, 62.8, 200)
('ready', 62.7, 62.8, 200)
('read', 62.8, 62.8, 200)
('read', 62.8, 62.8, 200)
('read', 62.8, 62.8, 200)
('read', 62.8, 62.8, 200)
('read', 62.8, 62.8, 200)
('read', 62.8, 62.8, 200)
('read', 62.8, 62.8, 200)
('read', 62.8, 62.8, 200)
('read', 62.8, 62.8, 200)
('read', 62.8, 62.8, 200)
('read', 62.8, 62.8, 200)
('read', 62.8, 62.8, 200)
('read', 62.8, 62.8, 200)
('read', 62.8, 62.8, 200)
('read', 62.8, 62.8, 200)
('read', 62.8, 62.8, 200)
('read', 62.8, 62.8, 200)
('read', 62.8, 62.8, 200)
('read', 62.8, 62.8, 200)
('read', 62.8, 62.8, 200)
('read', 62.8, 62.8, 200)
('read', 62.8, 62.8, 200)
('read', 62.8, 62.8, 200)
('read', 62.8, 62.8, 200)
('read', 62.8, 62.8, 200)
('read', 62.8, 62.8, 200)
('read', 62.8, 62.8, 200)
('read', 62.8, 62.8, 200)
('read', 62.8, 62.8, 200)
('read', 62.8, 62.8, 200)
('read', 62.8, 62.8, 200)
('ready', 62.8, 62.8, 200)
('read', 62.8, 62.8, 200)
('read', 62.8, 62.9, 200)
('read', 62.8, 62.9, 200)
('read', 62.8, 62.9, 200)
('ready', 62.8, 62.9, 200)
('read', 62.9, 62.9, 200)
('read', 62.9, 62.9, 200)
('read', 62.9, 62.9, 200)
('read', 62.9, 62.9, 200)
('read', 62.9, 62.9, 200)
('read', 62.9, 62.9, 200)
('read', 62.9, 62.9, 200)
('read', 62.9, 62.9, 200)
('read', 62.9, 62.9, 200)
('read', 62.9, 62.9, 200)
('read', 62.9, 62.9, 200)
('read', 62.9, 62.9, 200)
('read', 62.9, 62.9, 200)
('read', 62.9, 62.9, 200)
('read', 62.9, 62.9, 200)
('read', 62.9, 62.9, 200)
('read', 62.9, 62.9, 200)
('read', 62.9, 62.9, 200)
('read', 62.9, 62.9, 200)
('read', 62.9, 62.9, 200)
('read', 62.9, 62.9, 200)
('read', 62.9, 62.9, 200)
('read', 62.9, 62.9, 200)
('read', 62.9, 62.9, 200)
('read', 62.9, 62.9, 200)
('read', 62.9, 62.9, 200)
('read', 62.9, 63.0, 200)
('read', 62.9, 63.0, 200)
('read', 62.9, 63.0, 200)
('ready', 62.9, 63.0, 200)
('read', 63.0, 63.0, 200)
('read', 63.0, 63.0, 200)
('read', 63.0, 63.0, 200)
('read', 63.0, 63.0, 200)
('read', 63.0, 63.0, 200)
('read', 63.0, 63.0, 200)
('read', 63.0, 63.0, 200)
('read', 63.0, 63.0, 200)
('read', 63.0, 63.0, 200)
('read', 63.0, 63.0, 200)
('read', 63.0, 63.0, 200)
('read', 63.0, 63.0, 200)
('read', 63.0, 63.0, 200)
('read', 63.0, 63.0, 200)
('read', 63.0, 63.0, 200)
('read', 63.0, 63.0, 200)
('read', 63.0, 63.0, 200)
('read', 63.0, 63.0, 200)
('read', 63.0, 63.0, 200)
('read', 63.0, 63.0, 200)
('read', 63.0, 63.0, 200)
('read', 63.0, 63.0, 200)
('read', 63.0, 63.0, 200)
('read', 63.0, 63.0, 200)
('read', 63.0, 63.1, 200)
('read', 63.0, 63.1, 200)
('ready', 63.0, 63.1, 200)
('read', 63.0, 63.1, 200)
('read', 63.1, 63.1, 200)
('read', 63.1, 63.1, 200)
('read', 63.1, 63.1, 200)
('read', 63.1, 63.1, 200)
('read', 63.1, 63.1, 200)
('read', 63.1, 63.1, 200)
('read', 63.1, 63.1, 200)
('read', 63.1, 63.1, 200)
('read', 63.1, 63.1, 200)
('read', 63.1, 63.1, 200)
('read', 63.1, 63.1, 200)
('read', 63.1, 63.1, 200)
('read', 63.1, 63.1, 200)
('read', 63.1, 63.1, 200)
('read', 63.1, 63.1, 200)
('ready', 63.1, 63.1, 200)
('read', 63.1, 63.1, 200)
('read', 63.1, 63.1, 200)
('read', 63.1, 63.1, 200)
('read', 63.1, 63.1, 200)
('read', 63.1, 63.1, 200)
('read', 63.1, 63.1, 200)
('read', 63.1, 63.1, 200)
('read', 63.1, 63.1, 200)
('read', 63.1, 63.1, 200)
('read', 63.1, 63.2, 200)
('read', 63.1, 63.2, 200)
('read', 63.1, 63.2, 200)
('ready', 63.1, 63.2, 200)
('read', 63.2, 63.2, 200)
('read', 63.2, 63.2, 200)
('read', 63.2, 63.2, 200)
('read', 63.2, 63.2, 200)
('read', 63.2, 63.2, 200)
('read', 63.2, 63.2, 200)
('read', 63.2, 63.2, 200)
('read', 63.2, 63.2, 200)
('read', 63.2, 63.2, 200)
('read', 63.2, 63.2, 200)
('read', 63.2, 63.2, 200)
('read', 63.2, 63.2, 200)
('read', 63.2, 63.2, 200)
('read', 63.2, 63.2, 200)
('read', 63.2, 63.2, 200)
('read', 63.2, 63.2, 200)
('read', 63.2, 63.2, 200)
('read', 63.2, 63.2, 200)
('read', 63.2, 63.2, 200)
('read', 63.2, 63.2, 200)
('read', 63.2, 63.2, 200)
('read', 63.2, 63.2, 200)
('read', 63.2, 63.2, 200)
('read', 63.2, 63.2, 200)
('read', 63.2, 63.2, 200)
('ready', 63.2, 63.2, 200)
('read', 63.2, 63.3, 200)
('read', 63.2, 63.3, 200)
('read', 63.2, 63.3, 200)
('ready', 63.2, 63.3, 200)
('read', 63.3, 63.3, 200)
('read', 63.3, 63.3, 200)
('read', 63.3, 63.3, 200)
('read', 63.3, 63.3, 200)
('read', 63.3, 63.3, 200)
('read', 63.3, 63.3, 200)
('read', 63.3, 63.3, 200)
('read', 63.3, 63.3, 200)
('read', 63.3, 63.3, 200)
('read', 63.3, 63.3, 200)
('read', 63.3, 63.3, 200)
('read', 63.3, 63.3, 200)
('read', 63.3, 63.3, 200)
('read', 63.3, 63.3, 200)
('read', 63.3, 63.3, 200)
('read', 63.3, 63.3, 200)
('read', 63.3, 63.3, 200)
('read', 63.3, 63.3, 200)
('read', 63.3, 63.3, 200)
('read', 63.3, 63.3, 200)
('read', 63.3, 63.3, 200)
('read', 63.3, 63.3, 200)
('read', 63.3, 63.3, 200)
('read', 63.3, 63.3, 200)
('read', 63.3, 63.4, 200)
('read', 63.3, 63.4, 200)
('read', 63.3, 63.4, 200)
('ready', 63.3, 63.4, 200)
('read', 63.4, 63.4, 200)
('read', 63.4, 63.4, 200)
('read', 63.4, 63.4, 200)
('read', 63.4, 63.4, 200)
('read', 63.4, 63.4, 200)
('read', 63.4, 63.4, 200)
('read', 63.4, 63.4, 200)
('read', 63.4, 63.4, 200)
('read', 63.4, 63.4, 200)
('read', 63.4, 63.4, 200)
('read', 63.4, 63.4, 200)
('read', 63.4, 63.4, 200)
('read', 63.4, 63.4, 200)
('read', 63.4, 63.4, 200)
('read', 63.4, 63.4, 200)
('read', 63.4, 63.4, 200)
('read', 63.4, 63.5, 200)
('read', 63.4, 63.5, 200)
('read', 63.4, 63.5, 200)
('ready', 63.4, 63.5, 200)
('read', 63.5, 63.5, 200)
('read', 63.5, 63.5, 200)
('read', 63.5, 63.5, 200)
('read', 63.5, 63.5, 200)
('read', 63.5, 63.5, 200)
('read', 63.5, 63.5, 200)
('read', 63.5, 63.5, 200)
('read', 63.5, 63.5, 200)
('read', 63.5, 63.5, 200)
('read', 63.5, 63.5, 200)
('read', 63.5, 63.5, 200)
('read', 63.5, 63.5, 200)
('read', 63.5, 63.5, 200)
('read', 63.5, 63.5, 200)
('read', 63.5, 63.5, 200)
('read', 63.5, 63.5, 200)
('read', 63.5, 63.5, 200)
('read', 63.5, 63.5, 200)
('read', 63.5, 63.5, 200)
('read', 63.5, 63.5, 200)
('read', 63.5, 63.5, 200)
('ready', 63.5, 63.5, 200)
('read', 63.5, 63.5, 200)
('read', 63.5, 63.5, 200)
('read', 63.5, 63.5, 200)
('read', 63.5, 63.6, 200)
('read', 63.5, 63.6, 200)
('read', 63.5, 63.6, 200)
('ready', 63.5, 63.6, 200)
('read', 63.6, 63.6, 200)
('read', 63.6, 63.6, 200)
('read', 63.6, 63.6, 200)
('read', 63.6, 63.6, 200)
('read', 63.6, 63.6, 200)
('read', 63.6, 63.6, 200)
('read', 63.6, 63.6, 200)
('read', 63.6, 63.6, 200)
('read', 63.6, 63.6, 200)
('read', 63.6, 63.6, 200)
('read', 63.6, 63.6, 200)
('read', 63.6, 63.6, 200)
('read', 63.6, 63.6, 200)
('read', 63.6, 63.6, 200)
('read', 63.6, 63.6, 200)
('read', 63.6, 63.6, 200)
('read', 63.6, 63.6, 200)
('read', 63.6, 63.6, 200)
('read', 63.6, 63.6, 200)
('read', 63.6, 63.6, 200)
('read', 63.6, 63.6, 200)
('read', 63.6, 63.6, 200)
('read', 63.6, 63.6, 200)
('read', 63.6, 63.6, 200)
('read', 63.6, 63.6, 200)
('read', 63.6, 63.6, 200)
('read', 63.6, 63.7, 200)
('read', 63.6, 63.7, 200)
('read', 63.6, 63.7, 200)
('ready', 63.6, 63.7, 200)
('read', 63.7, 63.7, 200)
('read', 63.7, 63.7, 200)
('read', 63.7, 63.7, 200)
('read', 63.7, 63.7, 200)
('read', 63.7, 63.7, 200)
('read', 63.7, 63.7, 200)
('read', 63.7, 63.7, 200)
('read', 63.7, 63.7, 200)
('read', 63.7, 63.7, 200)
('read', 63.7, 63.7, 200)
('read', 63.7, 63.7, 200)
('read', 63.7, 63.7, 200)
('read', 63.7, 63.7, 200)
('read', 63.7, 63.7, 200)
('read', 63.7, 63.7, 200)
('read', 63.7, 63.7, 200)
('read', 63.7, 63.7, 200)
('read', 63.7, 63.7, 200)
('read', 63.7, 63.7, 200)
('ready', 63.7, 63.7, 200)
('read', 63.7, 63.7, 200)
('read', 63.7, 63.7, 200)
('read', 63.7, 63.7, 200)
('read', 63.7, 63.7, 200)
('read', 63.7, 63.8, 200)
('read', 63.7, 63.8, 200)
('read', 63.7, 63.8, 200)
('ready', 63.7, 63.8, 200)
('read', 63.8, 63.8, 200)
('read', 63.8, 63.8, 200)
('read', 63.8, 63.8, 200)
('read', 63.8, 63.8, 200)
('read', 63.8, 63.8, 200)
('read', 63.8, 63.8, 200)
('read', 63.8, 63.8, 200)
('read', 63.8, 63.8, 200)
('read', 63.8, 63.8, 200)
('read', 63.8, 63.8, 200)
('read', 63.8, 63.8, 200)
('read', 63.8, 63.8, 200)
('read', 63.8, 63.8, 200)
('read', 63.8, 63.8, 200)
('read', 63.8, 63.8, 200)
('read', 63.8, 63.8, 200)
('read', 63.8, 63.8, 200)
('read', 63.8, 63.8, 200)
('read', 63.8, 63.8, 200)
('read', 63.8, 63.8, 200)
('read', 63.8, 63.8, 200)
('read', 63.8, 63.8, 200)
('ready', 63.8, 63.8, 200)
('read', 63.8, 63.8, 200)
('read', 63.8, 63.8, 200)
('read', 63.8, 63.9, 200)
('read', 63.8, 63.9, 200)
('read', 63.8, 63.9, 200)
('ready', 63.8, 63.9, 200)
('read', 63.9, 63.9, 200)
('read', 63.9, 63.9, 200)
('read', 63.9, 63.9, 200)
('read', 63.9, 63.9, 200)
('read', 63.9, 63.9, 200)
('read', 63.9, 63.9, 200)
('read', 63.9, 63.9, 200)
('read', 63.9, 63.9, 200)
('read', 63.9, 63.9, 200)
('read', 63.9, 63.9, 200)
('read', 63.9, 63.9, 200)
('read', 63.9, 63.9, 200)
('read', 63.9, 63.9, 200)
('read', 63.9, 63.9, 200)
('read', 63.9, 63.9, 200)
('read', 63.9, 63.9, 200)
('read', 63.9, 63.9, 200)
('read', 63.9, 63.9, 200)
('read', 63.9, 63.9, 200)
('read', 63.9, 63.9, 200)
('read', 63.9, 63.9, 200)
('read', 63.9, 63.9, 200)
('read', 63.9, 63.9, 200)
('read', 63.9, 63.9, 200)
('read', 63.9, 64.0, 200)
('read', 63.9, 64.0, 200)
('read', 63.9, 64.0, 200)
('ready', 63.9, 64.0, 200)
('read', 64.0, 64.0, 200)
('read', 64.0, 64.0, 200)
('read', 64.0, 64.0, 200)
('read', 64.0, 64.0, 200)
('read', 64.0, 64.0, 200)
('read', 64.0, 64.0, 200)
('read', 64.0, 64.0, 200)
('read', 64.0, 64.0, 200)
('read', 64.0, 64.0, 200)
('read', 64.0, 64.0, 200)
('read', 64.0, 64.0, 200)
('read', 64.0, 64.0, 200)
('read', 64.0, 64.0, 200)
('read', 64.0, 64.0, 200)
('read', 64.0, 64.0, 200)
('read', 64.0, 64.0, 200)
('read', 64.0, 64.0, 200)
('read', 64.0, 64.0, 200)
('read', 64.0, 64.0, 200)
('read', 64.0, 64.0, 200)
('read', 64.0, 64.0, 200)
('read', 64.0, 64.0, 200)
('read', 64.0, 64.0, 200)
('read', 64.0, 64.0, 200)
('ready', 64.0, 64.0, 200)
('read', 64.0, 64.1, 200)
('read', 64.0, 64.1, 200)
('read', 64.0, 64.1, 200)
('ready', 64.0, 64.1, 200)
('read', 64.1, 64.1, 200)
('read', 64.1, 64.1, 200)
('read', 64.1, 64.1, 200)
('read', 64.1, 64.1, 200)
('read', 64.1, 64.1, 200)
('read', 64.1, 64.1, 200)
('read', 64.1, 64.1, 200)
('read', 64.1, 64.1, 200)
('read', 64.1, 64.1, 200)
('read', 64.1, 64.1, 200)
('read', 64.1, 64.1, 200)
('read', 64.1, 64.1, 200)
('read', 64.1, 64.1, 200)
('read', 64.1, 64.1, 200)
('read', 64.1, 64.1, 200)
('read', 64.1, 64.1, 200)
('read', 64.1, 64.1, 200)
('read', 64.1, 64.1, 200)
('read', 64.1, 64.1, 200)
('read', 64.1, 64.1, 200)
('read', 64.1, 64.1, 200)
('read', 64.1, 64.1, 200)
('read', 64.1, 64.1, 200)
('read', 64.1, 64.1, 200)
('read', 64.1, 64.2, 200)
('read', 64.1, 64.2, 200)
('read', 64.1, 64.2, 200)
('ready', 64.1, 64.2, 200)
('read', 64.2, 64.2, 200)
('read', 64.2, 64.2, 200)
('read', 64.2, 64.2, 200)
('read', 64.2, 64.2, 200)
('read', 64.2, 64.2, 200)
('read', 64.2, 64.2, 200)
('read', 64.2, 64.2, 200)
('read', 64.2, 64.2, 200)
('read', 64.2, 64.2, 200)
('read', 64.2, 64.2, 200)
('read', 64.2, 64.2, 200)
('read', 64.2, 64.2, 200)
('read', 64.2, 64.2, 200)
('read', 64.2, 64.2, 200)
('read', 64.2, 64.2, 200)
('read', 64.2, 64.2, 200)
('read', 64.2, 64.2, 200)
('read', 64.2, 64.2, 200)
('read', 64.2, 64.2, 200)
('read', 64.2, 64.2, 200)
('read', 64.2, 64.2, 200)
('read', 64.2, 64.2, 200)
('ready', 64.2, 64.2, 200)
('read', 64.2, 64.2, 200)
('read', 64.2, 64.2, 200)
('read', 64.2, 64.3, 200)
('read', 64.2, 64.3, 200)
('read', 64.2, 64.3, 200)
('ready', 64.2, 64.3, 200)
('read', 64.3, 64.3, 200)
('read', 64.3, 64.3, 200)
('read', 64.3, 64.3, 200)
('read', 64.3, 64.3, 200)
('read', 64.3, 64.3, 200)
('read', 64.3, 64.3, 200)
('read', 64.3, 64.3, 200)
('read', 64.3, 64.3, 200)
('read', 64.3, 64.3, 200)
('read', 64.3, 64.3, 200)
('read', 64.3, 64.3, 200)
('read', 64.3, 64.3, 200)
('read', 64.3, 64.3, 200)
('read', 64.3, 64.3, 200)
('read', 64.3, 64.3, 200)
('read', 64.3, 64.3, 200)
('read', 64.3, 64.3, 200)
('read', 64.3, 64.3, 200)
('read', 64.3, 64.3, 200)
('read', 64.3, 64.3, 200)
('read', 64.3, 64.3, 200)
('read', 64.3, 64.3, 200)
('read', 64.3, 64.3, 200)
('read', 64.3, 64.4, 200)
('read', 64.3, 64.4, 200)
('read', 64.3, 64.4, 200)
('ready', 64.3, 64.4, 200)
('read', 64.4, 64.4, 200)
('read', 64.4, 64.4, 200)
('read', 64.4, 64.4, 200)
('read', 64.4, 64.4, 200)
('read', 64.4, 64.4, 200)
('read', 64.4, 64.4, 200)
('read', 64.4, 64.4, 200)
('read', 64.4, 64.4, 200)
('read', 64.4, 64.4, 200)
('read', 64.4, 64.4, 200)
('read', 64.4, 64.4, 200)
('read', 64.4, 64.4, 200)
('read', 64.4, 64.4, 200)
('read', 64.4, 64.4, 200)
('read', 64.4, 64.4, 200)
('read', 64.4, 64.4, 200)
('read', 64.4, 64.4, 200)
('read', 64.4, 64.4, 200)
('read', 64.4, 64.4, 200)
('read', 64.4, 64.4, 200)
('read', 64.4, 64.4, 200)
('read', 64.4, 64.4, 200)
('read', 64.4, 64.4, 200)
('read', 64.4, 64.4, 200)
('read', 64.4, 64.5, 200)
('read', 64.4, 64.5, 200)
('read', 64.4, 64.5, 200)
('ready', 64.4, 64.5, 200)
('read', 64.5, 64.5, 200)
('read', 64.5, 64.5, 200)
('read', 64.5, 64.5, 200)
('read', 64.5, 64.5, 200)
('read', 64.5, 64.5, 200)
('read', 64.5, 64.5, 200)
('read', 64.5, 64.5, 200)
('read', 64.5, 64.5, 200)
('read', 64.5, 64.5, 200)
('read', 64.5, 64.5, 200)
('read', 64.5, 64.5, 200)
('read', 64.5, 64.5, 200)
('read', 64.5, 64.5, 200)
('read', 64.5, 64.5, 200)
('read', 64.5, 64.5, 200)
('read', 64.5, 64.5, 200)
('read', 64.5, 64.5, 200)
('read', 64.5, 64.5, 200)
('ready', 64.5, 64.5, 200)
('read', 64.5, 64.5, 200)
('read', 64.5, 64.5, 200)
('read', 64.5, 64.5, 200)
('read', 64.5, 64.5, 200)
('read', 64.5, 64.5, 200)
('read', 64.5, 64.5, 200)
('read', 64.5, 64.6, 200)
('read', 64.5, 64.6, 200)
('read', 64.5, 64.6, 200)
('ready', 64.5, 64.6, 200)
('read', 64.6, 64.6, 200)
('read', 64.6, 64.6, 200)
('read', 64.6, 64.6, 200)
('read', 64.6, 64.6, 200)
('read', 64.6, 64.6, 200)
('read', 64.6, 64.6, 200)
('read', 64.6, 64.6, 200)
('read', 64.6, 64.6, 200)
('read', 64.6, 64.6, 200)
('read', 64.6, 64.6, 200)
('read', 64.6, 64.6, 200)
('read', 64.6, 64.6, 200)
('read', 64.6, 64.6, 200)
('read', 64.6, 64.6, 200)
('read', 64.6, 64.6, 200)
('read', 64.6, 64.6, 200)
('read', 64.6, 64.6, 200)
('read', 64.6, 64.6, 200)
('read', 64.6, 64.6, 200)
('read', 64.6, 64.6, 200)
('read', 64.6, 64.6, 200)
('read', 64.6, 64.6, 200)
('read', 64.6, 64.6, 200)
('read', 64.6, 64.6, 200)
('read', 64.6, 64.7, 200)
('read', 64.6, 64.7, 200)
('read', 64.6, 64.7, 200)
('ready', 64.6, 64.7, 200)
('read', 64.7, 64.7, 200)
('read', 64.7, 64.7, 200)
('read', 64.7, 64.7, 200)
('read', 64.7, 64.7, 200)
('read', 64.7, 64.7, 200)
('read', 64.7, 64.7, 200)
('read', 64.7, 64.7, 200)
('read', 64.7, 64.7, 200)
('read', 64.7, 64.7, 200)
('read', 64.7, 64.7, 200)
('read', 64.7, 64.7, 200)
('read', 64.7, 64.7, 200)
('read', 64.7, 64.7, 200)
('read', 64.7, 64.7, 200)
('read', 64.7, 64.7, 200)
('read', 64.7, 64.7, 200)
('read', 64.7, 64.7, 200)
('read', 64.7, 64.7, 200)
('read', 64.7, 64.7, 200)
('read', 64.7, 64.7, 200)
('read', 64.7, 64.7, 200)
('ready', 64.7, 64.7, 200)
('read', 64.7, 64.7, 200)
('read', 64.7, 64.7, 200)
('read', 64.7, 64.7, 200)
('read', 64.7, 64.8, 200)
('read', 64.7, 64.8, 200)
('read', 64.7, 64.8, 200)
('ready', 64.7, 64.8, 200)
('read', 64.8, 64.8, 200)
('read', 64.8, 64.8, 200)
('read', 64.8, 64.8, 200)
('read', 64.8, 64.8, 200)
('read', 64.8, 64.8, 200)
('read', 64.8, 64.8, 200)
('read', 64.8, 64.8, 200)
('read', 64.8, 64.8, 200)
('read', 64.8, 64.8, 200)
('read', 64.8, 64.8, 200)
('read', 64.8, 64.8, 200)
('read', 64.8, 64.8, 200)
('read', 64.8, 64.8, 200)
('read', 64.8, 64.8, 200)
('read', 64.8, 64.8, 200)
('read', 64.8, 64.8, 200)
('read', 64.8, 64.8, 200)
('read', 64.8, 64.8, 200)
('read', 64.8, 64.8, 200)
('read', 64.8, 64.8, 200)
('read', 64.8, 64.8, 200)
('read', 64.8, 64.8, 200)
('read', 64.8, 64.8, 200)
('read', 64.8, 64.8, 200)
('read', 64.8, 64.9, 200)
('read', 64.8, 64.9, 200)
('read', 64.8, 64.9, 200)
('ready', 64.8, 64.9, 200)
('read', 64.9, 64.9, 200)
('read', 64.9, 64.9, 200)
('read', 64.9, 64.9, 200)
('read', 64.9, 64.9, 200)
('read', 64.9, 64.9, 200)
('read', 64.9, 64.9, 200)
('read', 64.9, 64.9, 200)
('read', 64.9, 64.9, 200)
('read', 64.9, 64.9, 200)
('read', 64.9, 64.9, 200)
('read', 64.9, 64.9, 200)
('read', 64.9, 64.9, 200)
('read', 64.9, 64.9, 200)
('read', 64.9, 64.9, 200)
('read', 64.9, 64.9, 200)
('read', 64.9, 64.9, 200)
('read', 64.9, 64.9, 200)
('read', 64.9, 64.9, 200)
('read', 64.9, 64.9, 200)
('read', 64.9, 64.9, 200)
('read', 64.9, 64.9, 200)
('read', 64.9, 64.9, 200)
('ready', 64.9, 64.9, 200)
('read', 64.9, 64.9, 200)
('read', 64.9, 65.0, 200)
('read', 64.9, 65.0, 200)
('read', 64.9, 65.0, 200)
('ready', 64.9, 65.0, 200)
('read', 65.0, 65.0, 200)
('read', 65.0, 65.0, 200)
('read', 65.0, 65.0, 200)
('read', 65.0, 65.0, 200)
('read', 65.0, 65.0, 200)
('read', 65.0, 65.0, 200)
('read', 65.0, 65.0, 200)
('read', 65.0, 65.0, 200)
('read', 65.0, 65.0, 200)
('read', 65.0, 65.0, 200)
('read', 65.0, 65.0, 200)
('read', 65.0, 65.0, 200)
('read', 65.0, 65.0, 200)
('read', 65.0, 65.0, 200)
('read', 65.0, 65.0, 200)
('read', 65.0, 65.0, 200)
('read', 65.0, 65.0, 200)
('read', 65.0, 65.0, 200)
('read', 65.0, 65.0, 200)
('read', 65.0, 65.0, 200)
('read', 65.0, 65.0, 200)
('read', 65.0, 65.0, 200)
('read', 65.0, 65.0, 200)
('read', 65.0, 65.0, 200)
('read', 65.0, 65.1, 200)
('read', 65.0, 65.1, 200)
('read', 65.0, 65.1, 200)
('ready', 65.0, 65.1, 200)
('read', 65.1, 65.1, 200)
('read', 65.1, 65.1, 200)
('read', 65.1, 65.1, 200)
('read', 65.1, 65.1, 200)
('read', 65.1, 65.1, 200)
('read', 65.1, 65.1, 200)
('read', 65.1, 65.1, 200)
('read', 65.1, 65.1, 200)
('read', 65.1, 65.1, 200)
('read', 65.1, 65.1, 200)
('read', 65.1, 65.1, 200)
('read', 65.1, 65.1, 200)
('read', 65.1, 65.1, 200)
('read', 65.1, 65.1, 200)
('read', 65.1, 65.1, 200)
('read', 65.1, 65.1, 200)
('read', 65.1, 65.1, 200)
('read', 65.1, 65.1, 200)
('read', 65.1, 65.1, 200)
('read', 65.1, 65.1, 200)
('read', 65.1, 65.1, 200)
('read', 65.1, 65.1, 200)
('read', 65.1, 65.1, 200)
('ready', 65.1, 65.1, 200)
('read', 65.1, 65.1, 200)
('read', 65.1, 65.2, 200)
('read', 65.1, 65.2, 200)
('read', 65.1, 65.2, 200)
('ready', 65.1, 65.2, 200)
('read', 65.2, 65.2, 200)
('read', 65.2, 65.2, 200)
('read', 65.2, 65.2, 200)
('read', 65.2, 65.2, 200)
('read', 65.2, 65.2, 200)
('read', 65.2, 65.2, 200)
('read', 65.2, 65.2, 200)
('read', 65.2, 65.2, 200)
('read', 65.2, 65.2, 200)
('read', 65.2, 65.2, 200)
('read', 65.2, 65.2, 200)
('read', 65.2, 65.2, 200)
('read', 65.2, 65.2, 200)
('read', 65.2, 65.2, 200)
('read', 65.2, 65.2, 200)
('read', 65.2, 65.2, 200)
('read', 65.2, 65.2, 200)
('read', 65.2, 65.2, 200)
('read', 65.2, 65.2, 200)
('read', 65.2, 65.2, 200)
('read', 65.2, 65.2, 200)
('read', 65.2, 65.2, 200)
('read', 65.2, 65.2, 200)
('read', 65.2, 65.2, 200)
('read', 65.2, 65.3, 200)
('read', 65.2, 65.3, 200)
('read', 65.2, 65.3, 200)
('ready', 65.2, 65.3, 200)
('read', 65.3, 65.3, 200)
('read', 65.3, 65.3, 200)
('read', 65.3, 65.3, 200)
('read', 65.3, 65.3, 200)
('read', 65.3, 65.3, 200)
('read', 65.3, 65.3, 200)
('read', 65.3, 65.3, 200)
('read', 65.3, 65.3, 200)
('read', 65.3, 65.3, 200)
('read', 65.3, 65.3, 200)
('read', 65.3, 65.3, 200)
('read', 65.3, 65.3, 200)
('read', 65.3, 65.3, 200)
('read', 65.3, 65.3, 200)
('read', 65.3, 65.3, 200)
('read', 65.3, 65.3, 200)
('read', 65.3, 65.3, 200)
('read', 65.3, 65.3, 200)
('read', 65.3, 65.3, 200)
('read', 65.3, 65.3, 200)
('read', 65.3, 65.3, 200)
('ready', 65.3, 65.3, 200)
('read', 65.3, 65.3, 200)
('read', 65.3, 65.4, 200)
('read', 65.3, 65.4, 200)
('read', 65.3, 65.4, 200)
('ready', 65.3, 65.4, 200)
('read', 65.4, 65.4, 200)
('read', 65.4, 65.4, 200)
('read', 65.4, 65.4, 200)
('read', 65.4, 65.4, 200)
('read', 65.4, 65.4, 200)
('read', 65.4, 65.4, 200)
('read', 65.4, 65.4, 200)
('read', 65.4, 65.4, 200)
('read', 65.4, 65.4, 200)
('read', 65.4, 65.4, 200)
('read', 65.4, 65.4, 200)
('read', 65.4, 65.4, 200)
('read', 65.4, 65.4, 200)
('read', 65.4, 65.4, 200)
('read', 65.4, 65.4, 200)
('read', 65.4, 65.4, 200)
('read', 65.4, 65.4, 200)
('read', 65.4, 65.4, 200)
('read', 65.4, 65.4, 200)
('read', 65.4, 65.4, 200)
('read', 65.4, 65.4, 200)
('read', 65.4, 65.4, 200)
('read', 65.4, 65.4, 200)
('read', 65.4, 65.4, 200)
('read', 65.4, 65.5, 200)
('read', 65.4, 65.5, 200)
('read', 65.4, 65.5, 200)
('ready', 65.4, 65.5, 200)
('read', 65.5, 65.5, 200)
('read', 65.5, 65.5, 200)
('read', 65.5, 65.5, 200)
('read', 65.5, 65.5, 200)
('read', 65.5, 65.5, 200)
('read', 65.5, 65.5, 200)
('read', 65.5, 65.5, 200)
('read', 65.5, 65.5, 200)
('read', 65.5, 65.5, 200)
('read', 65.5, 65.5, 200)
('read', 65.5, 65.5, 200)
('read', 65.5, 65.5, 200)
('read', 65.5, 65.5, 200)
('read', 65.5, 65.5, 200)
('read', 65.5, 65.5, 200)
('read', 65.5, 65.5, 200)
('read', 65.5, 65.5, 200)
('read', 65.5, 65.5, 200)
('read', 65.5, 65.5, 200)
('read', 65.5, 65.5, 200)
('read', 65.5, 65.5, 200)
('read', 65.5, 65.5, 200)
('read', 65.5, 65.5, 200)
('read', 65.5, 65.5, 200)
('read', 65.5, 65.5, 200)
('read', 65.5, 65.5, 200)
('read', 65.5, 65.6, 200)
('read', 65.5, 65.6, 200)
('read', 65.5, 65.6, 200)
('ready', 65.5, 65.6, 200)
('read', 65.6, 65.6, 200)
('read', 65.6, 65.6, 200)
('read', 65.6, 65.6, 200)
('read', 65.6, 65.6, 200)
('read', 65.6, 65.6, 200)
('read', 65.6, 65.6, 200)
('read', 65.6, 65.6, 200)
('read', 65.6, 65.6, 200)
('read', 65.6, 65.6, 200)
('read', 65.6, 65.6, 200)
('read', 65.6, 65.6, 200)
('read', 65.6, 65.6, 200)
('read', 65.6, 65.6, 200)
('read', 65.6, 65.6, 200)
('read', 65.6, 65.6, 200)
('read', 65.6, 65.6, 200)
('read', 65.6, 65.6, 200)
('read', 65.6, 65.6, 200)
('read', 65.6, 65.7, 200)
('read', 65.6, 65.7, 200)
('read', 65.6, 65.7, 200)
('ready', 65.6, 65.7, 200)
('read', 65.7, 65.7, 200)
('read', 65.7, 65.7, 200)
('read', 65.7, 65.7, 200)
('read', 65.7, 65.7, 200)
('read', 65.7, 65.7, 200)
('read', 65.7, 65.7, 200)
('read', 65.7, 65.7, 200)
('read', 65.7, 65.7, 200)
('read', 65.7, 65.7, 200)
('read', 65.7, 65.7, 200)
('read', 65.7, 65.7, 200)
('read', 65.7, 65.7, 200)
('read', 65.7, 65.7, 200)
('read', 65.7, 65.7, 200)
('read', 65.7, 65.7, 200)
('read', 65.7, 65.7, 200)
('read', 65.7, 65.7, 200)
('read', 65.7, 65.7, 200)
('read', 65.7, 65.7, 200)
('read', 65.7, 65.7, 200)
('read', 65.7, 65.7, 200)
('read', 65.7, 65.7, 200)
('read', 65.7, 65.7, 200)
('read', 65.7, 65.7, 200)
('read', 65.7, 65.7, 200)
('read', 65.7, 65.7, 200)
('read', 65.7, 65.7, 200)
('read', 65.7, 65.8, 200)
('read', 65.7, 65.8, 200)
('ready', 65.7, 65.8, 200)
('read', 65.7, 65.8, 200)
('read', 65.8, 65.8, 200)
('read', 65.8, 65.8, 200)
('read', 65.8, 65.8, 200)
('read', 65.8, 65.8, 200)
('read', 65.8, 65.8, 200)
('read', 65.8, 65.8, 200)
('read', 65.8, 65.8, 200)
('read', 65.8, 65.8, 200)
('read', 65.8, 65.8, 200)
('read', 65.8, 65.8, 200)
('read', 65.8, 65.8, 200)
('read', 65.8, 65.8, 200)
('read', 65.8, 65.8, 200)
('read', 65.8, 65.8, 200)
('read', 65.8, 65.8, 200)
('read', 65.8, 65.8, 200)
('read', 65.8, 65.8, 200)
('read', 65.8, 65.8, 200)
('read', 65.8, 65.8, 200)
('read', 65.8, 65.8, 200)
('read', 65.8, 65.8, 200)
('read', 65.8, 65.8, 200)
('ready', 65.8, 65.8, 200)
('read', 65.8, 65.8, 200)
('read', 65.8, 65.8, 200)
('read', 65.8, 65.8, 200)
('read', 65.8, 65.8, 200)
('read', 65.8, 65.8, 200)
('read', 65.8, 65.9, 200)
('read', 65.8, 65.9, 200)
('read', 65.8, 65.9, 200)
('ready', 65.8, 65.9, 200)
('read', 65.9, 65.9, 200)
('read', 65.9, 65.9, 200)
('read', 65.9, 65.9, 200)
('read', 65.9, 65.9, 200)
('read', 65.9, 65.9, 200)
('read', 65.9, 65.9, 200)
('read', 65.9, 65.9, 200)
('read', 65.9, 65.9, 200)
('read', 65.9, 65.9, 200)
('read', 65.9, 65.9, 200)
('read', 65.9, 65.9, 200)
('read', 65.9, 65.9, 200)
('read', 65.9, 65.9, 200)
('read', 65.9, 65.9, 200)
('read', 65.9, 65.9, 200)
('read', 65.9, 65.9, 200)
('read', 65.9, 65.9, 200)
('read', 65.9, 65.9, 200)
('read', 65.9, 65.9, 200)
('read', 65.9, 65.9, 200)
('read', 65.9, 65.9, 200)
('read', 65.9, 65.9, 200)
('read', 65.9, 65.9, 200)
('read', 65.9, 65.9, 200)
('read', 65.9, 65.9, 200)
('read', 65.9, 65.9, 200)
('read', 65.9, 65.9, 200)
('read', 65.9, 66.0, 200)
('read', 65.9, 66.0, 200)
('read', 65.9, 66.0, 200)
('ready', 65.9, 66.0, 200)
('read', 66.0, 66.0, 200)
('read', 66.0, 66.0, 200)
('read', 66.0, 66.0, 200)
('read', 66.0, 66.0, 200)
('read', 66.0, 66.0, 200)
('read', 66.0, 66.0, 200)
('read', 66.0, 66.0, 200)
('read', 66.0, 66.0, 200)
('read', 66.0, 66.0, 200)
('read', 66.0, 66.0, 200)
('read', 66.0, 66.0, 200)
('read', 66.0, 66.0, 200)
('read', 66.0, 66.0, 200)
('read', 66.0, 66.0, 200)
('read', 66.0, 66.0, 200)
('read', 66.0, 66.0, 200)
('read', 66.0, 66.0, 200)
('read', 66.0, 66.0, 200)
('read', 66.0, 66.0, 200)
('read', 66.0, 66.0, 200)
('read', 66.0, 66.0, 200)
('read', 66.0, 66.0, 200)
('read', 66.0, 66.0, 200)
('read', 66.0, 66.0, 200)
('read', 66.0, 66.0, 200)
('read', 66.0, 66.0, 200)
('read', 66.0, 66.0, 200)
('read', 66.0, 66.0, 200)
('read', 66.0, 66.1, 200)
('read', 66.0, 66.1, 200)
('read', 66.0, 66.1, 200)
('ready', 66.0, 66.1, 200)
('read', 66.1, 66.1, 200)
('read', 66.1, 66.1, 200)
('read', 66.1, 66.1, 200)
('read', 66.1, 66.1, 200)
('read', 66.1, 66.1, 200)
('read', 66.1, 66.1, 200)
('read', 66.1, 66.1, 200)
('read', 66.1, 66.1, 200)
('read', 66.1, 66.1, 200)
('read', 66.1, 66.1, 200)
('read', 66.1, 66.1, 200)
('read', 66.1, 66.1, 200)
('read', 66.1, 66.1, 200)
('read', 66.1, 66.1, 200)
('read', 66.1, 66.1, 200)
('read', 66.1, 66.1, 200)
('read', 66.1, 66.1, 200)
('read', 66.1, 66.1, 200)
('read', 66.1, 66.1, 200)
('read', 66.1, 66.1, 200)
('read', 66.1, 66.1, 200)
('read', 66.1, 66.1, 200)
('read', 66.1, 66.1, 200)
('read', 66.1, 66.1, 200)
('read', 66.1, 66.1, 200)
('read', 66.1, 66.1, 200)
('read', 66.1, 66.1, 200)
('read', 66.1, 66.1, 200)
('ready', 66.1, 66.1, 200)
('read', 66.1, 66.1, 200)
('read', 66.1, 66.1, 200)
('read', 66.1, 66.1, 200)
('read', 66.1, 66.2, 200)
('read', 66.1, 66.2, 200)
('read', 66.1, 66.2, 200)
('ready', 66.1, 66.2, 200)
('read', 66.2, 66.2, 200)
('read', 66.2, 66.2, 200)
('read', 66.2, 66.2, 200)
('read', 66.2, 66.2, 200)
('read', 66.2, 66.2, 200)
('read', 66.2, 66.2, 200)
('read', 66.2, 66.2, 200)
('read', 66.2, 66.2, 200)
('read', 66.2, 66.2, 200)
('read', 66.2, 66.2, 200)
('read', 66.2, 66.2, 200)
('read', 66.2, 66.2, 200)
('read', 66.2, 66.2, 200)
('read', 66.2, 66.2, 200)
('read', 66.2, 66.2, 200)
('read', 66.2, 66.2, 200)
('read', 66.2, 66.2, 200)
('read', 66.2, 66.2, 200)
('read', 66.2, 66.2, 200)
('read', 66.2, 66.2, 200)
('read', 66.2, 66.2, 200)
('read', 66.2, 66.2, 200)
('read', 66.2, 66.2, 200)
('read', 66.2, 66.2, 200)
('read', 66.2, 66.2, 200)
('read', 66.2, 66.2, 200)
('read', 66.2, 66.2, 200)
('read', 66.2, 66.2, 200)
('read', 66.2, 66.2, 200)
('read', 66.2, 66.2, 200)
('read', 66.2, 66.2, 200)
('read', 66.2, 66.2, 200)
('read', 66.2, 66.3, 200)
('read', 66.2, 66.3, 200)
('read', 66.2, 66.3, 200)
('ready', 66.2, 66.3, 200)
('read', 66.3, 66.3, 200)
('read', 66.3, 66.3, 200)
('read', 66.3, 66.3, 200)
('read', 66.3, 66.3, 200)
('read', 66.3, 66.3, 200)
('read', 66.3, 66.3, 200)
('read', 66.3, 66.3, 200)
('read', 66.3, 66.3, 200)
('read', 66.3, 66.3, 200)
('read', 66.3, 66.3, 200)
('read', 66.3, 66.3, 200)
('read', 66.3, 66.3, 200)
('read', 66.3, 66.3, 200)
('read', 66.3, 66.3, 200)
('read', 66.3, 66.3, 200)
('read', 66.3, 66.3, 200)
('read', 66.3, 66.3, 200)
('read', 66.3, 66.3, 200)
('read', 66.3, 66.3, 200)
('read', 66.3, 66.3, 200)
('ready', 66.3, 66.3, 200)
('read', 66.3, 66.3, 200)
('read', 66.3, 66.3, 200)
('read', 66.3, 66.3, 200)
('read', 66.3, 66.3, 200)
('read', 66.3, 66.3, 200)
('read', 66.3, 66.3, 200)
('read', 66.3, 66.4, 200)
('read', 66.3, 66.4, 200)
('read', 66.3, 66.4, 200)
('ready', 66.3, 66.4, 200)
('read', 66.4, 66.4, 200)
('read', 66.4, 66.4, 200)
('read', 66.4, 66.4, 200)
('read', 66.4, 66.4, 200)
('read', 66.4, 66.4, 200)
('read', 66.4, 66.4, 200)
('read', 66.4, 66.4, 200)
('read', 66.4, 66.4, 200)
('read', 66.4, 66.4, 200)
('read', 66.4, 66.4, 200)
('read', 66.4, 66.4, 200)
('read', 66.4, 66.4, 200)
('read', 66.4, 66.4, 200)
('read', 66.4, 66.4, 200)
('read', 66.4, 66.4, 200)
('read', 66.4, 66.4, 200)
('read', 66.4, 66.4, 200)
('read', 66.4, 66.4, 200)
('read', 66.4, 66.4, 200)
('read', 66.4, 66.4, 200)
('read', 66.4, 66.4, 200)
('read', 66.4, 66.4, 200)
('read', 66.4, 66.4, 200)
('read', 66.4, 66.4, 200)
('read', 66.4, 66.5, 200)
('read', 66.4, 66.5, 200)
('read', 66.4, 66.5, 200)
('ready', 66.4, 66.5, 200)
('read', 66.5, 66.5, 200)
('read', 66.5, 66.5, 200)
('read', 66.5, 66.5, 200)
('read', 66.5, 66.5, 200)
('read', 66.5, 66.5, 200)
('read', 66.5, 66.5, 200)
('read', 66.5, 66.5, 200)
('read', 66.5, 66.5, 200)
('read', 66.5, 66.5, 200)
('read', 66.5, 66.5, 200)
('read', 66.5, 66.5, 200)
('read', 66.5, 66.5, 200)
('read', 66.5, 66.5, 200)
('read', 66.5, 66.5, 200)
('read', 66.5, 66.5, 200)
('read', 66.5, 66.5, 200)
('read', 66.5, 66.5, 200)
('read', 66.5, 66.5, 200)
('read', 66.5, 66.5, 200)
('read', 66.5, 66.5, 200)
('read', 66.5, 66.5, 200)
('read', 66.5, 66.5, 200)
('read', 66.5, 66.5, 200)
('ready', 66.5, 66.5, 200)
('read', 66.5, 66.5, 200)
('read', 66.5, 66.5, 200)
('read', 66.5, 66.5, 200)
('read', 66.5, 66.6, 200)
('read', 66.5, 66.6, 200)
('read', 66.5, 66.6, 200)
('ready', 66.5, 66.6, 200)
('read', 66.6, 66.6, 200)
('read', 66.6, 66.6, 200)
('read', 66.6, 66.6, 200)
('read', 66.6, 66.6, 200)
('read', 66.6, 66.6, 200)
('read', 66.6, 66.6, 200)
('read', 66.6, 66.6, 200)
('read', 66.6, 66.6, 200)
('read', 66.6, 66.6, 200)
('read', 66.6, 66.6, 200)
('read', 66.6, 66.6, 200)
('read', 66.6, 66.6, 200)
('read', 66.6, 66.6, 200)
('read', 66.6, 66.6, 200)
('read', 66.6, 66.6, 200)
('read', 66.6, 66.6, 200)
('read', 66.6, 66.6, 200)
('read', 66.6, 66.6, 200)
('read', 66.6, 66.6, 200)
('read', 66.6, 66.6, 200)
('read', 66.6, 66.6, 200)
('read', 66.6, 66.6, 200)
('read', 66.6, 66.6, 200)
('read', 66.6, 66.6, 200)
('read', 66.6, 66.6, 200)
('read', 66.6, 66.7, 200)
('read', 66.6, 66.7, 200)
('read', 66.6, 66.7, 200)
('ready', 66.6, 66.7, 200)
('read', 66.7, 66.7, 200)
('read', 66.7, 66.7, 200)
('read', 66.7, 66.7, 200)
('read', 66.7, 66.7, 200)
('read', 66.7, 66.7, 200)
('read', 66.7, 66.7, 200)
('read', 66.7, 66.7, 200)
('read', 66.7, 66.7, 200)
('read', 66.7, 66.7, 200)
('read', 66.7, 66.7, 200)
('read', 66.7, 66.7, 200)
('read', 66.7, 66.7, 200)
('read', 66.7, 66.7, 200)
('read', 66.7, 66.7, 200)
('read', 66.7, 66.7, 200)
('read', 66.7, 66.7, 200)
('read', 66.7, 66.7, 200)
('read', 66.7, 66.7, 200)
('read', 66.7, 66.7, 200)
('ready', 66.7, 66.7, 200)
('read', 66.7, 66.7, 200)
('read', 66.7, 66.7, 200)
('read', 66.7, 66.7, 200)
('read', 66.7, 66.7, 200)
('read', 66.7, 66.7, 200)
('read', 66.7, 66.8, 200)
('read', 66.7, 66.8, 200)
('read', 66.7, 66.8, 200)
('ready', 66.7, 66.8, 200)
('read', 66.8, 66.8, 200)
('read', 66.8, 66.8, 200)
('read', 66.8, 66.8, 200)
('read', 66.8, 66.8, 200)
('read', 66.8, 66.8, 200)
('read', 66.8, 66.8, 200)
('read', 66.8, 66.8, 200)
('read', 66.8, 66.8, 200)
('read', 66.8, 66.8, 200)
('read', 66.8, 66.8, 200)
('read', 66.8, 66.8, 200)
('read', 66.8, 66.8, 200)
('read', 66.8, 66.8, 200)
('read', 66.8, 66.8, 200)
('read', 66.8, 66.8, 200)
('read', 66.8, 66.8, 200)
('read', 66.8, 66.8, 200)
('read', 66.8, 66.8, 200)
('read', 66.8, 66.8, 200)
('read', 66.8, 66.8, 200)
('read', 66.8, 66.8, 200)
('read', 66.8, 66.8, 200)
('read', 66.8, 66.8, 200)
('read', 66.8, 66.8, 200)
('read', 66.8, 66.8, 200)
('read', 66.8, 66.9, 200)
('read', 66.8, 66.9, 200)
('read', 66.8, 66.9, 200)
('ready', 66.8, 66.9, 200)
('read', 66.9, 66.9, 200)
('read', 66.9, 66.9, 200)
('read', 66.9, 66.9, 200)
('read', 66.9, 66.9, 200)
('read', 66.9, 66.9, 200)
('read', 66.9, 66.9, 200)
('read', 66.9, 66.9, 200)
('read', 66.9, 66.9, 200)
('read', 66.9, 66.9, 200)
('read', 66.9, 66.9, 200)
('read', 66.9, 66.9, 200)
('read', 66.9, 66.9, 200)
('read', 66.9, 66.9, 200)
('read', 66.9, 66.9, 200)
('read', 66.9, 66.9, 200)
('read', 66.9, 66.9, 200)
('read', 66.9, 66.9, 200)
('read', 66.9, 66.9, 200)
('read', 66.9, 66.9, 200)
('ready', 66.9, 66.9, 200)
('read', 66.9, 66.9, 200)
('read', 66.9, 66.9, 200)
('read', 66.9, 66.9, 200)
('read', 66.9, 66.9, 200)
('read', 66.9, 66.9, 200)
('read', 66.9, 66.9, 200)
('read', 66.9, 67.0, 200)
('read', 66.9, 67.0, 200)
('read', 66.9, 67.0, 200)
('ready', 66.9, 67.0, 200)
('read', 67.0, 67.0, 200)
('read', 67.0, 67.0, 200)
('read', 67.0, 67.0, 200)
('read', 67.0, 67.0, 200)
('read', 67.0, 67.0, 200)
('read', 67.0, 67.0, 200)
('read', 67.0, 67.0, 200)
('read', 67.0, 67.0, 200)
('read', 67.0, 67.0, 200)
('read', 67.0, 67.0, 200)
('read', 67.0, 67.0, 200)
('read', 67.0, 67.0, 200)
('read', 67.0, 67.0, 200)
('read', 67.0, 67.0, 200)
('read', 67.0, 67.0, 200)
('read', 67.0, 67.0, 200)
('read', 67.0, 67.0, 200)
('read', 67.0, 67.0, 200)
('read', 67.0, 67.0, 200)
('read', 67.0, 67.0, 200)
('read', 67.0, 67.0, 200)
('read', 67.0, 67.0, 200)
('read', 67.0, 67.0, 200)
('read', 67.0, 67.0, 200)
('read', 67.0, 67.1, 200)
('read', 67.0, 67.1, 200)
('read', 67.0, 67.1, 200)
('ready', 67.0, 67.1, 200)
('read', 67.1, 67.1, 200)
('read', 67.1, 67.1, 200)
('read', 67.1, 67.1, 200)
('read', 67.1, 67.1, 200)
('read', 67.1, 67.1, 200)
('read', 67.1, 67.1, 200)
('read', 67.1, 67.1, 200)
('read', 67.1, 67.1, 200)
('read', 67.1, 67.1, 200)
('read', 67.1, 67.1, 200)
('read', 67.1, 67.1, 200)
('read', 67.1, 67.1, 200)
('read', 67.1, 67.1, 200)
('read', 67.1, 67.1, 200)
('read', 67.1, 67.1, 200)
('read', 67.1, 67.1, 200)
('read', 67.1, 67.1, 200)
('read', 67.1, 67.1, 200)
('read', 67.1, 67.1, 200)
('read', 67.1, 67.1, 200)
('ready', 67.1, 67.1, 200)
('read', 67.1, 67.1, 200)
('read', 67.1, 67.1, 200)
('read', 67.1, 67.1, 200)
('read', 67.1, 67.1, 200)
('read', 67.1, 67.2, 200)
('read', 67.1, 67.2, 200)
('read', 67.1, 67.2, 200)
('ready', 67.1, 67.2, 200)
('read', 67.2, 67.2, 200)
('read', 67.2, 67.2, 200)
('read', 67.2, 67.2, 200)
('read', 67.2, 67.2, 200)
('read', 67.2, 67.2, 200)
('read', 67.2, 67.2, 200)
('read', 67.2, 67.2, 200)
('read', 67.2, 67.2, 200)
('read', 67.2, 67.2, 200)
('read', 67.2, 67.2, 200)
('read', 67.2, 67.2, 200)
('read', 67.2, 67.2, 200)
('read', 67.2, 67.2, 200)
('read', 67.2, 67.2, 200)
('read', 67.2, 67.2, 200)
('read', 67.2, 67.2, 200)
('read', 67.2, 67.2, 200)
('read', 67.2, 67.2, 200)
('read', 67.2, 67.2, 200)
('read', 67.2, 67.2, 200)
('read', 67.2, 67.2, 200)
('read', 67.2, 67.2, 200)
('read', 67.2, 67.2, 200)
('read', 67.2, 67.2, 200)
('read', 67.2, 67.2, 200)
('read', 67.2, 67.3, 200)
('ready', 67.2, 67.3, 200)
('read', 67.2, 67.3, 200)
('read', 67.2, 67.3, 200)
('read', 67.3, 67.3, 200)
('read', 67.3, 67.3, 200)
('read', 67.3, 67.3, 200)
('read', 67.3, 67.3, 200)
('read', 67.3, 67.3, 200)
('read', 67.3, 67.3, 200)
('read', 67.3, 67.3, 200)
('read', 67.3, 67.3, 200)
('read', 67.3, 67.3, 200)
('read', 67.3, 67.3, 200)
('read', 67.3, 67.3, 200)
('read', 67.3, 67.3, 200)
('read', 67.3, 67.3, 200)
('read', 67.3, 67.3, 200)
('read', 67.3, 67.3, 200)
('read', 67.3, 67.3, 200)
('read', 67.3, 67.3, 200)
('read', 67.3, 67.3, 200)
('ready', 67.3, 67.3, 200)
('read', 67.3, 67.3, 200)
('read', 67.3, 67.3, 200)
('read', 67.3, 67.3, 200)
('read', 67.3, 67.3, 200)
('read', 67.3, 67.3, 200)
('read', 67.3, 67.3, 200)
('read', 67.3, 67.4, 200)
('read', 67.3, 67.4, 200)
('read', 67.3, 67.4, 200)
('ready', 67.3, 67.4, 200)
('read', 67.4, 67.4, 200)
('read', 67.4, 67.4, 200)
('read', 67.4, 67.4, 200)
('read', 67.4, 67.4, 200)
('read', 67.4, 67.4, 200)
('read', 67.4, 67.4, 200)
('read', 67.4, 67.4, 200)
('read', 67.4, 67.4, 200)
('read', 67.4, 67.4, 200)
('read', 67.4, 67.4, 200)
('read', 67.4, 67.4, 200)
('read', 67.4, 67.4, 200)
('read', 67.4, 67.4, 200)
('read', 67.4, 67.4, 200)
('read', 67.4, 67.4, 200)
('read', 67.4, 67.4, 200)
('read', 67.4, 67.4, 200)
('read', 67.4, 67.4, 200)
('read', 67.4, 67.4, 200)
('read', 67.4, 67.4, 200)
('read', 67.4, 67.4, 200)
('read', 67.4, 67.4, 200)
('read', 67.4, 67.4, 200)
('read', 67.4, 67.4, 200)
('read', 67.4, 67.4, 200)
('read', 67.4, 67.5, 200)
('read', 67.4, 67.5, 200)
('read', 67.4, 67.5, 200)
('ready', 67.4, 67.5, 200)
('read', 67.5, 67.5, 200)
('read', 67.5, 67.5, 200)
('read', 67.5, 67.5, 200)
('read', 67.5, 67.5, 200)
('read', 67.5, 67.5, 200)
('read', 67.5, 67.5, 200)
('read', 67.5, 67.5, 200)
('read', 67.5, 67.5, 200)
('read', 67.5, 67.5, 200)
('read', 67.5, 67.5, 200)
('read', 67.5, 67.5, 200)
('read', 67.5, 67.5, 200)
('read', 67.5, 67.5, 200)
('read', 67.5, 67.5, 200)
('read', 67.5, 67.5, 200)
('read', 67.5, 67.5, 200)
('ready', 67.5, 67.5, 200)
('read', 67.5, 67.5, 200)
('read', 67.5, 67.5, 200)
('read', 67.5, 67.5, 200)
('read', 67.5, 67.5, 200)
('read', 67.5, 67.5, 200)
('read', 67.5, 67.5, 200)
('read', 67.5, 67.5, 200)
('read', 67.5, 67.5, 200)
('read', 67.5, 67.6, 200)
('read', 67.5, 67.6, 200)
('read', 67.5, 67.6, 200)
('ready', 67.5, 67.6, 200)
('read', 67.6, 67.6, 200)
('read', 67.6, 67.6, 200)
('read', 67.6, 67.6, 200)
('read', 67.6, 67.6, 200)
('read', 67.6, 67.6, 200)
('read', 67.6, 67.6, 200)
('read', 67.6, 67.6, 200)
('read', 67.6, 67.6, 200)
('read', 67.6, 67.6, 200)
('read', 67.6, 67.6, 200)
('read', 67.6, 67.6, 200)
('read', 67.6, 67.6, 200)
('read', 67.6, 67.6, 200)
('read', 67.6, 67.6, 200)
('read', 67.6, 67.6, 200)
('read', 67.6, 67.6, 200)
('read', 67.6, 67.6, 200)
('read', 67.6, 67.6, 200)
('read', 67.6, 67.6, 200)
('read', 67.6, 67.6, 200)
('read', 67.6, 67.6, 200)
('read', 67.6, 67.6, 200)
('read', 67.6, 67.7, 200)
('read', 67.6, 67.7, 200)
('read', 67.6, 67.7, 200)
('ready', 67.6, 67.7, 200)
('read', 67.7, 67.7, 200)
('read', 67.7, 67.7, 200)
('read', 67.7, 67.7, 200)
('read', 67.7, 67.7, 200)
('read', 67.7, 67.7, 200)
('read', 67.7, 67.7, 200)
('read', 67.7, 67.7, 200)
('read', 67.7, 67.7, 200)
('read', 67.7, 67.7, 200)
('read', 67.7, 67.7, 200)
('read', 67.7, 67.7, 200)
('read', 67.7, 67.7, 200)
('read', 67.7, 67.7, 200)
('read', 67.7, 67.7, 200)
('read', 67.7, 67.7, 200)
('read', 67.7, 67.7, 200)
('read', 67.7, 67.7, 200)
('read', 67.7, 67.7, 200)
('ready', 67.7, 67.7, 200)
('read', 67.7, 67.7, 200)
('read', 67.7, 67.7, 200)
('read', 67.7, 67.8, 200)
('read', 67.7, 67.8, 200)
('read', 67.7, 67.8, 200)
('ready', 67.7, 67.8, 200)
('read', 67.8, 67.8, 200)
('read', 67.8, 67.8, 200)
('read', 67.8, 67.8, 200)
('read', 67.8, 67.8, 200)
('read', 67.8, 67.8, 200)
('read', 67.8, 67.8, 200)
('read', 67.8, 67.8, 200)
('read', 67.8, 67.8, 200)
('read', 67.8, 67.8, 200)
('read', 67.8, 67.8, 200)
('read', 67.8, 67.8, 200)
('read', 67.8, 67.8, 200)
('read', 67.8, 67.8, 200)
('read', 67.8, 67.8, 200)
('read', 67.8, 67.8, 200)
('read', 67.8, 67.8, 200)
('read', 67.8, 67.8, 200)
('read', 67.8, 67.8, 200)
('read', 67.8, 67.8, 200)
('read', 67.8, 67.8, 200)
('read', 67.8, 67.9, 200)
('read', 67.8, 67.9, 200)
('read', 67.8, 67.9, 200)
('ready', 67.8, 67.9, 200)
('read', 67.9, 67.9, 200)
('read', 67.9, 67.9, 200)
('read', 67.9, 67.9, 200)
('read', 67.9, 67.9, 200)
('read', 67.9, 67.9, 200)
('read', 67.9, 67.9, 200)
('read', 67.9, 67.9, 200)
('read', 67.9, 67.9, 200)
('read', 67.9, 67.9, 200)
('read', 67.9, 67.9, 200)
('read', 67.9, 67.9, 200)
('read', 67.9, 67.9, 200)
('read', 67.9, 67.9, 200)
('read', 67.9, 67.9, 200)
('read', 67.9, 67.9, 200)
('read', 67.9, 67.9, 200)
('read', 67.9, 67.9, 200)
('read', 67.9, 67.9, 200)
('read', 67.9, 67.9, 200)
('read', 67.9, 67.9, 200)
('read', 67.9, 67.9, 200)
('read', 67.9, 67.9, 200)
('ready', 67.9, 67.9, 200)
('read', 67.9, 68.0, 200)
('read', 67.9, 68.0, 200)
('read', 67.9, 68.0, 200)
('ready', 67.9, 68.0, 200)
('read', 68.0, 68.0, 200)
('read', 68.0, 68.0, 200)
('read', 68.0, 68.0, 200)
('read', 68.0, 68.0, 200)
('read', 68.0, 68.0, 200)
('read', 68.0, 68.0, 200)
('read', 68.0, 68.0, 200)
('read', 68.0, 68.0, 200)
('read', 68.0, 68.0, 200)
('read', 68.0, 68.0, 200)
('read', 68.0, 68.0, 200)
('read', 68.0, 68.0, 200)
('read', 68.0, 68.0, 200)
('read', 68.0, 68.0, 200)
('read', 68.0, 68.0, 200)
('read', 68.0, 68.0, 200)
('read', 68.0, 68.0, 200)
('read', 68.0, 68.0, 200)
('read', 68.0, 68.0, 200)
('read', 68.0, 68.0, 200)
('read', 68.0, 68.0, 200)
('read', 68.0, 68.0, 200)
('read', 68.0, 68.0, 200)
('read', 68.0, 68.0, 200)
('read', 68.0, 68.1, 200)
('read', 68.0, 68.1, 200)
('read', 68.0, 68.1, 200)
('ready', 68.0, 68.1, 200)
('read', 68.1, 68.1, 200)
('read', 68.1, 68.1, 200)
('read', 68.1, 68.1, 200)
('read', 68.1, 68.1, 200)
('read', 68.1, 68.1, 200)
('read', 68.1, 68.1, 200)
('read', 68.1, 68.1, 200)
('read', 68.1, 68.1, 200)
('read', 68.1, 68.1, 200)
('read', 68.1, 68.1, 200)
('read', 68.1, 68.1, 200)
('read', 68.1, 68.1, 200)
('read', 68.1, 68.1, 200)
('read', 68.1, 68.1, 200)
('read', 68.1, 68.1, 200)
('read', 68.1, 68.1, 200)
('read', 68.1, 68.1, 200)
('read', 68.1, 68.1, 200)
('read', 68.1, 68.1, 200)
('read', 68.1, 68.1, 200)
('read', 68.1, 68.1, 200)
('read', 68.1, 68.1, 200)
('read', 68.1, 68.1, 200)
('read', 68.1, 68.2, 200)
('read', 68.1, 68.2, 200)
('read', 68.1, 68.2, 200)
('ready', 68.1, 68.2, 200)
('read', 68.2, 68.2, 200)
('read', 68.2, 68.2, 200)
('read', 68.2, 68.2, 200)
('read', 68.2, 68.2, 200)
('read', 68.2, 68.2, 200)
('read', 68.2, 68.2, 200)
('read', 68.2, 68.2, 200)
('read', 68.2, 68.2, 200)
('read', 68.2, 68.2, 200)
('read', 68.2, 68.2, 200)
('read', 68.2, 68.2, 200)
('read', 68.2, 68.2, 200)
('ready', 68.2, 68.2, 200)
